RootFolder,File,RelativePath,DateTime,DeleteFlag,station,camera,empty,setup,onLog,species,crossing,behavior,
River Logs,PICT0061.ASF,Organized_data_Nov_2020\PLOG7\A\nothing, 2010-01-01 02:00:18,true,PLOG7,A,TRUE,FALSE,FALSE,nothing,false,,
River Logs,PICT0065.ASF,Organized_data_Nov_2020\PLOG7\A\nothing, 2010-01-01 02:08:12,true,PLOG7,A,TRUE,FALSE,FALSE,nothing,false,,
River Logs,PICT0066.ASF,Organized_data_Nov_2020\PLOG7\A\nothing, 2010-01-01 02:10:36,true,PLOG7,A,TRUE,FALSE,FALSE,nothing,false,,
River Logs,PICT0067.ASF,Organized_data_Nov_2020\PLOG7\A\nothing, 2010-01-01 02:11:20,true,PLOG7,A,TRUE,FALSE,FALSE,nothing,false,,
River Logs,PICT0068.ASF,Organized_data_Nov_2020\PLOG7\A\nothing, 2010-01-01 02:12:04,true,PLOG7,A,TRUE,FALSE,FALSE,nothing,false,,
River Logs,PICT0069.ASF,Organized_data_Nov_2020\PLOG7\A\corrupted, 2010-01-01 02:12:32,true,PLOG7,A,FALSE,FALSE,FALSE,corrupted,false,,
River Logs,PICT0070.ASF,Organized_data_Nov_2020\PLOG7\A\nothing, 2010-01-01 02:14:28,true,PLOG7,A,TRUE,FALSE,FALSE,nothing,false,,
River Logs,PICT0071.ASF,Organized_data_Nov_2020\PLOG7\A\nothing, 2010-01-01 02:15:12,true,PLOG7,A,TRUE,FALSE,FALSE,nothing,false,,
River Logs,PICT0072.ASF,Organized_data_Nov_2020\PLOG7\A\nothing, 2010-01-01 02:15:56,true,PLOG7,A,TRUE,FALSE,FALSE,nothing,false,,
River Logs,PICT0073.ASF,Organized_data_Nov_2020\PLOG7\A\nothing, 2010-01-01 02:16:40,true,PLOG7,A,TRUE,FALSE,FALSE,nothing,false,,
River Logs,PICT0074.ASF,Organized_data_Nov_2020\PLOG7\A\nothing, 2010-01-01 02:17:24,true,PLOG7,A,TRUE,FALSE,FALSE,nothing,false,,
River Logs,PICT0075.ASF,Organized_data_Nov_2020\PLOG7\A\nothing, 2010-01-01 02:18:08,true,PLOG7,A,TRUE,FALSE,FALSE,nothing,false,,
River Logs,PICT0076.ASF,Organized_data_Nov_2020\PLOG7\A\nothing, 2010-01-01 02:18:52,true,PLOG7,A,TRUE,FALSE,FALSE,nothing,false,,
River Logs,PICT0077.ASF,Organized_data_Nov_2020\PLOG7\A\nothing, 2010-01-01 02:19:36,true,PLOG7,A,TRUE,FALSE,FALSE,nothing,false,,
River Logs,PICT0078.ASF,Organized_data_Nov_2020\PLOG7\A\nothing, 2010-01-01 02:20:20,true,PLOG7,A,TRUE,FALSE,FALSE,nothing,false,,
River Logs,PICT0079.ASF,Organized_data_Nov_2020\PLOG7\A\nothing, 2010-01-01 02:24:24,true,PLOG7,A,TRUE,FALSE,FALSE,nothing,false,,
River Logs,PICT0080.ASF,Organized_data_Nov_2020\PLOG7\A\nothing, 2010-01-01 02:25:08,true,PLOG7,A,TRUE,FALSE,FALSE,nothing,false,,
River Logs,PICT0081.ASF,Organized_data_Nov_2020\PLOG7\A\nothing, 2010-01-01 02:25:52,true,PLOG7,A,TRUE,FALSE,FALSE,nothing,false,,
River Logs,PICT0082.ASF,Organized_data_Nov_2020\PLOG7\A\corrupted, 2010-01-01 02:28:00,true,PLOG7,A,FALSE,FALSE,FALSE,corrupted,false,,
River Logs,PICT0083.ASF,Organized_data_Nov_2020\PLOG7\A\corrupted, 2010-01-01 02:31:18,true,PLOG7,A,FALSE,FALSE,FALSE,corrupted,false,,
River Logs,PICT0084.ASF,Organized_data_Nov_2020\PLOG7\A\nothing, 2010-01-01 02:33:14,true,PLOG7,A,TRUE,FALSE,FALSE,nothing,false,,
River Logs,PICT0085.ASF,Organized_data_Nov_2020\PLOG7\A\nothing, 2010-01-01 02:33:58,true,PLOG7,A,TRUE,FALSE,FALSE,nothing,false,,
River Logs,PICT0087.ASF,Organized_data_Nov_2020\PLOG7\A\corrupted, 2010-01-01 02:36:06,true,PLOG7,A,FALSE,FALSE,FALSE,corrupted,false,,
River Logs,PICT0088.ASF,Organized_data_Nov_2020\PLOG7\A\corrupted, 2010-01-01 02:39:26,true,PLOG7,A,FALSE,FALSE,FALSE,corrupted,false,,
River Logs,PICT0089.ASF,Organized_data_Nov_2020\PLOG7\A\corrupted, 2010-01-01 02:41:04,true,PLOG7,A,FALSE,FALSE,FALSE,corrupted,false,,
River Logs,PICT0090.ASF,Organized_data_Nov_2020\PLOG7\A\corrupted, 2010-01-01 02:42:44,true,PLOG7,A,FALSE,FALSE,FALSE,corrupted,false,,
River Logs,PICT0091.ASF,Organized_data_Nov_2020\PLOG7\A\corrupted, 2010-01-01 02:44:24,true,PLOG7,A,FALSE,FALSE,FALSE,corrupted,false,,
River Logs,PICT0092.ASF,Organized_data_Nov_2020\PLOG7\A\corrupted, 2010-01-01 02:46:04,true,PLOG7,A,FALSE,FALSE,FALSE,corrupted,false,,
River Logs,PICT0093.ASF,Organized_data_Nov_2020\PLOG7\A\corrupted, 2010-01-01 02:47:42,true,PLOG7,A,FALSE,FALSE,FALSE,corrupted,false,,
River Logs,PICT0094.ASF,Organized_data_Nov_2020\PLOG7\A\corrupted, 2010-01-01 02:49:22,true,PLOG7,A,FALSE,FALSE,FALSE,corrupted,false,,
River Logs,PICT0095.ASF,Organized_data_Nov_2020\PLOG7\A\corrupted, 2010-01-01 02:52:42,true,PLOG7,A,FALSE,FALSE,FALSE,corrupted,false,,
River Logs,PICT0096.ASF,Organized_data_Nov_2020\PLOG7\A\corrupted, 2010-01-01 02:54:20,true,PLOG7,A,FALSE,FALSE,FALSE,corrupted,false,,
River Logs,PICT0097.ASF,Organized_data_Nov_2020\PLOG7\A\corrupted, 2010-01-01 02:56:00,true,PLOG7,A,FALSE,FALSE,FALSE,corrupted,false,,
River Logs,PICT0098.ASF,Organized_data_Nov_2020\PLOG7\A\corrupted, 2010-01-01 02:57:40,true,PLOG7,A,FALSE,FALSE,FALSE,corrupted,false,,
River Logs,PICT0099.ASF,Organized_data_Nov_2020\PLOG7\A\corrupted, 2010-01-01 02:59:20,true,PLOG7,A,FALSE,FALSE,FALSE,corrupted,false,,
River Logs,PICT0100.ASF,Organized_data_Nov_2020\PLOG7\A\corrupted, 2010-01-01 03:01:00,true,PLOG7,A,FALSE,FALSE,FALSE,corrupted,false,,
River Logs,PICT0101.ASF,Organized_data_Nov_2020\PLOG7\A\corrupted, 2010-01-01 03:04:18,true,PLOG7,A,FALSE,FALSE,FALSE,corrupted,false,,
River Logs,PICT0102.ASF,Organized_data_Nov_2020\PLOG7\A\corrupted, 2010-01-01 03:05:58,true,PLOG7,A,FALSE,FALSE,FALSE,corrupted,false,,
River Logs,PICT0103.ASF,Organized_data_Nov_2020\PLOG7\A\corrupted, 2010-01-01 03:07:38,true,PLOG7,A,FALSE,FALSE,FALSE,corrupted,false,,
River Logs,PICT0104.ASF,Organized_data_Nov_2020\PLOG7\A\corrupted, 2010-01-01 03:09:16,true,PLOG7,A,FALSE,FALSE,FALSE,corrupted,false,,
River Logs,PICT0105.ASF,Organized_data_Nov_2020\PLOG7\A\corrupted, 2010-01-01 03:10:56,true,PLOG7,A,FALSE,FALSE,FALSE,corrupted,false,,
River Logs,PICT0106.ASF,Organized_data_Nov_2020\PLOG7\A\corrupted, 2010-01-01 03:12:36,true,PLOG7,A,FALSE,FALSE,FALSE,corrupted,false,,
River Logs,PICT0107.ASF,Organized_data_Nov_2020\PLOG7\A\corrupted, 2010-01-01 03:15:54,true,PLOG7,A,FALSE,FALSE,FALSE,corrupted,false,,
River Logs,PICT0108.ASF,Organized_data_Nov_2020\PLOG7\A\corrupted, 2010-01-01 03:17:34,true,PLOG7,A,FALSE,FALSE,FALSE,corrupted,false,,
River Logs,PICT0109.ASF,Organized_data_Nov_2020\PLOG7\A\corrupted, 2010-01-01 03:19:14,true,PLOG7,A,FALSE,FALSE,FALSE,corrupted,false,,
River Logs,PICT0110.ASF,Organized_data_Nov_2020\PLOG7\A\corrupted, 2010-01-01 03:20:54,true,PLOG7,A,FALSE,FALSE,FALSE,corrupted,false,,
River Logs,PICT0111.ASF,Organized_data_Nov_2020\PLOG7\A\corrupted, 2010-01-01 03:22:32,true,PLOG7,A,FALSE,FALSE,FALSE,corrupted,false,,
River Logs,PICT0112.ASF,Organized_data_Nov_2020\PLOG7\A\corrupted, 2010-01-01 03:25:52,true,PLOG7,A,FALSE,FALSE,FALSE,corrupted,false,,
River Logs,PICT0113.ASF,Organized_data_Nov_2020\PLOG7\A\corrupted, 2010-01-01 03:27:32,true,PLOG7,A,FALSE,FALSE,FALSE,corrupted,false,,
River Logs,PICT0114.ASF,Organized_data_Nov_2020\PLOG7\A\corrupted, 2010-01-01 03:29:10,true,PLOG7,A,FALSE,FALSE,FALSE,corrupted,false,,
River Logs,PICT0115.ASF,Organized_data_Nov_2020\PLOG7\A\corrupted, 2010-01-01 03:30:50,true,PLOG7,A,FALSE,FALSE,FALSE,corrupted,false,,
River Logs,PICT0116.ASF,Organized_data_Nov_2020\PLOG7\A\corrupted, 2010-01-01 03:32:30,true,PLOG7,A,FALSE,FALSE,FALSE,corrupted,false,,
River Logs,PICT0117.ASF,Organized_data_Nov_2020\PLOG7\A\corrupted, 2010-01-01 03:34:10,true,PLOG7,A,FALSE,FALSE,FALSE,corrupted,false,,
River Logs,PICT0118.ASF,Organized_data_Nov_2020\PLOG7\A\corrupted, 2010-01-01 03:35:48,true,PLOG7,A,FALSE,FALSE,FALSE,corrupted,false,,
River Logs,PICT0119.ASF,Organized_data_Nov_2020\PLOG7\A\corrupted, 2010-01-01 03:37:28,true,PLOG7,A,FALSE,FALSE,FALSE,corrupted,false,,
River Logs,PICT0120.ASF,Organized_data_Nov_2020\PLOG7\A\corrupted, 2010-01-01 03:39:08,true,PLOG7,A,FALSE,FALSE,FALSE,corrupted,false,,
River Logs,PICT0121.ASF,Organized_data_Nov_2020\PLOG7\A\corrupted, 2010-01-01 03:40:48,true,PLOG7,A,FALSE,FALSE,FALSE,corrupted,false,,
River Logs,PICT0122.ASF,Organized_data_Nov_2020\PLOG7\A\corrupted, 2010-01-01 03:42:26,true,PLOG7,A,FALSE,FALSE,FALSE,corrupted,false,,
River Logs,PICT0123.ASF,Organized_data_Nov_2020\PLOG7\A\corrupted, 2010-01-01 03:44:06,true,PLOG7,A,FALSE,FALSE,FALSE,corrupted,false,,
River Logs,PICT0124.ASF,Organized_data_Nov_2020\PLOG7\A\corrupted, 2010-01-01 03:45:46,true,PLOG7,A,FALSE,FALSE,FALSE,corrupted,false,,
River Logs,PICT0125.ASF,Organized_data_Nov_2020\PLOG7\A\corrupted, 2010-01-01 03:47:26,true,PLOG7,A,FALSE,FALSE,FALSE,corrupted,false,,
River Logs,PICT0126.ASF,Organized_data_Nov_2020\PLOG7\A\corrupted, 2010-01-01 03:49:06,true,PLOG7,A,FALSE,FALSE,FALSE,corrupted,false,,
River Logs,PICT0127.ASF,Organized_data_Nov_2020\PLOG7\A\corrupted, 2010-01-01 03:52:24,true,PLOG7,A,FALSE,FALSE,FALSE,corrupted,false,,
River Logs,PICT0128.ASF,Organized_data_Nov_2020\PLOG7\A\corrupted, 2010-01-01 03:54:04,true,PLOG7,A,FALSE,FALSE,FALSE,corrupted,false,,
River Logs,PICT0129.ASF,Organized_data_Nov_2020\PLOG7\A\corrupted, 2010-01-01 03:55:44,true,PLOG7,A,FALSE,FALSE,FALSE,corrupted,false,,
River Logs,PICT0130.ASF,Organized_data_Nov_2020\PLOG7\A\corrupted, 2010-01-01 03:59:02,true,PLOG7,A,FALSE,FALSE,FALSE,corrupted,false,,
River Logs,PICT0131.ASF,Organized_data_Nov_2020\PLOG7\A\corrupted, 2010-01-01 04:00:42,true,PLOG7,A,FALSE,FALSE,FALSE,corrupted,false,,
River Logs,PICT0132.ASF,Organized_data_Nov_2020\PLOG7\A\corrupted, 2010-01-01 04:02:22,true,PLOG7,A,FALSE,FALSE,FALSE,corrupted,false,,
River Logs,PICT0133.ASF,Organized_data_Nov_2020\PLOG7\A\corrupted, 2010-01-01 04:05:40,true,PLOG7,A,FALSE,FALSE,FALSE,corrupted,false,,
River Logs,PICT0134.ASF,Organized_data_Nov_2020\PLOG7\A\corrupted, 2010-01-01 04:09:00,true,PLOG7,A,FALSE,FALSE,FALSE,corrupted,false,,
River Logs,PICT0135.ASF,Organized_data_Nov_2020\PLOG7\A\corrupted, 2010-01-01 04:12:18,true,PLOG7,A,FALSE,FALSE,FALSE,corrupted,false,,
River Logs,PICT0136.ASF,Organized_data_Nov_2020\PLOG7\A\corrupted, 2010-01-01 04:13:58,true,PLOG7,A,FALSE,FALSE,FALSE,corrupted,false,,
River Logs,PICT0137.ASF,Organized_data_Nov_2020\PLOG7\A\corrupted, 2010-01-01 04:15:38,true,PLOG7,A,FALSE,FALSE,FALSE,corrupted,false,,
River Logs,PICT0138.ASF,Organized_data_Nov_2020\PLOG7\A\corrupted, 2010-01-01 04:17:18,true,PLOG7,A,FALSE,FALSE,FALSE,corrupted,false,,
River Logs,PICT0139.ASF,Organized_data_Nov_2020\PLOG7\A\corrupted, 2010-01-01 04:18:56,true,PLOG7,A,FALSE,FALSE,FALSE,corrupted,false,,
River Logs,PICT0140.ASF,Organized_data_Nov_2020\PLOG7\A\corrupted, 2010-01-01 04:20:36,true,PLOG7,A,FALSE,FALSE,FALSE,corrupted,false,,
River Logs,PICT0141.ASF,Organized_data_Nov_2020\PLOG7\A\corrupted, 2010-01-01 04:22:16,true,PLOG7,A,FALSE,FALSE,FALSE,corrupted,false,,
River Logs,PICT0142.ASF,Organized_data_Nov_2020\PLOG7\A\corrupted, 2010-01-01 04:23:56,true,PLOG7,A,FALSE,FALSE,FALSE,corrupted,false,,
River Logs,PICT0143.ASF,Organized_data_Nov_2020\PLOG7\A\corrupted, 2010-01-01 04:25:34,true,PLOG7,A,FALSE,FALSE,FALSE,corrupted,false,,
River Logs,PICT0144.ASF,Organized_data_Nov_2020\PLOG7\A\corrupted, 2010-01-01 04:27:14,true,PLOG7,A,FALSE,FALSE,FALSE,corrupted,false,,
River Logs,PICT0145.ASF,Organized_data_Nov_2020\PLOG7\A\corrupted, 2010-01-01 04:30:34,true,PLOG7,A,FALSE,FALSE,FALSE,corrupted,false,,
River Logs,PICT0146.ASF,Organized_data_Nov_2020\PLOG7\A\corrupted, 2010-01-01 04:32:12,true,PLOG7,A,FALSE,FALSE,FALSE,corrupted,false,,
River Logs,PICT0147.ASF,Organized_data_Nov_2020\PLOG7\A\corrupted, 2010-01-01 04:33:52,true,PLOG7,A,FALSE,FALSE,FALSE,corrupted,false,,
River Logs,PICT0148.ASF,Organized_data_Nov_2020\PLOG7\A\corrupted, 2010-01-01 04:55:26,true,PLOG7,A,FALSE,FALSE,FALSE,corrupted,false,,
River Logs,PICT0149.ASF,Organized_data_Nov_2020\PLOG7\A\corrupted, 2010-01-01 04:57:06,true,PLOG7,A,FALSE,FALSE,FALSE,corrupted,false,,
River Logs,PICT0150.ASF,Organized_data_Nov_2020\PLOG7\A\corrupted, 2010-01-01 04:58:46,true,PLOG7,A,FALSE,FALSE,FALSE,corrupted,false,,
River Logs,PICT0151.ASF,Organized_data_Nov_2020\PLOG7\A\corrupted, 2010-01-01 05:03:44,true,PLOG7,A,FALSE,FALSE,FALSE,corrupted,false,,
River Logs,PICT0152.ASF,Organized_data_Nov_2020\PLOG7\A\corrupted, 2010-01-01 05:07:02,true,PLOG7,A,FALSE,FALSE,FALSE,corrupted,false,,
River Logs,PICT0153.ASF,Organized_data_Nov_2020\PLOG7\A\corrupted, 2010-01-01 05:10:22,true,PLOG7,A,FALSE,FALSE,FALSE,corrupted,false,,
River Logs,PICT0154.ASF,Organized_data_Nov_2020\PLOG7\A\corrupted, 2010-01-01 05:12:02,true,PLOG7,A,FALSE,FALSE,FALSE,corrupted,false,,
River Logs,PICT0155.ASF,Organized_data_Nov_2020\PLOG7\A\corrupted, 2010-01-01 05:13:40,true,PLOG7,A,FALSE,FALSE,FALSE,corrupted,false,,
River Logs,PICT0156.ASF,Organized_data_Nov_2020\PLOG7\A\corrupted, 2010-01-01 05:17:00,true,PLOG7,A,FALSE,FALSE,FALSE,corrupted,false,,
River Logs,PICT0157.ASF,Organized_data_Nov_2020\PLOG7\A\corrupted, 2010-01-01 05:21:58,true,PLOG7,A,FALSE,FALSE,FALSE,corrupted,false,,
River Logs,PICT0158.ASF,Organized_data_Nov_2020\PLOG7\A\corrupted, 2010-01-01 05:23:38,true,PLOG7,A,FALSE,FALSE,FALSE,corrupted,false,,
River Logs,PICT0159.ASF,Organized_data_Nov_2020\PLOG7\A\corrupted, 2010-01-01 05:25:18,true,PLOG7,A,FALSE,FALSE,FALSE,corrupted,false,,
River Logs,PICT0160.ASF,Organized_data_Nov_2020\PLOG7\A\corrupted, 2010-01-01 05:26:56,true,PLOG7,A,FALSE,FALSE,FALSE,corrupted,false,,
River Logs,PICT0161.ASF,Organized_data_Nov_2020\PLOG7\A\corrupted, 2010-01-01 05:28:36,true,PLOG7,A,FALSE,FALSE,FALSE,corrupted,false,,
River Logs,PICT0162.ASF,Organized_data_Nov_2020\PLOG7\A\corrupted, 2010-01-01 05:30:16,true,PLOG7,A,FALSE,FALSE,FALSE,corrupted,false,,
River Logs,PICT0163.ASF,Organized_data_Nov_2020\PLOG7\A\corrupted, 2010-01-01 05:31:56,true,PLOG7,A,FALSE,FALSE,FALSE,corrupted,false,,
River Logs,PICT0164.ASF,Organized_data_Nov_2020\PLOG7\A\corrupted, 2010-01-01 05:33:34,true,PLOG7,A,FALSE,FALSE,FALSE,corrupted,false,,
River Logs,PICT0165.ASF,Organized_data_Nov_2020\PLOG7\A\corrupted, 2010-01-01 05:35:14,true,PLOG7,A,FALSE,FALSE,FALSE,corrupted,false,,
River Logs,PICT0166.ASF,Organized_data_Nov_2020\PLOG7\A\corrupted, 2010-01-01 05:36:54,true,PLOG7,A,FALSE,FALSE,FALSE,corrupted,false,,
River Logs,PICT0167.ASF,Organized_data_Nov_2020\PLOG7\A\corrupted, 2010-01-01 05:38:34,true,PLOG7,A,FALSE,FALSE,FALSE,corrupted,false,,
River Logs,PICT0168.ASF,Organized_data_Nov_2020\PLOG7\A\corrupted, 2010-01-01 05:40:14,true,PLOG7,A,FALSE,FALSE,FALSE,corrupted,false,,
River Logs,PICT0169.ASF,Organized_data_Nov_2020\PLOG7\A\corrupted, 2010-01-01 05:41:52,true,PLOG7,A,FALSE,FALSE,FALSE,corrupted,false,,
River Logs,PICT0170.ASF,Organized_data_Nov_2020\PLOG7\A\corrupted, 2010-01-01 05:43:32,true,PLOG7,A,FALSE,FALSE,FALSE,corrupted,false,,
River Logs,PICT0171.ASF,Organized_data_Nov_2020\PLOG7\A\corrupted, 2010-01-01 05:45:12,true,PLOG7,A,FALSE,FALSE,FALSE,corrupted,false,,
River Logs,PICT0172.ASF,Organized_data_Nov_2020\PLOG7\A\corrupted, 2010-01-01 05:46:52,true,PLOG7,A,FALSE,FALSE,FALSE,corrupted,false,,
River Logs,PICT0173.ASF,Organized_data_Nov_2020\PLOG7\A\corrupted, 2010-01-01 05:48:30,true,PLOG7,A,FALSE,FALSE,FALSE,corrupted,false,,
River Logs,PICT0174.ASF,Organized_data_Nov_2020\PLOG7\A\corrupted, 2010-01-01 05:50:10,true,PLOG7,A,FALSE,FALSE,FALSE,corrupted,false,,
River Logs,PICT0175.ASF,Organized_data_Nov_2020\PLOG7\A\corrupted, 2010-01-01 05:51:50,true,PLOG7,A,FALSE,FALSE,FALSE,corrupted,false,,
River Logs,PICT0176.ASF,Organized_data_Nov_2020\PLOG7\A\corrupted, 2010-01-01 05:53:30,true,PLOG7,A,FALSE,FALSE,FALSE,corrupted,false,,
River Logs,PICT0177.ASF,Organized_data_Nov_2020\PLOG7\A\corrupted, 2010-01-01 05:55:08,true,PLOG7,A,FALSE,FALSE,FALSE,corrupted,false,,
River Logs,PICT0178.ASF,Organized_data_Nov_2020\PLOG7\A\corrupted, 2010-01-01 05:56:48,true,PLOG7,A,FALSE,FALSE,FALSE,corrupted,false,,
River Logs,PICT0179.ASF,Organized_data_Nov_2020\PLOG7\A\corrupted, 2010-01-01 05:58:28,true,PLOG7,A,FALSE,FALSE,FALSE,corrupted,false,,
River Logs,PICT0180.ASF,Organized_data_Nov_2020\PLOG7\A\corrupted, 2010-01-01 06:00:08,true,PLOG7,A,FALSE,FALSE,FALSE,corrupted,false,,
River Logs,PICT0181.ASF,Organized_data_Nov_2020\PLOG7\A\corrupted, 2010-01-01 06:01:46,true,PLOG7,A,FALSE,FALSE,FALSE,corrupted,false,,
River Logs,PICT0182.ASF,Organized_data_Nov_2020\PLOG7\A\corrupted, 2010-01-01 06:03:26,true,PLOG7,A,FALSE,FALSE,FALSE,corrupted,false,,
River Logs,PICT0183.ASF,Organized_data_Nov_2020\PLOG7\A\corrupted, 2010-01-01 06:05:06,true,PLOG7,A,FALSE,FALSE,FALSE,corrupted,false,,
River Logs,PICT0184.ASF,Organized_data_Nov_2020\PLOG7\A\corrupted, 2010-01-01 06:06:46,true,PLOG7,A,FALSE,FALSE,FALSE,corrupted,false,,
River Logs,PICT0185.ASF,Organized_data_Nov_2020\PLOG7\A\corrupted, 2010-01-01 06:08:24,true,PLOG7,A,FALSE,FALSE,FALSE,corrupted,false,,
River Logs,PICT0186.ASF,Organized_data_Nov_2020\PLOG7\A\corrupted, 2010-01-01 06:10:04,true,PLOG7,A,FALSE,FALSE,FALSE,corrupted,false,,
River Logs,PICT0187.ASF,Organized_data_Nov_2020\PLOG7\A\corrupted, 2010-01-01 06:11:44,true,PLOG7,A,FALSE,FALSE,FALSE,corrupted,false,,
River Logs,PICT0188.ASF,Organized_data_Nov_2020\PLOG7\A\corrupted, 2010-01-01 06:13:24,true,PLOG7,A,FALSE,FALSE,FALSE,corrupted,false,,
River Logs,PICT0189.ASF,Organized_data_Nov_2020\PLOG7\A\corrupted, 2010-01-01 06:15:04,true,PLOG7,A,FALSE,FALSE,FALSE,corrupted,false,,
River Logs,PICT0190.ASF,Organized_data_Nov_2020\PLOG7\A\corrupted, 2010-01-01 06:16:42,true,PLOG7,A,FALSE,FALSE,FALSE,corrupted,false,,
River Logs,PICT0191.ASF,Organized_data_Nov_2020\PLOG7\A\corrupted, 2010-01-01 06:18:22,true,PLOG7,A,FALSE,FALSE,FALSE,corrupted,false,,
River Logs,PICT0192.ASF,Organized_data_Nov_2020\PLOG7\A\corrupted, 2010-01-01 06:20:02,true,PLOG7,A,FALSE,FALSE,FALSE,corrupted,false,,
River Logs,PICT0193.ASF,Organized_data_Nov_2020\PLOG7\A\corrupted, 2010-01-01 06:21:42,true,PLOG7,A,FALSE,FALSE,FALSE,corrupted,false,,
River Logs,PICT0194.ASF,Organized_data_Nov_2020\PLOG7\A\corrupted, 2010-01-01 06:23:20,true,PLOG7,A,FALSE,FALSE,FALSE,corrupted,false,,
River Logs,PICT0195.ASF,Organized_data_Nov_2020\PLOG7\A\corrupted, 2010-01-01 06:25:00,true,PLOG7,A,FALSE,FALSE,FALSE,corrupted,false,,
River Logs,PICT0196.ASF,Organized_data_Nov_2020\PLOG7\A\corrupted, 2010-01-01 06:26:40,true,PLOG7,A,FALSE,FALSE,FALSE,corrupted,false,,
River Logs,PICT0197.ASF,Organized_data_Nov_2020\PLOG7\A\corrupted, 2010-01-01 06:28:20,true,PLOG7,A,FALSE,FALSE,FALSE,corrupted,false,,
River Logs,PICT0198.ASF,Organized_data_Nov_2020\PLOG7\A\corrupted, 2010-01-01 06:29:58,true,PLOG7,A,FALSE,FALSE,FALSE,corrupted,false,,
River Logs,PICT0199.ASF,Organized_data_Nov_2020\PLOG7\A\corrupted, 2010-01-01 06:31:38,true,PLOG7,A,FALSE,FALSE,FALSE,corrupted,false,,
River Logs,PICT0200.ASF,Organized_data_Nov_2020\PLOG7\A\corrupted, 2010-01-01 06:34:58,true,PLOG7,A,FALSE,FALSE,FALSE,corrupted,false,,
River Logs,PICT0201.ASF,Organized_data_Nov_2020\PLOG7\A\corrupted, 2010-01-01 06:36:36,true,PLOG7,A,FALSE,FALSE,FALSE,corrupted,false,,
River Logs,PICT0202.ASF,Organized_data_Nov_2020\PLOG7\A\corrupted, 2010-01-01 06:38:16,true,PLOG7,A,FALSE,FALSE,FALSE,corrupted,false,,
River Logs,PICT0203.ASF,Organized_data_Nov_2020\PLOG7\A\corrupted, 2010-01-01 06:39:56,true,PLOG7,A,FALSE,FALSE,FALSE,corrupted,false,,
River Logs,PICT0204.ASF,Organized_data_Nov_2020\PLOG7\A\corrupted, 2010-01-01 06:41:36,true,PLOG7,A,FALSE,FALSE,FALSE,corrupted,false,,
River Logs,PICT0205.ASF,Organized_data_Nov_2020\PLOG7\A\corrupted, 2010-01-01 06:43:16,true,PLOG7,A,FALSE,FALSE,FALSE,corrupted,false,,
River Logs,PICT0206.ASF,Organized_data_Nov_2020\PLOG7\A\corrupted, 2010-01-01 06:44:54,true,PLOG7,A,FALSE,FALSE,FALSE,corrupted,false,,
River Logs,PICT0207.ASF,Organized_data_Nov_2020\PLOG7\A\corrupted, 2010-01-01 06:46:34,true,PLOG7,A,FALSE,FALSE,FALSE,corrupted,false,,
River Logs,PICT0208.ASF,Organized_data_Nov_2020\PLOG7\A\corrupted, 2010-01-01 06:48:14,true,PLOG7,A,FALSE,FALSE,FALSE,corrupted,false,,
River Logs,PICT0209.ASF,Organized_data_Nov_2020\PLOG7\A\corrupted, 2010-01-01 06:49:54,true,PLOG7,A,FALSE,FALSE,FALSE,corrupted,false,,
River Logs,PICT0210.ASF,Organized_data_Nov_2020\PLOG7\A\corrupted, 2010-01-01 06:51:32,true,PLOG7,A,FALSE,FALSE,FALSE,corrupted,false,,
River Logs,PICT0211.ASF,Organized_data_Nov_2020\PLOG7\A\corrupted, 2010-01-01 06:53:12,true,PLOG7,A,FALSE,FALSE,FALSE,corrupted,false,,
River Logs,PICT0212.ASF,Organized_data_Nov_2020\PLOG7\A\corrupted, 2010-01-01 06:54:52,true,PLOG7,A,FALSE,FALSE,FALSE,corrupted,false,,
River Logs,PICT0213.ASF,Organized_data_Nov_2020\PLOG7\A\corrupted, 2010-01-01 06:56:32,true,PLOG7,A,FALSE,FALSE,FALSE,corrupted,false,,
River Logs,PICT0214.ASF,Organized_data_Nov_2020\PLOG7\A\corrupted, 2010-01-01 06:58:10,true,PLOG7,A,FALSE,FALSE,FALSE,corrupted,false,,
River Logs,PICT0215.ASF,Organized_data_Nov_2020\PLOG7\A\corrupted, 2010-01-01 06:59:50,true,PLOG7,A,FALSE,FALSE,FALSE,corrupted,false,,
River Logs,PICT0216.ASF,Organized_data_Nov_2020\PLOG7\A\corrupted, 2010-01-01 07:01:30,true,PLOG7,A,FALSE,FALSE,FALSE,corrupted,false,,
River Logs,PICT0217.ASF,Organized_data_Nov_2020\PLOG7\A\corrupted, 2010-01-01 07:03:10,true,PLOG7,A,FALSE,FALSE,FALSE,corrupted,false,,
River Logs,PICT0218.ASF,Organized_data_Nov_2020\PLOG7\A\corrupted, 2010-01-01 07:04:50,true,PLOG7,A,FALSE,FALSE,FALSE,corrupted,false,,
River Logs,PICT0219.ASF,Organized_data_Nov_2020\PLOG7\A\corrupted, 2010-01-01 07:06:28,true,PLOG7,A,FALSE,FALSE,FALSE,corrupted,false,,
River Logs,PICT0220.ASF,Organized_data_Nov_2020\PLOG7\A\corrupted, 2010-01-01 07:08:08,true,PLOG7,A,FALSE,FALSE,FALSE,corrupted,false,,
River Logs,PICT0221.ASF,Organized_data_Nov_2020\PLOG7\A\corrupted, 2010-01-01 07:09:48,true,PLOG7,A,FALSE,FALSE,FALSE,corrupted,false,,
River Logs,PICT0222.ASF,Organized_data_Nov_2020\PLOG7\A\corrupted, 2010-01-01 07:11:28,true,PLOG7,A,FALSE,FALSE,FALSE,corrupted,false,,
River Logs,PICT0223.ASF,Organized_data_Nov_2020\PLOG7\A\corrupted, 2010-01-01 07:13:08,true,PLOG7,A,FALSE,FALSE,FALSE,corrupted,false,,
River Logs,PICT0224.ASF,Organized_data_Nov_2020\PLOG7\A\corrupted, 2010-01-01 07:14:46,true,PLOG7,A,FALSE,FALSE,FALSE,corrupted,false,,
River Logs,PICT0225.ASF,Organized_data_Nov_2020\PLOG7\A\corrupted, 2010-01-01 07:16:26,true,PLOG7,A,FALSE,FALSE,FALSE,corrupted,false,,
River Logs,PICT0226.ASF,Organized_data_Nov_2020\PLOG7\A\corrupted, 2010-01-01 07:18:06,true,PLOG7,A,FALSE,FALSE,FALSE,corrupted,false,,
River Logs,PICT0227.ASF,Organized_data_Nov_2020\PLOG7\A\corrupted, 2010-01-01 07:19:46,true,PLOG7,A,FALSE,FALSE,FALSE,corrupted,false,,
River Logs,PICT0228.ASF,Organized_data_Nov_2020\PLOG7\A\corrupted, 2010-01-01 07:21:24,true,PLOG7,A,FALSE,FALSE,FALSE,corrupted,false,,
River Logs,PICT0229.ASF,Organized_data_Nov_2020\PLOG7\A\corrupted, 2010-01-01 07:23:04,true,PLOG7,A,FALSE,FALSE,FALSE,corrupted,false,,
River Logs,PICT0230.ASF,Organized_data_Nov_2020\PLOG7\A\corrupted, 2010-01-01 07:24:44,true,PLOG7,A,FALSE,FALSE,FALSE,corrupted,false,,
River Logs,PICT0231.ASF,Organized_data_Nov_2020\PLOG7\A\corrupted, 2010-01-01 07:26:24,true,PLOG7,A,FALSE,FALSE,FALSE,corrupted,false,,
River Logs,PICT0232.ASF,Organized_data_Nov_2020\PLOG7\A\corrupted, 2010-01-01 07:28:04,true,PLOG7,A,FALSE,FALSE,FALSE,corrupted,false,,
River Logs,PICT0233.ASF,Organized_data_Nov_2020\PLOG7\A\corrupted, 2010-01-01 07:29:42,true,PLOG7,A,FALSE,FALSE,FALSE,corrupted,false,,
River Logs,PICT0234.ASF,Organized_data_Nov_2020\PLOG7\A\corrupted, 2010-01-01 07:31:22,true,PLOG7,A,FALSE,FALSE,FALSE,corrupted,false,,
River Logs,PICT0235.ASF,Organized_data_Nov_2020\PLOG7\A\corrupted, 2010-01-01 07:33:02,true,PLOG7,A,FALSE,FALSE,FALSE,corrupted,false,,
River Logs,PICT0236.ASF,Organized_data_Nov_2020\PLOG7\A\corrupted, 2010-01-01 07:34:42,true,PLOG7,A,FALSE,FALSE,FALSE,corrupted,false,,
River Logs,PICT0237.ASF,Organized_data_Nov_2020\PLOG7\A\corrupted, 2010-01-01 07:36:20,true,PLOG7,A,FALSE,FALSE,FALSE,corrupted,false,,
River Logs,PICT0238.ASF,Organized_data_Nov_2020\PLOG7\A\corrupted, 2010-01-01 07:38:00,true,PLOG7,A,FALSE,FALSE,FALSE,corrupted,false,,
River Logs,PICT0239.ASF,Organized_data_Nov_2020\PLOG7\A\corrupted, 2010-01-01 07:39:40,true,PLOG7,A,FALSE,FALSE,FALSE,corrupted,false,,
River Logs,PICT0240.ASF,Organized_data_Nov_2020\PLOG7\A\corrupted, 2010-01-01 07:41:20,true,PLOG7,A,FALSE,FALSE,FALSE,corrupted,false,,
River Logs,PICT0241.ASF,Organized_data_Nov_2020\PLOG7\A\corrupted, 2010-01-01 07:42:58,true,PLOG7,A,FALSE,FALSE,FALSE,corrupted,false,,
River Logs,PICT0242.ASF,Organized_data_Nov_2020\PLOG7\A\corrupted, 2010-01-01 07:44:38,true,PLOG7,A,FALSE,FALSE,FALSE,corrupted,false,,
River Logs,PICT0243.ASF,Organized_data_Nov_2020\PLOG7\A\corrupted, 2010-01-01 07:46:18,true,PLOG7,A,FALSE,FALSE,FALSE,corrupted,false,,
River Logs,PICT0244.ASF,Organized_data_Nov_2020\PLOG7\A\corrupted, 2010-01-01 07:47:58,true,PLOG7,A,FALSE,FALSE,FALSE,corrupted,false,,
River Logs,PICT0245.ASF,Organized_data_Nov_2020\PLOG7\A\corrupted, 2010-01-01 07:51:16,true,PLOG7,A,FALSE,FALSE,FALSE,corrupted,false,,
River Logs,PICT0246.ASF,Organized_data_Nov_2020\PLOG7\A\corrupted, 2010-01-01 08:02:54,true,PLOG7,A,FALSE,FALSE,FALSE,corrupted,false,,
River Logs,PICT0247.ASF,Organized_data_Nov_2020\PLOG7\A\corrupted, 2010-01-01 08:06:12,true,PLOG7,A,FALSE,FALSE,FALSE,corrupted,false,,
River Logs,PICT0248.ASF,Organized_data_Nov_2020\PLOG7\A\corrupted, 2010-01-01 08:07:52,true,PLOG7,A,FALSE,FALSE,FALSE,corrupted,false,,
River Logs,PICT0249.ASF,Organized_data_Nov_2020\PLOG7\A\corrupted, 2010-01-01 08:09:32,true,PLOG7,A,FALSE,FALSE,FALSE,corrupted,false,,
River Logs,PICT0250.ASF,Organized_data_Nov_2020\PLOG7\A\corrupted, 2010-01-01 08:11:12,true,PLOG7,A,FALSE,FALSE,FALSE,corrupted,false,,
River Logs,PICT0251.ASF,Organized_data_Nov_2020\PLOG7\A\corrupted, 2010-01-01 08:12:50,true,PLOG7,A,FALSE,FALSE,FALSE,corrupted,false,,
River Logs,PICT0252.ASF,Organized_data_Nov_2020\PLOG7\A\corrupted, 2010-01-01 08:14:30,true,PLOG7,A,FALSE,FALSE,FALSE,corrupted,false,,
River Logs,PICT0253.ASF,Organized_data_Nov_2020\PLOG7\A\corrupted, 2010-01-01 08:17:50,true,PLOG7,A,FALSE,FALSE,FALSE,corrupted,false,,
River Logs,PICT0254.ASF,Organized_data_Nov_2020\PLOG7\A\corrupted, 2010-01-01 08:19:28,true,PLOG7,A,FALSE,FALSE,FALSE,corrupted,false,,
River Logs,PICT0255.ASF,Organized_data_Nov_2020\PLOG7\A\corrupted, 2010-01-01 08:21:08,true,PLOG7,A,FALSE,FALSE,FALSE,corrupted,false,,
River Logs,PICT0256.ASF,Organized_data_Nov_2020\PLOG7\A\corrupted, 2010-01-01 08:27:46,true,PLOG7,A,FALSE,FALSE,FALSE,corrupted,false,,
River Logs,PICT0257.ASF,Organized_data_Nov_2020\PLOG7\A\corrupted, 2010-01-01 08:29:26,true,PLOG7,A,FALSE,FALSE,FALSE,corrupted,false,,
River Logs,PICT0258.ASF,Organized_data_Nov_2020\PLOG7\A\corrupted, 2010-01-01 08:31:06,true,PLOG7,A,FALSE,FALSE,FALSE,corrupted,false,,
River Logs,PICT0259.ASF,Organized_data_Nov_2020\PLOG7\A\corrupted, 2010-01-01 08:32:46,true,PLOG7,A,FALSE,FALSE,FALSE,corrupted,false,,
River Logs,PICT0260.ASF,Organized_data_Nov_2020\PLOG7\A\corrupted, 2010-01-01 08:34:24,true,PLOG7,A,FALSE,FALSE,FALSE,corrupted,false,,
River Logs,PICT0261.ASF,Organized_data_Nov_2020\PLOG7\A\corrupted, 2010-01-01 08:36:04,true,PLOG7,A,FALSE,FALSE,FALSE,corrupted,false,,
River Logs,PICT0262.ASF,Organized_data_Nov_2020\PLOG7\A\corrupted, 2010-01-01 08:37:44,true,PLOG7,A,FALSE,FALSE,FALSE,corrupted,false,,
River Logs,PICT0263.ASF,Organized_data_Nov_2020\PLOG7\A\corrupted, 2010-01-01 08:39:24,true,PLOG7,A,FALSE,FALSE,FALSE,corrupted,false,,
River Logs,PICT0264.ASF,Organized_data_Nov_2020\PLOG7\A\corrupted, 2010-01-01 08:41:02,true,PLOG7,A,FALSE,FALSE,FALSE,corrupted,false,,
River Logs,PICT0265.ASF,Organized_data_Nov_2020\PLOG7\A\corrupted, 2010-01-01 08:42:42,true,PLOG7,A,FALSE,FALSE,FALSE,corrupted,false,,
River Logs,PICT0266.ASF,Organized_data_Nov_2020\PLOG7\A\corrupted, 2010-01-01 08:44:22,true,PLOG7,A,FALSE,FALSE,FALSE,corrupted,false,,
River Logs,PICT0267.ASF,Organized_data_Nov_2020\PLOG7\A\corrupted, 2010-01-01 08:46:02,true,PLOG7,A,FALSE,FALSE,FALSE,corrupted,false,,
River Logs,PICT0268.ASF,Organized_data_Nov_2020\PLOG7\A\corrupted, 2010-01-01 08:47:40,true,PLOG7,A,FALSE,FALSE,FALSE,corrupted,false,,
River Logs,PICT0269.ASF,Organized_data_Nov_2020\PLOG7\A\corrupted, 2010-01-01 08:49:20,true,PLOG7,A,FALSE,FALSE,FALSE,corrupted,false,,
River Logs,PICT0270.ASF,Organized_data_Nov_2020\PLOG7\A\corrupted, 2010-01-01 08:51:00,true,PLOG7,A,FALSE,FALSE,FALSE,corrupted,false,,
River Logs,PICT0271.ASF,Organized_data_Nov_2020\PLOG7\A\corrupted, 2010-01-01 08:52:40,true,PLOG7,A,FALSE,FALSE,FALSE,corrupted,false,,
River Logs,PICT0272.ASF,Organized_data_Nov_2020\PLOG7\A\corrupted, 2010-01-01 08:54:20,true,PLOG7,A,FALSE,FALSE,FALSE,corrupted,false,,
River Logs,PICT0273.ASF,Organized_data_Nov_2020\PLOG7\A\corrupted, 2010-01-01 08:55:58,true,PLOG7,A,FALSE,FALSE,FALSE,corrupted,false,,
River Logs,PICT0274.ASF,Organized_data_Nov_2020\PLOG7\A\corrupted, 2010-01-01 08:57:38,true,PLOG7,A,FALSE,FALSE,FALSE,corrupted,false,,
River Logs,PICT0275.ASF,Organized_data_Nov_2020\PLOG7\A\corrupted, 2010-01-01 08:59:18,true,PLOG7,A,FALSE,FALSE,FALSE,corrupted,false,,
River Logs,PICT0276.ASF,Organized_data_Nov_2020\PLOG7\A\corrupted, 2010-01-01 09:00:58,true,PLOG7,A,FALSE,FALSE,FALSE,corrupted,false,,
River Logs,PICT0277.ASF,Organized_data_Nov_2020\PLOG7\A\corrupted, 2010-01-01 09:02:36,true,PLOG7,A,FALSE,FALSE,FALSE,corrupted,false,,
River Logs,PICT0278.ASF,Organized_data_Nov_2020\PLOG7\A\corrupted, 2010-01-01 09:04:16,true,PLOG7,A,FALSE,FALSE,FALSE,corrupted,false,,
River Logs,PICT0279.ASF,Organized_data_Nov_2020\PLOG7\A\corrupted, 2010-01-01 09:05:56,true,PLOG7,A,FALSE,FALSE,FALSE,corrupted,false,,
River Logs,PICT0280.ASF,Organized_data_Nov_2020\PLOG7\A\corrupted, 2010-01-01 09:07:36,true,PLOG7,A,FALSE,FALSE,FALSE,corrupted,false,,
River Logs,PICT0281.ASF,Organized_data_Nov_2020\PLOG7\A\corrupted, 2010-01-01 09:09:14,true,PLOG7,A,FALSE,FALSE,FALSE,corrupted,false,,
River Logs,PICT0282.ASF,Organized_data_Nov_2020\PLOG7\A\corrupted, 2010-01-01 09:10:54,true,PLOG7,A,FALSE,FALSE,FALSE,corrupted,false,,
River Logs,PICT0283.ASF,Organized_data_Nov_2020\PLOG7\A\corrupted, 2010-01-01 09:12:34,true,PLOG7,A,FALSE,FALSE,FALSE,corrupted,false,,
River Logs,PICT0284.ASF,Organized_data_Nov_2020\PLOG7\A\corrupted, 2010-01-01 09:14:14,true,PLOG7,A,FALSE,FALSE,FALSE,corrupted,false,,
River Logs,PICT0285.ASF,Organized_data_Nov_2020\PLOG7\A\corrupted, 2010-01-01 09:15:52,true,PLOG7,A,FALSE,FALSE,FALSE,corrupted,false,,
River Logs,PICT0286.ASF,Organized_data_Nov_2020\PLOG7\A\corrupted, 2010-01-01 09:17:32,true,PLOG7,A,FALSE,FALSE,FALSE,corrupted,false,,
River Logs,PICT0287.ASF,Organized_data_Nov_2020\PLOG7\A\corrupted, 2010-01-01 09:19:12,true,PLOG7,A,FALSE,FALSE,FALSE,corrupted,false,,
River Logs,PICT0288.ASF,Organized_data_Nov_2020\PLOG7\A\corrupted, 2010-01-01 09:20:52,true,PLOG7,A,FALSE,FALSE,FALSE,corrupted,false,,
River Logs,PICT0289.ASF,Organized_data_Nov_2020\PLOG7\A\corrupted, 2010-01-01 09:22:32,true,PLOG7,A,FALSE,FALSE,FALSE,corrupted,false,,
River Logs,PICT0290.ASF,Organized_data_Nov_2020\PLOG7\A\corrupted, 2010-01-01 09:24:10,true,PLOG7,A,FALSE,FALSE,FALSE,corrupted,false,,
River Logs,PICT0291.ASF,Organized_data_Nov_2020\PLOG7\A\corrupted, 2010-01-01 09:25:50,true,PLOG7,A,FALSE,FALSE,FALSE,corrupted,false,,
River Logs,PICT0292.ASF,Organized_data_Nov_2020\PLOG7\A\corrupted, 2010-01-01 09:27:30,true,PLOG7,A,FALSE,FALSE,FALSE,corrupted,false,,
River Logs,PICT0293.ASF,Organized_data_Nov_2020\PLOG7\A\corrupted, 2010-01-01 09:29:10,true,PLOG7,A,FALSE,FALSE,FALSE,corrupted,false,,
River Logs,PICT0294.ASF,Organized_data_Nov_2020\PLOG7\A\corrupted, 2010-01-01 09:30:48,true,PLOG7,A,FALSE,FALSE,FALSE,corrupted,false,,
River Logs,PICT0295.ASF,Organized_data_Nov_2020\PLOG7\A\corrupted, 2010-01-01 09:32:28,true,PLOG7,A,FALSE,FALSE,FALSE,corrupted,false,,
River Logs,PICT0296.ASF,Organized_data_Nov_2020\PLOG7\A\corrupted, 2010-01-01 09:34:08,true,PLOG7,A,FALSE,FALSE,FALSE,corrupted,false,,
River Logs,PICT0297.ASF,Organized_data_Nov_2020\PLOG7\A\corrupted, 2010-01-01 09:35:48,true,PLOG7,A,FALSE,FALSE,FALSE,corrupted,false,,
River Logs,PICT0298.ASF,Organized_data_Nov_2020\PLOG7\A\corrupted, 2010-01-01 09:37:26,true,PLOG7,A,FALSE,FALSE,FALSE,corrupted,false,,
River Logs,PICT0299.ASF,Organized_data_Nov_2020\PLOG7\A\corrupted, 2010-01-01 09:39:06,true,PLOG7,A,FALSE,FALSE,FALSE,corrupted,false,,
River Logs,PICT0300.ASF,Organized_data_Nov_2020\PLOG7\A\corrupted, 2010-01-01 09:40:46,true,PLOG7,A,FALSE,FALSE,FALSE,corrupted,false,,
River Logs,PICT0301.ASF,Organized_data_Nov_2020\PLOG7\A\corrupted, 2010-01-01 09:42:26,true,PLOG7,A,FALSE,FALSE,FALSE,corrupted,false,,
River Logs,PICT0302.ASF,Organized_data_Nov_2020\PLOG7\A\corrupted, 2010-01-01 09:44:04,true,PLOG7,A,FALSE,FALSE,FALSE,corrupted,false,,
River Logs,PICT0303.ASF,Organized_data_Nov_2020\PLOG7\A\corrupted, 2010-01-01 09:45:44,true,PLOG7,A,FALSE,FALSE,FALSE,corrupted,false,,
River Logs,PICT0304.ASF,Organized_data_Nov_2020\PLOG7\A\corrupted, 2010-01-01 09:47:24,true,PLOG7,A,FALSE,FALSE,FALSE,corrupted,false,,
River Logs,PICT0305.ASF,Organized_data_Nov_2020\PLOG7\A\corrupted, 2010-01-01 09:49:04,true,PLOG7,A,FALSE,FALSE,FALSE,corrupted,false,,
River Logs,PICT0306.ASF,Organized_data_Nov_2020\PLOG7\A\corrupted, 2010-01-01 09:50:42,true,PLOG7,A,FALSE,FALSE,FALSE,corrupted,false,,
River Logs,PICT0307.ASF,Organized_data_Nov_2020\PLOG7\A\corrupted, 2010-01-01 09:52:22,true,PLOG7,A,FALSE,FALSE,FALSE,corrupted,false,,
River Logs,PICT0308.ASF,Organized_data_Nov_2020\PLOG7\A\corrupted, 2010-01-01 09:54:02,true,PLOG7,A,FALSE,FALSE,FALSE,corrupted,false,,
River Logs,PICT0309.ASF,Organized_data_Nov_2020\PLOG7\A\corrupted, 2010-01-01 09:55:42,true,PLOG7,A,FALSE,FALSE,FALSE,corrupted,false,,
River Logs,PICT0310.ASF,Organized_data_Nov_2020\PLOG7\A\corrupted, 2010-01-01 09:57:22,true,PLOG7,A,FALSE,FALSE,FALSE,corrupted,false,,
River Logs,PICT0311.ASF,Organized_data_Nov_2020\PLOG7\A\corrupted, 2010-01-01 09:59:00,true,PLOG7,A,FALSE,FALSE,FALSE,corrupted,false,,
River Logs,PICT0312.ASF,Organized_data_Nov_2020\PLOG7\A\corrupted, 2010-01-01 10:00:40,true,PLOG7,A,FALSE,FALSE,FALSE,corrupted,false,,
River Logs,PICT0313.ASF,Organized_data_Nov_2020\PLOG7\A\corrupted, 2010-01-01 10:02:20,true,PLOG7,A,FALSE,FALSE,FALSE,corrupted,false,,
River Logs,PICT0314.ASF,Organized_data_Nov_2020\PLOG7\A\corrupted, 2010-01-01 10:04:00,true,PLOG7,A,FALSE,FALSE,FALSE,corrupted,false,,
River Logs,PICT0315.ASF,Organized_data_Nov_2020\PLOG7\A\corrupted, 2010-01-01 10:05:38,true,PLOG7,A,FALSE,FALSE,FALSE,corrupted,false,,
River Logs,PICT0316.ASF,Organized_data_Nov_2020\PLOG7\A\corrupted, 2010-01-01 10:07:18,true,PLOG7,A,FALSE,FALSE,FALSE,corrupted,false,,
River Logs,PICT0317.ASF,Organized_data_Nov_2020\PLOG7\A\corrupted, 2010-01-01 10:08:58,true,PLOG7,A,FALSE,FALSE,FALSE,corrupted,false,,
River Logs,PICT0318.ASF,Organized_data_Nov_2020\PLOG7\A\corrupted, 2010-01-01 10:10:38,true,PLOG7,A,FALSE,FALSE,FALSE,corrupted,false,,
River Logs,PICT0319.ASF,Organized_data_Nov_2020\PLOG7\A\corrupted, 2010-01-01 10:12:16,true,PLOG7,A,FALSE,FALSE,FALSE,corrupted,false,,
River Logs,PICT0320.ASF,Organized_data_Nov_2020\PLOG7\A\corrupted, 2010-01-01 10:13:56,true,PLOG7,A,FALSE,FALSE,FALSE,corrupted,false,,
River Logs,PICT0321.ASF,Organized_data_Nov_2020\PLOG7\A\corrupted, 2010-01-01 10:15:36,true,PLOG7,A,FALSE,FALSE,FALSE,corrupted,false,,
River Logs,PICT0322.ASF,Organized_data_Nov_2020\PLOG7\A\corrupted, 2010-01-01 10:17:16,true,PLOG7,A,FALSE,FALSE,FALSE,corrupted,false,,
River Logs,PICT0323.ASF,Organized_data_Nov_2020\PLOG7\A\corrupted, 2010-01-01 10:18:54,true,PLOG7,A,FALSE,FALSE,FALSE,corrupted,false,,
River Logs,PICT0324.ASF,Organized_data_Nov_2020\PLOG7\A\corrupted, 2010-01-01 10:20:34,true,PLOG7,A,FALSE,FALSE,FALSE,corrupted,false,,
River Logs,PICT0325.ASF,Organized_data_Nov_2020\PLOG7\A\corrupted, 2010-01-01 10:22:14,true,PLOG7,A,FALSE,FALSE,FALSE,corrupted,false,,
River Logs,PICT0326.ASF,Organized_data_Nov_2020\PLOG7\A\corrupted, 2010-01-01 10:23:54,true,PLOG7,A,FALSE,FALSE,FALSE,corrupted,false,,
River Logs,PICT0327.ASF,Organized_data_Nov_2020\PLOG7\A\corrupted, 2010-01-01 10:25:34,true,PLOG7,A,FALSE,FALSE,FALSE,corrupted,false,,
River Logs,PICT0328.ASF,Organized_data_Nov_2020\PLOG7\A\corrupted, 2010-01-01 10:27:12,true,PLOG7,A,FALSE,FALSE,FALSE,corrupted,false,,
River Logs,PICT0329.ASF,Organized_data_Nov_2020\PLOG7\A\corrupted, 2010-01-01 10:28:52,true,PLOG7,A,FALSE,FALSE,FALSE,corrupted,false,,
River Logs,PICT0330.ASF,Organized_data_Nov_2020\PLOG7\A\corrupted, 2010-01-01 10:30:32,true,PLOG7,A,FALSE,FALSE,FALSE,corrupted,false,,
River Logs,PICT0331.ASF,Organized_data_Nov_2020\PLOG7\A\corrupted, 2010-01-01 10:32:12,true,PLOG7,A,FALSE,FALSE,FALSE,corrupted,false,,
River Logs,PICT0332.ASF,Organized_data_Nov_2020\PLOG7\A\corrupted, 2010-01-01 10:33:50,true,PLOG7,A,FALSE,FALSE,FALSE,corrupted,false,,
River Logs,PICT0333.ASF,Organized_data_Nov_2020\PLOG7\A\corrupted, 2010-01-01 10:35:30,true,PLOG7,A,FALSE,FALSE,FALSE,corrupted,false,,
River Logs,PICT0334.ASF,Organized_data_Nov_2020\PLOG7\A\corrupted, 2010-01-01 10:37:10,true,PLOG7,A,FALSE,FALSE,FALSE,corrupted,false,,
River Logs,PICT0335.ASF,Organized_data_Nov_2020\PLOG7\A\corrupted, 2010-01-01 10:38:50,true,PLOG7,A,FALSE,FALSE,FALSE,corrupted,false,,
River Logs,PICT0336.ASF,Organized_data_Nov_2020\PLOG7\A\corrupted, 2010-01-01 10:40:28,true,PLOG7,A,FALSE,FALSE,FALSE,corrupted,false,,
River Logs,PICT0337.ASF,Organized_data_Nov_2020\PLOG7\A\corrupted, 2010-01-01 10:42:08,true,PLOG7,A,FALSE,FALSE,FALSE,corrupted,false,,
River Logs,PICT0338.ASF,Organized_data_Nov_2020\PLOG7\A\corrupted, 2010-01-01 10:43:48,true,PLOG7,A,FALSE,FALSE,FALSE,corrupted,false,,
River Logs,PICT0339.ASF,Organized_data_Nov_2020\PLOG7\A\corrupted, 2010-01-01 10:45:28,true,PLOG7,A,FALSE,FALSE,FALSE,corrupted,false,,
River Logs,PICT0340.ASF,Organized_data_Nov_2020\PLOG7\A\corrupted, 2010-01-01 10:47:08,true,PLOG7,A,FALSE,FALSE,FALSE,corrupted,false,,
River Logs,PICT0341.ASF,Organized_data_Nov_2020\PLOG7\A\corrupted, 2010-01-01 10:48:46,true,PLOG7,A,FALSE,FALSE,FALSE,corrupted,false,,
River Logs,PICT0342.ASF,Organized_data_Nov_2020\PLOG7\A\corrupted, 2010-01-01 10:50:26,true,PLOG7,A,FALSE,FALSE,FALSE,corrupted,false,,
River Logs,PICT0343.ASF,Organized_data_Nov_2020\PLOG7\A\corrupted, 2010-01-01 10:52:06,true,PLOG7,A,FALSE,FALSE,FALSE,corrupted,false,,
River Logs,PICT0344.ASF,Organized_data_Nov_2020\PLOG7\A\corrupted, 2010-01-01 10:53:46,true,PLOG7,A,FALSE,FALSE,FALSE,corrupted,false,,
River Logs,PICT0345.ASF,Organized_data_Nov_2020\PLOG7\A\corrupted, 2010-01-01 10:55:26,true,PLOG7,A,FALSE,FALSE,FALSE,corrupted,false,,
River Logs,PICT0346.ASF,Organized_data_Nov_2020\PLOG7\A\corrupted, 2010-01-01 10:57:04,true,PLOG7,A,FALSE,FALSE,FALSE,corrupted,false,,
River Logs,PICT0347.ASF,Organized_data_Nov_2020\PLOG7\A\corrupted, 2010-01-01 10:58:44,true,PLOG7,A,FALSE,FALSE,FALSE,corrupted,false,,
River Logs,PICT0348.ASF,Organized_data_Nov_2020\PLOG7\A\corrupted, 2010-01-01 11:00:24,true,PLOG7,A,FALSE,FALSE,FALSE,corrupted,false,,
River Logs,PICT0349.ASF,Organized_data_Nov_2020\PLOG7\A\corrupted, 2010-01-01 11:02:04,true,PLOG7,A,FALSE,FALSE,FALSE,corrupted,false,,
River Logs,PICT0350.ASF,Organized_data_Nov_2020\PLOG7\A\corrupted, 2010-01-01 11:03:42,true,PLOG7,A,FALSE,FALSE,FALSE,corrupted,false,,
River Logs,PICT0351.ASF,Organized_data_Nov_2020\PLOG7\A\corrupted, 2010-01-01 11:05:22,true,PLOG7,A,FALSE,FALSE,FALSE,corrupted,false,,
River Logs,PICT0352.ASF,Organized_data_Nov_2020\PLOG7\A\corrupted, 2010-01-01 11:07:02,true,PLOG7,A,FALSE,FALSE,FALSE,corrupted,false,,
River Logs,PICT0353.ASF,Organized_data_Nov_2020\PLOG7\A\corrupted, 2010-01-01 11:08:42,true,PLOG7,A,FALSE,FALSE,FALSE,corrupted,false,,
River Logs,PICT0354.ASF,Organized_data_Nov_2020\PLOG7\A\corrupted, 2010-01-01 11:10:22,true,PLOG7,A,FALSE,FALSE,FALSE,corrupted,false,,
River Logs,PICT0355.ASF,Organized_data_Nov_2020\PLOG7\A\corrupted, 2010-01-01 11:12:00,true,PLOG7,A,FALSE,FALSE,FALSE,corrupted,false,,
River Logs,PICT0356.ASF,Organized_data_Nov_2020\PLOG7\A\corrupted, 2010-01-01 11:13:40,true,PLOG7,A,FALSE,FALSE,FALSE,corrupted,false,,
River Logs,PICT0357.ASF,Organized_data_Nov_2020\PLOG7\A\corrupted, 2010-01-01 11:15:20,true,PLOG7,A,FALSE,FALSE,FALSE,corrupted,false,,
River Logs,PICT0358.ASF,Organized_data_Nov_2020\PLOG7\A\corrupted, 2010-01-01 11:17:00,true,PLOG7,A,FALSE,FALSE,FALSE,corrupted,false,,
River Logs,PICT0359.ASF,Organized_data_Nov_2020\PLOG7\A\corrupted, 2010-01-01 11:18:38,true,PLOG7,A,FALSE,FALSE,FALSE,corrupted,false,,
River Logs,PICT0360.ASF,Organized_data_Nov_2020\PLOG7\A\corrupted, 2010-01-01 11:20:18,true,PLOG7,A,FALSE,FALSE,FALSE,corrupted,false,,
River Logs,PICT0361.ASF,Organized_data_Nov_2020\PLOG7\A\corrupted, 2010-01-01 11:21:58,true,PLOG7,A,FALSE,FALSE,FALSE,corrupted,false,,
River Logs,PICT0362.ASF,Organized_data_Nov_2020\PLOG7\A\corrupted, 2010-01-01 11:23:38,true,PLOG7,A,FALSE,FALSE,FALSE,corrupted,false,,
River Logs,PICT0363.ASF,Organized_data_Nov_2020\PLOG7\A\corrupted, 2010-01-01 11:25:16,true,PLOG7,A,FALSE,FALSE,FALSE,corrupted,false,,
River Logs,PICT0364.ASF,Organized_data_Nov_2020\PLOG7\A\corrupted, 2010-01-01 11:26:56,true,PLOG7,A,FALSE,FALSE,FALSE,corrupted,false,,
River Logs,PICT0365.ASF,Organized_data_Nov_2020\PLOG7\A\corrupted, 2010-01-01 11:28:36,true,PLOG7,A,FALSE,FALSE,FALSE,corrupted,false,,
River Logs,PICT0366.ASF,Organized_data_Nov_2020\PLOG7\A\corrupted, 2010-01-01 11:30:16,true,PLOG7,A,FALSE,FALSE,FALSE,corrupted,false,,
River Logs,PICT0367.ASF,Organized_data_Nov_2020\PLOG7\A\corrupted, 2010-01-01 11:31:54,true,PLOG7,A,FALSE,FALSE,FALSE,corrupted,false,,
River Logs,PICT0368.ASF,Organized_data_Nov_2020\PLOG7\A\corrupted, 2010-01-01 11:33:34,true,PLOG7,A,FALSE,FALSE,FALSE,corrupted,false,,
River Logs,PICT0369.ASF,Organized_data_Nov_2020\PLOG7\A\corrupted, 2010-01-01 11:35:14,true,PLOG7,A,FALSE,FALSE,FALSE,corrupted,false,,
River Logs,PICT0370.ASF,Organized_data_Nov_2020\PLOG7\A\corrupted, 2010-01-01 11:36:54,true,PLOG7,A,FALSE,FALSE,FALSE,corrupted,false,,
River Logs,PICT0371.ASF,Organized_data_Nov_2020\PLOG7\A\corrupted, 2010-01-01 11:38:34,true,PLOG7,A,FALSE,FALSE,FALSE,corrupted,false,,
River Logs,PICT0372.ASF,Organized_data_Nov_2020\PLOG7\A\corrupted, 2010-01-01 11:40:12,true,PLOG7,A,FALSE,FALSE,FALSE,corrupted,false,,
River Logs,PICT0373.ASF,Organized_data_Nov_2020\PLOG7\A\corrupted, 2010-01-01 11:41:52,true,PLOG7,A,FALSE,FALSE,FALSE,corrupted,false,,
River Logs,PICT0374.ASF,Organized_data_Nov_2020\PLOG7\A\corrupted, 2010-01-01 11:43:32,true,PLOG7,A,FALSE,FALSE,FALSE,corrupted,false,,
River Logs,PICT0375.ASF,Organized_data_Nov_2020\PLOG7\A\corrupted, 2010-01-01 11:45:12,true,PLOG7,A,FALSE,FALSE,FALSE,corrupted,false,,
River Logs,PICT0376.ASF,Organized_data_Nov_2020\PLOG7\A\corrupted, 2010-01-01 11:46:52,true,PLOG7,A,FALSE,FALSE,FALSE,corrupted,false,,
River Logs,PICT0377.ASF,Organized_data_Nov_2020\PLOG7\A\corrupted, 2010-01-01 11:48:30,true,PLOG7,A,FALSE,FALSE,FALSE,corrupted,false,,
River Logs,PICT0378.ASF,Organized_data_Nov_2020\PLOG7\A\corrupted, 2010-01-01 11:50:10,true,PLOG7,A,FALSE,FALSE,FALSE,corrupted,false,,
River Logs,PICT0379.ASF,Organized_data_Nov_2020\PLOG7\A\corrupted, 2010-01-01 11:51:50,true,PLOG7,A,FALSE,FALSE,FALSE,corrupted,false,,
River Logs,PICT0380.ASF,Organized_data_Nov_2020\PLOG7\A\corrupted, 2010-01-01 11:53:30,true,PLOG7,A,FALSE,FALSE,FALSE,corrupted,false,,
River Logs,PICT0381.ASF,Organized_data_Nov_2020\PLOG7\A\corrupted, 2010-01-01 11:55:08,true,PLOG7,A,FALSE,FALSE,FALSE,corrupted,false,,
River Logs,PICT0382.ASF,Organized_data_Nov_2020\PLOG7\A\corrupted, 2010-01-01 11:58:28,true,PLOG7,A,FALSE,FALSE,FALSE,corrupted,false,,
River Logs,PICT0383.ASF,Organized_data_Nov_2020\PLOG7\A\corrupted, 2010-01-01 12:00:08,true,PLOG7,A,FALSE,FALSE,FALSE,corrupted,false,,
River Logs,PICT0384.ASF,Organized_data_Nov_2020\PLOG7\A\corrupted, 2010-01-01 12:01:48,true,PLOG7,A,FALSE,FALSE,FALSE,corrupted,false,,
River Logs,PICT0385.ASF,Organized_data_Nov_2020\PLOG7\A\corrupted, 2010-01-01 12:03:26,true,PLOG7,A,FALSE,FALSE,FALSE,corrupted,false,,
River Logs,PICT0386.ASF,Organized_data_Nov_2020\PLOG7\A\corrupted, 2010-01-01 12:05:06,true,PLOG7,A,FALSE,FALSE,FALSE,corrupted,false,,
River Logs,PICT0387.ASF,Organized_data_Nov_2020\PLOG7\A\corrupted, 2010-01-01 12:06:46,true,PLOG7,A,FALSE,FALSE,FALSE,corrupted,false,,
River Logs,PICT0388.ASF,Organized_data_Nov_2020\PLOG7\A\corrupted, 2010-01-01 12:08:24,true,PLOG7,A,FALSE,FALSE,FALSE,corrupted,false,,
River Logs,PICT0389.ASF,Organized_data_Nov_2020\PLOG7\A\corrupted, 2010-01-01 12:10:04,true,PLOG7,A,FALSE,FALSE,FALSE,corrupted,false,,
River Logs,PICT0390.ASF,Organized_data_Nov_2020\PLOG7\A\corrupted, 2010-01-01 12:11:44,true,PLOG7,A,FALSE,FALSE,FALSE,corrupted,false,,
River Logs,PICT0391.ASF,Organized_data_Nov_2020\PLOG7\A\corrupted, 2010-01-01 12:13:24,true,PLOG7,A,FALSE,FALSE,FALSE,corrupted,false,,
River Logs,PICT0392.ASF,Organized_data_Nov_2020\PLOG7\A\corrupted, 2010-01-01 12:15:04,true,PLOG7,A,FALSE,FALSE,FALSE,corrupted,false,,
River Logs,PICT0393.ASF,Organized_data_Nov_2020\PLOG7\A\corrupted, 2010-01-01 12:16:42,true,PLOG7,A,FALSE,FALSE,FALSE,corrupted,false,,
River Logs,PICT0394.ASF,Organized_data_Nov_2020\PLOG7\A\corrupted, 2010-01-01 12:18:22,true,PLOG7,A,FALSE,FALSE,FALSE,corrupted,false,,
River Logs,PICT0395.ASF,Organized_data_Nov_2020\PLOG7\A\corrupted, 2010-01-01 12:20:02,true,PLOG7,A,FALSE,FALSE,FALSE,corrupted,false,,
River Logs,PICT0396.ASF,Organized_data_Nov_2020\PLOG7\A\corrupted, 2010-01-01 12:21:42,true,PLOG7,A,FALSE,FALSE,FALSE,corrupted,false,,
River Logs,PICT0397.ASF,Organized_data_Nov_2020\PLOG7\A\corrupted, 2010-01-01 12:23:20,true,PLOG7,A,FALSE,FALSE,FALSE,corrupted,false,,
River Logs,PICT0398.ASF,Organized_data_Nov_2020\PLOG7\A\corrupted, 2010-01-01 12:25:00,true,PLOG7,A,FALSE,FALSE,FALSE,corrupted,false,,
River Logs,PICT0399.ASF,Organized_data_Nov_2020\PLOG7\A\corrupted, 2010-01-01 12:26:40,true,PLOG7,A,FALSE,FALSE,FALSE,corrupted,false,,
River Logs,PICT0400.ASF,Organized_data_Nov_2020\PLOG7\A\corrupted, 2010-01-01 12:28:20,true,PLOG7,A,FALSE,FALSE,FALSE,corrupted,false,,
River Logs,PICT0401.ASF,Organized_data_Nov_2020\PLOG7\A\corrupted, 2010-01-01 12:29:58,true,PLOG7,A,FALSE,FALSE,FALSE,corrupted,false,,
River Logs,PICT0402.ASF,Organized_data_Nov_2020\PLOG7\A\corrupted, 2010-01-01 12:33:18,true,PLOG7,A,FALSE,FALSE,FALSE,corrupted,false,,
River Logs,PICT0403.ASF,Organized_data_Nov_2020\PLOG7\A\corrupted, 2010-01-01 12:34:58,true,PLOG7,A,FALSE,FALSE,FALSE,corrupted,false,,
River Logs,PICT0404.ASF,Organized_data_Nov_2020\PLOG7\A\corrupted, 2010-01-01 12:36:38,true,PLOG7,A,FALSE,FALSE,FALSE,corrupted,false,,
River Logs,PICT0405.ASF,Organized_data_Nov_2020\PLOG7\A\corrupted, 2010-01-01 12:38:16,true,PLOG7,A,FALSE,FALSE,FALSE,corrupted,false,,
River Logs,PICT0406.ASF,Organized_data_Nov_2020\PLOG7\A\corrupted, 2010-01-01 12:39:56,true,PLOG7,A,FALSE,FALSE,FALSE,corrupted,false,,
River Logs,PICT0407.ASF,Organized_data_Nov_2020\PLOG7\A\corrupted, 2010-01-01 12:41:36,true,PLOG7,A,FALSE,FALSE,FALSE,corrupted,false,,
River Logs,PICT0408.ASF,Organized_data_Nov_2020\PLOG7\A\corrupted, 2010-01-01 12:43:16,true,PLOG7,A,FALSE,FALSE,FALSE,corrupted,false,,
River Logs,PICT0409.ASF,Organized_data_Nov_2020\PLOG7\A\corrupted, 2010-01-01 12:44:54,true,PLOG7,A,FALSE,FALSE,FALSE,corrupted,false,,
River Logs,PICT0410.ASF,Organized_data_Nov_2020\PLOG7\A\corrupted, 2010-01-01 12:46:34,true,PLOG7,A,FALSE,FALSE,FALSE,corrupted,false,,
River Logs,PICT0411.ASF,Organized_data_Nov_2020\PLOG7\A\corrupted, 2010-01-01 12:48:14,true,PLOG7,A,FALSE,FALSE,FALSE,corrupted,false,,
River Logs,PICT0412.ASF,Organized_data_Nov_2020\PLOG7\A\corrupted, 2010-01-01 12:49:54,true,PLOG7,A,FALSE,FALSE,FALSE,corrupted,false,,
River Logs,PICT0413.ASF,Organized_data_Nov_2020\PLOG7\A\corrupted, 2010-01-01 12:51:32,true,PLOG7,A,FALSE,FALSE,FALSE,corrupted,false,,
River Logs,PICT0414.ASF,Organized_data_Nov_2020\PLOG7\A\corrupted, 2010-01-01 12:53:12,true,PLOG7,A,FALSE,FALSE,FALSE,corrupted,false,,
River Logs,PICT0415.ASF,Organized_data_Nov_2020\PLOG7\A\corrupted, 2010-01-01 12:54:52,true,PLOG7,A,FALSE,FALSE,FALSE,corrupted,false,,
River Logs,PICT0416.ASF,Organized_data_Nov_2020\PLOG7\A\corrupted, 2010-01-01 12:56:32,true,PLOG7,A,FALSE,FALSE,FALSE,corrupted,false,,
River Logs,PICT0417.ASF,Organized_data_Nov_2020\PLOG7\A\corrupted, 2010-01-01 12:58:10,true,PLOG7,A,FALSE,FALSE,FALSE,corrupted,false,,
River Logs,PICT0418.ASF,Organized_data_Nov_2020\PLOG7\A\corrupted, 2010-01-01 12:59:50,true,PLOG7,A,FALSE,FALSE,FALSE,corrupted,false,,
River Logs,PICT0419.ASF,Organized_data_Nov_2020\PLOG7\A\corrupted, 2010-01-01 13:01:30,true,PLOG7,A,FALSE,FALSE,FALSE,corrupted,false,,
River Logs,PICT0420.ASF,Organized_data_Nov_2020\PLOG7\A\corrupted, 2010-01-01 13:03:10,true,PLOG7,A,FALSE,FALSE,FALSE,corrupted,false,,
River Logs,PICT0421.ASF,Organized_data_Nov_2020\PLOG7\A\corrupted, 2010-01-01 13:04:50,true,PLOG7,A,FALSE,FALSE,FALSE,corrupted,false,,
River Logs,PICT0422.ASF,Organized_data_Nov_2020\PLOG7\A\corrupted, 2010-01-01 13:06:28,true,PLOG7,A,FALSE,FALSE,FALSE,corrupted,false,,
River Logs,PICT0423.ASF,Organized_data_Nov_2020\PLOG7\A\corrupted, 2010-01-01 13:08:08,true,PLOG7,A,FALSE,FALSE,FALSE,corrupted,false,,
River Logs,PICT0424.ASF,Organized_data_Nov_2020\PLOG7\A\corrupted, 2010-01-01 13:09:48,true,PLOG7,A,FALSE,FALSE,FALSE,corrupted,false,,
River Logs,PICT0425.ASF,Organized_data_Nov_2020\PLOG7\A\corrupted, 2010-01-01 13:11:28,true,PLOG7,A,FALSE,FALSE,FALSE,corrupted,false,,
River Logs,PICT0426.ASF,Organized_data_Nov_2020\PLOG7\A\corrupted, 2010-01-01 13:13:06,true,PLOG7,A,FALSE,FALSE,FALSE,corrupted,false,,
River Logs,PICT0427.ASF,Organized_data_Nov_2020\PLOG7\A\corrupted, 2010-01-01 13:14:46,true,PLOG7,A,FALSE,FALSE,FALSE,corrupted,false,,
River Logs,PICT0428.ASF,Organized_data_Nov_2020\PLOG7\A\corrupted, 2010-01-01 13:16:26,true,PLOG7,A,FALSE,FALSE,FALSE,corrupted,false,,
River Logs,PICT0429.ASF,Organized_data_Nov_2020\PLOG7\A\corrupted, 2010-01-01 13:18:06,true,PLOG7,A,FALSE,FALSE,FALSE,corrupted,false,,
River Logs,PICT0430.ASF,Organized_data_Nov_2020\PLOG7\A\corrupted, 2010-01-01 13:19:46,true,PLOG7,A,FALSE,FALSE,FALSE,corrupted,false,,
River Logs,PICT0431.ASF,Organized_data_Nov_2020\PLOG7\A\corrupted, 2010-01-01 13:21:24,true,PLOG7,A,FALSE,FALSE,FALSE,corrupted,false,,
River Logs,PICT0432.ASF,Organized_data_Nov_2020\PLOG7\A\corrupted, 2010-01-01 13:23:04,true,PLOG7,A,FALSE,FALSE,FALSE,corrupted,false,,
River Logs,PICT0433.ASF,Organized_data_Nov_2020\PLOG7\A\corrupted, 2010-01-01 13:26:24,true,PLOG7,A,FALSE,FALSE,FALSE,corrupted,false,,
River Logs,PICT0434.ASF,Organized_data_Nov_2020\PLOG7\A\corrupted, 2010-01-01 13:29:42,true,PLOG7,A,FALSE,FALSE,FALSE,corrupted,false,,
River Logs,PICT0435.ASF,Organized_data_Nov_2020\PLOG7\A\corrupted, 2010-01-01 13:31:22,true,PLOG7,A,FALSE,FALSE,FALSE,corrupted,false,,
River Logs,PICT0436.ASF,Organized_data_Nov_2020\PLOG7\A\corrupted, 2010-01-01 13:33:02,true,PLOG7,A,FALSE,FALSE,FALSE,corrupted,false,,
River Logs,PICT0437.ASF,Organized_data_Nov_2020\PLOG7\A\corrupted, 2010-01-01 13:36:20,true,PLOG7,A,FALSE,FALSE,FALSE,corrupted,false,,
River Logs,PICT0438.ASF,Organized_data_Nov_2020\PLOG7\A\corrupted, 2010-01-01 13:38:00,true,PLOG7,A,FALSE,FALSE,FALSE,corrupted,false,,
River Logs,PICT0439.ASF,Organized_data_Nov_2020\PLOG7\A\corrupted, 2010-01-01 13:39:40,true,PLOG7,A,FALSE,FALSE,FALSE,corrupted,false,,
River Logs,PICT0440.ASF,Organized_data_Nov_2020\PLOG7\A\corrupted, 2010-01-01 13:41:20,true,PLOG7,A,FALSE,FALSE,FALSE,corrupted,false,,
River Logs,PICT0441.ASF,Organized_data_Nov_2020\PLOG7\A\corrupted, 2010-01-01 13:43:00,true,PLOG7,A,FALSE,FALSE,FALSE,corrupted,false,,
River Logs,PICT0442.ASF,Organized_data_Nov_2020\PLOG7\A\corrupted, 2010-01-01 13:44:38,true,PLOG7,A,FALSE,FALSE,FALSE,corrupted,false,,
River Logs,PICT0443.ASF,Organized_data_Nov_2020\PLOG7\A\corrupted, 2010-01-01 13:46:18,true,PLOG7,A,FALSE,FALSE,FALSE,corrupted,false,,
River Logs,PICT0444.ASF,Organized_data_Nov_2020\PLOG7\A\corrupted, 2010-01-01 13:47:58,true,PLOG7,A,FALSE,FALSE,FALSE,corrupted,false,,
River Logs,PICT0445.ASF,Organized_data_Nov_2020\PLOG7\A\corrupted, 2010-01-01 13:49:38,true,PLOG7,A,FALSE,FALSE,FALSE,corrupted,false,,
River Logs,PICT0446.ASF,Organized_data_Nov_2020\PLOG7\A\corrupted, 2010-01-01 13:51:16,true,PLOG7,A,FALSE,FALSE,FALSE,corrupted,false,,
River Logs,PICT0447.ASF,Organized_data_Nov_2020\PLOG7\A\corrupted, 2010-01-01 13:52:56,true,PLOG7,A,FALSE,FALSE,FALSE,corrupted,false,,
River Logs,PICT0448.ASF,Organized_data_Nov_2020\PLOG7\A\corrupted, 2010-01-01 13:57:56,true,PLOG7,A,FALSE,FALSE,FALSE,corrupted,false,,
River Logs,PICT0449.ASF,Organized_data_Nov_2020\PLOG7\A\corrupted, 2010-01-01 13:59:34,true,PLOG7,A,FALSE,FALSE,FALSE,corrupted,false,,
River Logs,PICT0450.ASF,Organized_data_Nov_2020\PLOG7\A\corrupted, 2010-01-01 14:01:14,true,PLOG7,A,FALSE,FALSE,FALSE,corrupted,false,,
River Logs,PICT0451.ASF,Organized_data_Nov_2020\PLOG7\A\corrupted, 2010-01-01 14:04:34,true,PLOG7,A,FALSE,FALSE,FALSE,corrupted,false,,
River Logs,PICT0452.ASF,Organized_data_Nov_2020\PLOG7\A\corrupted, 2010-01-01 14:07:52,true,PLOG7,A,FALSE,FALSE,FALSE,corrupted,false,,
River Logs,PICT0453.ASF,Organized_data_Nov_2020\PLOG7\A\corrupted, 2010-01-01 14:09:32,true,PLOG7,A,FALSE,FALSE,FALSE,corrupted,false,,
River Logs,PICT0454.ASF,Organized_data_Nov_2020\PLOG7\A\corrupted, 2010-01-01 14:11:12,true,PLOG7,A,FALSE,FALSE,FALSE,corrupted,false,,
River Logs,PICT0455.ASF,Organized_data_Nov_2020\PLOG7\A\corrupted, 2010-01-01 14:12:52,true,PLOG7,A,FALSE,FALSE,FALSE,corrupted,false,,
River Logs,PICT0456.ASF,Organized_data_Nov_2020\PLOG7\A\corrupted, 2010-01-01 14:16:10,true,PLOG7,A,FALSE,FALSE,FALSE,corrupted,false,,
River Logs,PICT0457.ASF,Organized_data_Nov_2020\PLOG7\A\corrupted, 2010-01-01 14:19:30,true,PLOG7,A,FALSE,FALSE,FALSE,corrupted,false,,
River Logs,PICT0458.ASF,Organized_data_Nov_2020\PLOG7\A\corrupted, 2010-01-01 14:21:08,true,PLOG7,A,FALSE,FALSE,FALSE,corrupted,false,,
River Logs,PICT0459.ASF,Organized_data_Nov_2020\PLOG7\A\corrupted, 2010-01-01 14:22:48,true,PLOG7,A,FALSE,FALSE,FALSE,corrupted,false,,
River Logs,PICT0460.ASF,Organized_data_Nov_2020\PLOG7\A\corrupted, 2010-01-01 14:26:08,true,PLOG7,A,FALSE,FALSE,FALSE,corrupted,false,,
River Logs,PICT0461.ASF,Organized_data_Nov_2020\PLOG7\A\corrupted, 2010-01-01 14:27:46,true,PLOG7,A,FALSE,FALSE,FALSE,corrupted,false,,
River Logs,PICT0462.ASF,Organized_data_Nov_2020\PLOG7\A\corrupted, 2010-01-01 14:31:06,true,PLOG7,A,FALSE,FALSE,FALSE,corrupted,false,,
River Logs,PICT0463.ASF,Organized_data_Nov_2020\PLOG7\A\corrupted, 2010-01-01 14:32:46,true,PLOG7,A,FALSE,FALSE,FALSE,corrupted,false,,
River Logs,PICT0464.ASF,Organized_data_Nov_2020\PLOG7\A\corrupted, 2010-01-01 14:34:24,true,PLOG7,A,FALSE,FALSE,FALSE,corrupted,false,,
River Logs,PICT0465.ASF,Organized_data_Nov_2020\PLOG7\A\corrupted, 2010-01-01 14:36:04,true,PLOG7,A,FALSE,FALSE,FALSE,corrupted,false,,
River Logs,PICT0466.ASF,Organized_data_Nov_2020\PLOG7\A\corrupted, 2010-01-01 15:12:36,true,PLOG7,A,FALSE,FALSE,FALSE,corrupted,false,,
River Logs,PICT0467.ASF,Organized_data_Nov_2020\PLOG7\A\corrupted, 2010-01-01 15:15:54,true,PLOG7,A,FALSE,FALSE,FALSE,corrupted,false,,
River Logs,PICT0468.ASF,Organized_data_Nov_2020\PLOG7\A\corrupted, 2010-01-01 15:22:32,true,PLOG7,A,FALSE,FALSE,FALSE,corrupted,false,,
River Logs,PICT0469.ASF,Organized_data_Nov_2020\PLOG7\A\corrupted, 2010-01-01 15:30:50,true,PLOG7,A,FALSE,FALSE,FALSE,corrupted,false,,
River Logs,PICT0470.ASF,Organized_data_Nov_2020\PLOG7\A\corrupted, 2010-01-01 15:39:08,true,PLOG7,A,FALSE,FALSE,FALSE,corrupted,false,,
River Logs,PICT0471.ASF,Organized_data_Nov_2020\PLOG7\A\corrupted, 2010-01-01 15:40:48,true,PLOG7,A,FALSE,FALSE,FALSE,corrupted,false,,
River Logs,PICT0472.ASF,Organized_data_Nov_2020\PLOG7\A\corrupted, 2010-01-01 15:49:06,true,PLOG7,A,FALSE,FALSE,FALSE,corrupted,false,,
River Logs,PICT0473.ASF,Organized_data_Nov_2020\PLOG7\A\corrupted, 2010-01-01 15:57:24,true,PLOG7,A,FALSE,FALSE,FALSE,corrupted,false,,
River Logs,PICT0474.ASF,Organized_data_Nov_2020\PLOG7\A\corrupted, 2010-01-01 16:04:02,true,PLOG7,A,FALSE,FALSE,FALSE,corrupted,false,,
River Logs,PICT0475.ASF,Organized_data_Nov_2020\PLOG7\A\corrupted, 2010-01-01 16:09:00,true,PLOG7,A,FALSE,FALSE,FALSE,corrupted,false,,
River Logs,PICT0476.ASF,Organized_data_Nov_2020\PLOG7\A\corrupted, 2010-01-01 16:10:40,true,PLOG7,A,FALSE,FALSE,FALSE,corrupted,false,,
River Logs,PICT0477.ASF,Organized_data_Nov_2020\PLOG7\A\corrupted, 2010-01-01 16:15:38,true,PLOG7,A,FALSE,FALSE,FALSE,corrupted,false,,
River Logs,PICT0478.ASF,Organized_data_Nov_2020\PLOG7\A\corrupted, 2010-01-01 16:22:16,true,PLOG7,A,FALSE,FALSE,FALSE,corrupted,false,,
River Logs,PICT0479.ASF,Organized_data_Nov_2020\PLOG7\A\corrupted, 2010-01-01 16:30:34,true,PLOG7,A,FALSE,FALSE,FALSE,corrupted,false,,
River Logs,PICT0480.ASF,Organized_data_Nov_2020\PLOG7\A\corrupted, 2010-01-01 16:32:14,true,PLOG7,A,FALSE,FALSE,FALSE,corrupted,false,,
River Logs,PICT0481.ASF,Organized_data_Nov_2020\PLOG7\A\corrupted, 2010-01-01 16:35:32,true,PLOG7,A,FALSE,FALSE,FALSE,corrupted,false,,
River Logs,PICT0482.ASF,Organized_data_Nov_2020\PLOG7\A\corrupted, 2010-01-01 16:38:52,true,PLOG7,A,FALSE,FALSE,FALSE,corrupted,false,,
River Logs,PICT0483.ASF,Organized_data_Nov_2020\PLOG7\A\corrupted, 2010-01-01 16:43:50,true,PLOG7,A,FALSE,FALSE,FALSE,corrupted,false,,
River Logs,PICT0484.ASF,Organized_data_Nov_2020\PLOG7\A\corrupted, 2010-01-01 16:48:50,true,PLOG7,A,FALSE,FALSE,FALSE,corrupted,false,,
River Logs,PICT0485.ASF,Organized_data_Nov_2020\PLOG7\A\corrupted, 2010-01-01 16:50:28,true,PLOG7,A,FALSE,FALSE,FALSE,corrupted,false,,
River Logs,PICT0486.ASF,Organized_data_Nov_2020\PLOG7\A\corrupted, 2010-01-01 16:52:08,true,PLOG7,A,FALSE,FALSE,FALSE,corrupted,false,,
River Logs,PICT0487.ASF,Organized_data_Nov_2020\PLOG7\A\corrupted, 2010-01-01 17:10:24,true,PLOG7,A,FALSE,FALSE,FALSE,corrupted,false,,
River Logs,PICT0488.ASF,Organized_data_Nov_2020\PLOG7\A\corrupted, 2010-01-01 17:17:02,true,PLOG7,A,FALSE,FALSE,FALSE,corrupted,false,,
River Logs,PICT0489.ASF,Organized_data_Nov_2020\PLOG7\A\corrupted, 2010-01-01 17:18:42,true,PLOG7,A,FALSE,FALSE,FALSE,corrupted,false,,
River Logs,PICT0490.ASF,Organized_data_Nov_2020\PLOG7\A\corrupted, 2010-01-01 17:23:40,true,PLOG7,A,FALSE,FALSE,FALSE,corrupted,false,,
River Logs,PICT0491.ASF,Organized_data_Nov_2020\PLOG7\A\corrupted, 2010-01-01 17:25:20,true,PLOG7,A,FALSE,FALSE,FALSE,corrupted,false,,
River Logs,PICT0492.ASF,Organized_data_Nov_2020\PLOG7\A\corrupted, 2010-01-01 17:43:34,true,PLOG7,A,FALSE,FALSE,FALSE,corrupted,false,,
River Logs,PICT0493.ASF,Organized_data_Nov_2020\PLOG7\A\corrupted, 2010-01-01 17:46:54,true,PLOG7,A,FALSE,FALSE,FALSE,corrupted,false,,
River Logs,PICT0494.ASF,Organized_data_Nov_2020\PLOG7\A\corrupted, 2010-01-01 17:51:52,true,PLOG7,A,FALSE,FALSE,FALSE,corrupted,false,,
River Logs,PICT0495.ASF,Organized_data_Nov_2020\PLOG7\A\corrupted, 2010-01-01 17:58:30,true,PLOG7,A,FALSE,FALSE,FALSE,corrupted,false,,
River Logs,PICT0496.ASF,Organized_data_Nov_2020\PLOG7\A\corrupted, 2010-01-01 18:05:08,true,PLOG7,A,FALSE,FALSE,FALSE,corrupted,false,,
River Logs,PICT0497.ASF,Organized_data_Nov_2020\PLOG7\A\corrupted, 2010-01-01 18:16:46,true,PLOG7,A,FALSE,FALSE,FALSE,corrupted,false,,
River Logs,PICT0498.ASF,Organized_data_Nov_2020\PLOG7\A\corrupted, 2010-01-01 18:31:42,true,PLOG7,A,FALSE,FALSE,FALSE,corrupted,false,,
River Logs,PICT0499.ASF,Organized_data_Nov_2020\PLOG7\A\corrupted, 2010-01-01 18:40:00,true,PLOG7,A,FALSE,FALSE,FALSE,corrupted,false,,
River Logs,PICT0500.ASF,Organized_data_Nov_2020\PLOG7\A\corrupted, 2010-01-01 18:41:38,true,PLOG7,A,FALSE,FALSE,FALSE,corrupted,false,,
River Logs,PICT0501.ASF,Organized_data_Nov_2020\PLOG7\A\corrupted, 2010-01-01 19:01:34,true,PLOG7,A,FALSE,FALSE,FALSE,corrupted,false,,
River Logs,PICT0502.ASF,Organized_data_Nov_2020\PLOG7\A\corrupted, 2010-01-01 19:03:12,true,PLOG7,A,FALSE,FALSE,FALSE,corrupted,false,,
River Logs,PICT0503.ASF,Organized_data_Nov_2020\PLOG7\A\corrupted, 2010-01-01 19:09:50,true,PLOG7,A,FALSE,FALSE,FALSE,corrupted,false,,
River Logs,PICT0504.ASF,Organized_data_Nov_2020\PLOG7\A\corrupted, 2010-01-01 19:19:48,true,PLOG7,A,FALSE,FALSE,FALSE,corrupted,false,,
River Logs,PICT0505.ASF,Organized_data_Nov_2020\PLOG7\A\corrupted, 2010-01-01 19:26:28,true,PLOG7,A,FALSE,FALSE,FALSE,corrupted,false,,
River Logs,PICT0506.ASF,Organized_data_Nov_2020\PLOG7\A\corrupted, 2010-01-01 19:44:42,true,PLOG7,A,FALSE,FALSE,FALSE,corrupted,false,,
River Logs,PICT0507.ASF,Organized_data_Nov_2020\PLOG7\A\corrupted, 2010-01-01 19:53:00,true,PLOG7,A,FALSE,FALSE,FALSE,corrupted,false,,
River Logs,PICT0508.ASF,Organized_data_Nov_2020\PLOG7\A\corrupted, 2010-01-01 20:19:32,true,PLOG7,A,FALSE,FALSE,FALSE,corrupted,false,,
River Logs,PICT0509.ASF,Organized_data_Nov_2020\PLOG7\A\corrupted, 2010-01-01 20:24:30,true,PLOG7,A,FALSE,FALSE,FALSE,corrupted,false,,
River Logs,EK000005.AVI,Organized_data_Nov_2020\PLOG3\B\setup, 2020-05-23 17:30:20,FALSE,PLOG3,B,FALSE,TRUE,FALSE,setup,false,,
River Logs,EK000006.AVI,Organized_data_Nov_2020\PLOG3\B\setup, 2020-05-23 17:31:14,FALSE,PLOG3,B,FALSE,TRUE,FALSE,setup,false,,
River Logs,EK000007.AVI,Organized_data_Nov_2020\PLOG3\B\setup, 2020-05-23 17:32:00,FALSE,PLOG3,B,FALSE,TRUE,FALSE,setup,false,,
River Logs,EK000008.AVI,Organized_data_Nov_2020\PLOG3\B\setup, 2020-05-23 17:33:22,FALSE,PLOG3,B,FALSE,TRUE,FALSE,setup,false,,
River Logs,05231340.AVI,Organized_data_Nov_2020\PLOG3\A\setup, 2020-05-23 17:35:28,FALSE,PLOG3,A,FALSE,TRUE,FALSE,setup,false,,
River Logs,05231341.AVI,Organized_data_Nov_2020\PLOG3\A\setup, 2020-05-23 17:36:20,FALSE,PLOG3,A,FALSE,TRUE,FALSE,setup,false,,
River Logs,05231342.AVI,Organized_data_Nov_2020\PLOG3\A\setup, 2020-05-23 17:37:10,FALSE,PLOG3,A,FALSE,TRUE,FALSE,setup,false,,
River Logs,05231343.AVI,Organized_data_Nov_2020\PLOG3\A\setup, 2020-05-23 17:38:00,FALSE,PLOG3,A,FALSE,TRUE,FALSE,setup,false,,
River Logs,05231344.AVI,Organized_data_Nov_2020\PLOG3\A\on_log\opossum_common, 2020-05-24 01:15:56,FALSE,PLOG3,A,FALSE,FALSE,TRUE,opossum_common,true,,
River Logs,EK000009.AVI,Organized_data_Nov_2020\PLOG3\B\nothing, 2020-05-24 06:35:08,FALSE,PLOG3,B,TRUE,FALSE,FALSE,nothing,false,,
River Logs,05241345.AVI,Organized_data_Nov_2020\PLOG3\A\nothing, 2020-05-24 06:35:18,FALSE,PLOG3,A,TRUE,FALSE,FALSE,nothing,false,,
River Logs,05241346.AVI,Organized_data_Nov_2020\PLOG3\A\on_log\coati, 2020-05-24 13:03:40,FALSE,PLOG3,A,FALSE,FALSE,TRUE,coati,true,,
River Logs,05241347.AVI,Organized_data_Nov_2020\PLOG3\A\on_log\coati, 2020-05-24 13:04:52,FALSE,PLOG3,A,FALSE,FALSE,TRUE,coati,true,,
River Logs,EK000010.AVI,Organized_data_Nov_2020\PLOG3\B\nothing, 2020-05-25 00:11:46,FALSE,PLOG3,B,TRUE,FALSE,FALSE,nothing,false,,
River Logs,EK000011.AVI,Organized_data_Nov_2020\PLOG3\B\nothing, 2020-05-25 00:13:08,FALSE,PLOG3,B,TRUE,FALSE,FALSE,nothing,false,,
River Logs,05241348.AVI,Organized_data_Nov_2020\PLOG3\A\nothing, 2020-05-25 00:13:50,FALSE,PLOG3,A,TRUE,FALSE,FALSE,nothing,false,,
River Logs,EK000012.AVI,Organized_data_Nov_2020\PLOG3\B\unid, 2020-05-25 00:13:54,FALSE,PLOG3,B,FALSE,FALSE,FALSE,uid,false,,
River Logs,EK000013.AVI,Organized_data_Nov_2020\PLOG3\B\nothing, 2020-05-25 03:33:00,FALSE,PLOG3,B,TRUE,FALSE,FALSE,nothing,false,,
River Logs,05251349.AVI,Organized_data_Nov_2020\PLOG3\A\nothing, 2020-05-25 03:33:10,FALSE,PLOG3,A,TRUE,FALSE,FALSE,nothing,false,,
River Logs,EK000001.AVI,Organized_data_Nov_2020\PLOG2\B\setup, 2020-05-25 13:45:52,FALSE,PLOG2,B,FALSE,TRUE,FALSE,setup,false,,
River Logs,EK000001.AVI,Organized_data_Nov_2020\PLOG2\A\setup, 2020-05-25 13:49:50,FALSE,PLOG2,A,FALSE,TRUE,FALSE,setup,false,,
River Logs,05251350.AVI,Organized_data_Nov_2020\PLOG3\A\on_log\opossum_common, 2020-05-25 21:52:42,FALSE,PLOG3,A,FALSE,FALSE,TRUE,opossum_common,true,,
River Logs,05251351.AVI,Organized_data_Nov_2020\PLOG3\A\nothing, 2020-05-25 23:54:38,FALSE,PLOG3,A,TRUE,FALSE,FALSE,nothing,false,,
River Logs,PICT0001.AVI,Organized_data_Nov_2020\PLOG1\setup, 2020-05-26 11:18:16,FALSE,PLOG1,A,FALSE,TRUE,FALSE,setup,false,,
River Logs,PICT0002.AVI,Organized_data_Nov_2020\PLOG1\setup, 2020-05-26 11:20:54,FALSE,PLOG1,A,FALSE,TRUE,FALSE,setup,false,,
River Logs,PICT0003.AVI,Organized_data_Nov_2020\PLOG1\setup, 2020-05-26 11:22:00,FALSE,PLOG1,A,FALSE,TRUE,FALSE,setup,false,,
River Logs,PICT0004.AVI,Organized_data_Nov_2020\PLOG1\setup, 2020-05-26 11:22:48,FALSE,PLOG1,A,FALSE,TRUE,FALSE,setup,false,,
River Logs,PICT0005.AVI,Organized_data_Nov_2020\PLOG1\nothing, 2020-05-26 11:23:52,FALSE,PLOG1,A,TRUE,FALSE,FALSE,nothing,false,,
River Logs,05260004.AVI,Organized_data_Nov_2020\CLOG1\setup, 2020-05-26 12:12:08,FALSE,CLOG1,A,FALSE,TRUE,FALSE,setup,false,,
River Logs,05260005.AVI,Organized_data_Nov_2020\CLOG1\setup, 2020-05-26 12:12:58,FALSE,CLOG1,A,FALSE,TRUE,FALSE,setup,false,,
River Logs,05260006.AVI,Organized_data_Nov_2020\CLOG1\setup, 2020-05-26 12:14:04,FALSE,CLOG1,A,FALSE,TRUE,FALSE,setup,false,,
River Logs,PICT0006.AVI,Organized_data_Nov_2020\PLOG1\off_log\people, 2020-05-26 17:44:14,FALSE,PLOG1,A,FALSE,FALSE,FALSE,people,false,,
River Logs,PICT0007.AVI,Organized_data_Nov_2020\PLOG1\off_log\people, 2020-05-26 18:12:12,FALSE,PLOG1,A,FALSE,FALSE,FALSE,people,false,bucket and net,
River Logs,05261352.AVI,Organized_data_Nov_2020\PLOG3\A\on_log\opossum_common, 2020-05-27 00:34:08,FALSE,PLOG3,A,FALSE,FALSE,TRUE,opossum_common,true,,
River Logs,EK000014.AVI,Organized_data_Nov_2020\PLOG3\B\nothing, 2020-05-27 00:34:28,FALSE,PLOG3,B,TRUE,FALSE,FALSE,nothing,false,,
River Logs,05261353.AVI,Organized_data_Nov_2020\PLOG3\A\on_log\opossum_common, 2020-05-27 00:36:46,FALSE,PLOG3,A,FALSE,FALSE,TRUE,opossum_common,true,,
River Logs,EK000015.AVI,Organized_data_Nov_2020\PLOG3\B\nothing, 2020-05-27 00:37:04,FALSE,PLOG3,B,TRUE,FALSE,FALSE,nothing,false,,
River Logs,EK000016.AVI,Organized_data_Nov_2020\PLOG3\B\nothing, 2020-05-27 01:05:34,FALSE,PLOG3,B,TRUE,FALSE,FALSE,nothing,false,,
River Logs,05261354.AVI,Organized_data_Nov_2020\PLOG3\A\nothing, 2020-05-27 01:05:42,FALSE,PLOG3,A,TRUE,FALSE,FALSE,nothing,false,,
River Logs,PICT0008.AVI,Organized_data_Nov_2020\PLOG1\on_log\ocelot, 2020-05-27 07:33:30,FALSE,PLOG1,A,FALSE,FALSE,TRUE,ocelot,true,,
River Logs,RCNX0001.AVI,Organized_data_Nov_2020\PLOG5\B\setup, 2020-05-27 12:07:44,FALSE,PLOG5,B,FALSE,TRUE,FALSE,setup,false,,
River Logs,RCNX0002.AVI,Organized_data_Nov_2020\PLOG5\B\setup, 2020-05-27 12:09:24,FALSE,PLOG5,B,FALSE,TRUE,FALSE,setup,false,,
River Logs,RCNX0003.AVI,Organized_data_Nov_2020\PLOG5\B\setup, 2020-05-27 12:10:12,FALSE,PLOG5,B,FALSE,TRUE,FALSE,setup,false,,
River Logs,05270001.AVI,Organized_data_Nov_2020\PLOG5\A\setup, 2020-05-27 12:11:08,FALSE,PLOG5,A,FALSE,TRUE,FALSE,setup,false,,
River Logs,05270002.AVI,Organized_data_Nov_2020\PLOG5\A\setup, 2020-05-27 12:11:58,FALSE,PLOG5,A,FALSE,TRUE,FALSE,setup,false,,
River Logs,05270003.AVI,Organized_data_Nov_2020\PLOG5\A\setup, 2020-05-27 12:12:46,FALSE,PLOG5,A,FALSE,TRUE,FALSE,setup,false,,
River Logs,RCNX0004.AVI,Organized_data_Nov_2020\PLOG5\B\setup, 2020-05-27 12:13:44,FALSE,PLOG5,B,FALSE,TRUE,FALSE,setup,false,,
River Logs,RCNX0005.AVI,Organized_data_Nov_2020\PLOG5\B\on_log\tayra, 2020-05-27 17:02:16,FALSE,PLOG5,B,FALSE,FALSE,TRUE,tayra,true,,
River Logs,05270004.AVI,Organized_data_Nov_2020\PLOG5\A\setup, 2020-05-27 17:03:00,FALSE,PLOG5,A,FALSE,TRUE,FALSE,setup,false,,
River Logs,05270005.AVI,Organized_data_Nov_2020\PLOG5\A\off_log\bat, 2020-05-27 22:46:32,FALSE,PLOG5,A,FALSE,FALSE,FALSE,bat,false,,
River Logs,05270007.AVI,Organized_data_Nov_2020\CLOG1\nothing, 2020-05-27 23:01:26,FALSE,CLOG1,A,TRUE,FALSE,FALSE,nothing,false,,
River Logs,05280006.AVI,Organized_data_Nov_2020\PLOG5\A\off_log\tapir, 2020-05-28 03:35:30,FALSE,PLOG5,A,FALSE,FALSE,FALSE,tapir,false,walking in river,
River Logs,EK000002.AVI,Organized_data_Nov_2020\PLOG2\A\on_log\tamandua, 2020-05-28 03:49:42,FALSE,PLOG2,A,FALSE,FALSE,TRUE,tamandua,true,,
River Logs,EK000017.AVI,Organized_data_Nov_2020\PLOG3\B\nothing, 2020-05-28 04:33:38,FALSE,PLOG3,B,TRUE,FALSE,FALSE,nothing,false,,
River Logs,05280007.AVI,Organized_data_Nov_2020\PLOG5\A\on_log\opossum_common, 2020-05-28 04:43:00,FALSE,PLOG5,A,FALSE,FALSE,TRUE,opossum_uid,false,jumping off,
River Logs,05281355.AVI,Organized_data_Nov_2020\PLOG3\A\setup, 2020-05-28 13:19:02,FALSE,PLOG3,A,FALSE,TRUE,FALSE,setup,false,,
River Logs,05281356.AVI,Organized_data_Nov_2020\PLOG3\A\setup, 2020-05-28 13:19:54,FALSE,PLOG3,A,FALSE,TRUE,FALSE,setup,false,,
River Logs,05281357.AVI,Organized_data_Nov_2020\PLOG3\A\setup, 2020-05-28 13:20:44,FALSE,PLOG3,A,FALSE,TRUE,FALSE,setup,false,,
River Logs,05281358.AVI,Organized_data_Nov_2020\PLOG3\A\setup, 2020-05-28 13:22:22,FALSE,PLOG3,A,FALSE,TRUE,FALSE,setup,false,,
River Logs,05281359.AVI,Organized_data_Nov_2020\PLOG3\A\nothing, 2020-05-28 13:25:06,FALSE,PLOG3,A,TRUE,FALSE,FALSE,nothing,false,,
River Logs,EK000003.AVI,Organized_data_Nov_2020\PLOG2\A\nothing, 2020-05-28 13:39:32,FALSE,PLOG2,A,TRUE,FALSE,FALSE,nothing,false,,
River Logs,05280008.AVI,Organized_data_Nov_2020\CLOG1\on_log\lizard_uid, 2020-05-28 13:52:32,FALSE,CLOG1,A,FALSE,FALSE,TRUE,lizard_uid,false,,
River Logs,EK000004.AVI,Organized_data_Nov_2020\PLOG2\A\nothing, 2020-05-28 14:00:54,FALSE,PLOG2,A,TRUE,FALSE,FALSE,nothing,false,,
River Logs,EK000005.AVI,Organized_data_Nov_2020\PLOG2\A\nothing, 2020-05-28 14:23:24,FALSE,PLOG2,A,TRUE,FALSE,FALSE,nothing,false,,
River Logs,EK000006.AVI,Organized_data_Nov_2020\PLOG2\A\on_log\coati, 2020-05-28 14:56:06,FALSE,PLOG2,A,FALSE,FALSE,TRUE,coati,true,,
River Logs,EK000007.AVI,Organized_data_Nov_2020\PLOG2\A\setup, 2020-05-28 15:36:46,FALSE,PLOG2,A,FALSE,TRUE,FALSE,setup,false,,
River Logs,EK000008.AVI,Organized_data_Nov_2020\PLOG2\A\setup, 2020-05-28 15:40:30,FALSE,PLOG2,A,FALSE,TRUE,FALSE,setup,false,,
River Logs,EK000009.AVI,Organized_data_Nov_2020\PLOG2\A\setup, 2020-05-28 15:42:40,FALSE,PLOG2,A,FALSE,TRUE,FALSE,setup,false,,
River Logs,EK000010.AVI,Organized_data_Nov_2020\PLOG2\A\setup, 2020-05-28 15:43:42,FALSE,PLOG2,A,FALSE,TRUE,FALSE,setup,false,,
River Logs,EK000011.AVI,Organized_data_Nov_2020\PLOG2\A\setup, 2020-05-28 15:44:28,FALSE,PLOG2,A,FALSE,TRUE,FALSE,setup,false,,
River Logs,EK000012.AVI,Organized_data_Nov_2020\PLOG2\A\setup, 2020-05-28 15:45:14,FALSE,PLOG2,A,FALSE,TRUE,FALSE,setup,false,,
River Logs,EK000013.AVI,Organized_data_Nov_2020\PLOG2\A\setup, 2020-05-28 15:46:38,FALSE,PLOG2,A,FALSE,TRUE,FALSE,setup,false,,
River Logs,EK000018.AVI,Organized_data_Nov_2020\PLOG3\B\nothing, 2020-05-28 15:57:20,FALSE,PLOG3,B,TRUE,FALSE,FALSE,nothing,false,,
River Logs,EK000019.AVI,Organized_data_Nov_2020\PLOG3\B\people, 2020-05-28 16:00:30,FALSE,PLOG3,B,FALSE,FALSE,FALSE,people,false,,
River Logs,EK000020.AVI,Organized_data_Nov_2020\PLOG3\B\people, 2020-05-28 16:01:18,FALSE,PLOG3,B,FALSE,FALSE,FALSE,people,false,,
River Logs,EK000021.AVI,Organized_data_Nov_2020\PLOG3\B\people, 2020-05-28 16:02:22,FALSE,PLOG3,B,FALSE,FALSE,FALSE,people,false,,
River Logs,PICT0009.AVI,Organized_data_Nov_2020\PLOG1\on_log\uid, 2020-05-28 16:04:02,FALSE,PLOG1,A,FALSE,FALSE,TRUE,uid,false,,
River Logs,05280009.AVI,Organized_data_Nov_2020\CLOG1\people, 2020-05-28 16:49:06,FALSE,CLOG1,A,FALSE,FALSE,FALSE,people,true,,
River Logs,05280010.AVI,Organized_data_Nov_2020\CLOG1\nothing, 2020-05-28 17:01:44,FALSE,CLOG1,A,TRUE,FALSE,FALSE,nothing,false,,
River Logs,PICT0010.AVI,Organized_data_Nov_2020\PLOG1\off_log\people, 2020-05-28 20:00:20,FALSE,PLOG1,A,FALSE,FALSE,FALSE,people,false,,
River Logs,RCNX0006.AVI,Organized_data_Nov_2020\PLOG5\B\on_log\opossum_common, 2020-05-28 23:44:10,FALSE,PLOG5,B,FALSE,FALSE,TRUE,opossum_common,true,,
River Logs,EK000014.AVI,Organized_data_Nov_2020\PLOG2\A\on_log\skunk_striped, 2020-05-29 02:53:22,FALSE,PLOG2,A,FALSE,FALSE,TRUE,skunk_striped,true,,
River Logs,PICT0011.AVI,Organized_data_Nov_2020\PLOG1\on_log\tamandua, 2020-05-29 05:40:16,FALSE,PLOG1,A,FALSE,FALSE,TRUE,tamandua,true,,
River Logs,PICT0012.AVI,Organized_data_Nov_2020\PLOG1\on_log\tamandua, 2020-05-29 06:09:24,FALSE,PLOG1,A,FALSE,FALSE,TRUE,tamandua,true,,
River Logs,PICT0013.AVI,Organized_data_Nov_2020\PLOG1\on_log\uid, 2020-05-29 06:23:18,FALSE,PLOG1,A,FALSE,FALSE,TRUE,uid,false,,
River Logs,05291361.AVI,Organized_data_Nov_2020\PLOG3\A\nothing, 2020-05-29 08:14:02,FALSE,PLOG3,A,TRUE,FALSE,FALSE,nothing,false,,
River Logs,PICT0014.AVI,Organized_data_Nov_2020\PLOG1\on_log\coati, 2020-05-29 12:03:26,FALSE,PLOG1,A,FALSE,FALSE,TRUE,coati,true,marking,
River Logs,EK000015.AVI,Organized_data_Nov_2020\PLOG2\A\on_log\ocelot, 2020-05-29 12:15:50,FALSE,PLOG2,A,FALSE,FALSE,TRUE,ocelot,true,,
River Logs,PICT0015.AVI,Organized_data_Nov_2020\PLOG1\on_log\coati, 2020-05-29 12:41:22,FALSE,PLOG1,A,FALSE,FALSE,TRUE,coati,true,,
River Logs,PICT0016.AVI,Organized_data_Nov_2020\PLOG1\on_log\ocelot, 2020-05-29 12:43:24,FALSE,PLOG1,A,FALSE,FALSE,TRUE,ocelot,true,,
River Logs,05291362.AVI,Organized_data_Nov_2020\PLOG3\A\on_log\bird, 2020-05-29 12:50:02,FALSE,PLOG3,A,FALSE,FALSE,TRUE,bird,false,,
River Logs,EK000022.AVI,Organized_data_Nov_2020\PLOG3\B\people, 2020-05-29 12:59:02,FALSE,PLOG3,B,FALSE,FALSE,true,curassow_great,false,,
River Logs,05290011.AVI,Organized_data_Nov_2020\CLOG1\on_log\lizard_uid, 2020-05-29 13:59:16,FALSE,CLOG1,A,FALSE,FALSE,TRUE,lizard_uid,false,,
River Logs,05290012.AVI,Organized_data_Nov_2020\CLOG1\on_log\lizard_uid, 2020-05-29 14:00:28,FALSE,CLOG1,A,FALSE,FALSE,TRUE,lizard_uid,false,,
River Logs,05290013.AVI,Organized_data_Nov_2020\CLOG1\nothing, 2020-05-29 14:32:04,FALSE,CLOG1,A,TRUE,FALSE,FALSE,nothing,false,,
River Logs,05290014.AVI,Organized_data_Nov_2020\CLOG1\on_log\lizard_uid, 2020-05-29 14:56:04,FALSE,CLOG1,A,FALSE,FALSE,TRUE,lizard_uid,false,,
River Logs,RCNX0007.AVI,Organized_data_Nov_2020\PLOG5\B\on_log\bird, 2020-05-29 15:09:32,FALSE,PLOG5,B,FALSE,FALSE,TRUE,bird,false,,
River Logs,05290004.AVI,Organized_data_Nov_2020\PLOG6\setup, 2020-05-29 15:25:32,FALSE,PLOG6,A,FALSE,TRUE,FALSE,setup,false,,
River Logs,05290005.AVI,Organized_data_Nov_2020\PLOG6\setup, 2020-05-29 15:50:26,FALSE,PLOG6,A,FALSE,TRUE,FALSE,setup,false,,
River Logs,05290006.AVI,Organized_data_Nov_2020\PLOG6\setup, 2020-05-29 15:51:20,FALSE,PLOG6,A,FALSE,TRUE,FALSE,setup,false,,
River Logs,05290007.AVI,Organized_data_Nov_2020\PLOG6\setup, 2020-05-29 15:52:48,FALSE,PLOG6,A,FALSE,TRUE,FALSE,setup,false,,
River Logs,EK000001.AVI,Organized_data_Nov_2020\PLOG7\A\setup, 2020-05-29 17:15:10,FALSE,PLOG7,A,FALSE,TRUE,FALSE,setup,false,,
River Logs,EK000002.AVI,Organized_data_Nov_2020\PLOG7\A\setup, 2020-05-29 17:16:08,FALSE,PLOG7,A,FALSE,TRUE,FALSE,setup,false,,
River Logs,05290008.AVI,Organized_data_Nov_2020\PLOG6\setup, 2020-05-29 17:39:30,FALSE,PLOG6,A,FALSE,TRUE,FALSE,setup,false,,
River Logs,05291363.AVI,Organized_data_Nov_2020\PLOG3\A\on_log\opossum_common, 2020-05-29 18:58:30,FALSE,PLOG3,A,FALSE,FALSE,TRUE,opossum_common,true,,
River Logs,05290009.AVI,Organized_data_Nov_2020\PLOG6\nothing, 2020-05-29 22:21:00,FALSE,PLOG6,A,TRUE,FALSE,FALSE,nothing,false,,
River Logs,05291364.AVI,Organized_data_Nov_2020\PLOG3\A\on_log\raccoon, 2020-05-29 22:37:16,FALSE,PLOG3,A,FALSE,FALSE,TRUE,raccoon,true,,
River Logs,EK000023.AVI,Organized_data_Nov_2020\PLOG3\B\nothing, 2020-05-30 00:33:02,FALSE,PLOG3,B,TRUE,FALSE,FALSE,nothing,false,,
River Logs,EK000024.AVI,Organized_data_Nov_2020\PLOG3\B\unid, 2020-05-30 01:15:30,FALSE,PLOG3,B,FALSE,FALSE,FALSE,uid,false,,
River Logs,EK000016.AVI,Organized_data_Nov_2020\PLOG2\A\on_log\raccoon, 2020-05-30 04:40:58,FALSE,PLOG2,A,FALSE,FALSE,TRUE,raccoon,true,,
River Logs,05300008.AVI,Organized_data_Nov_2020\PLOG5\A\on_log\opossum_common, 2020-05-30 05:15:10,FALSE,PLOG5,A,FALSE,FALSE,TRUE,opossum_common,true,,
River Logs,RCNX0008.AVI,Organized_data_Nov_2020\PLOG5\B\on_log\opossum_common, 2020-05-30 05:15:26,FALSE,PLOG5,B,FALSE,FALSE,TRUE,opossum_common,true,,
River Logs,05300009.AVI,Organized_data_Nov_2020\PLOG5\A\off_log\bat, 2020-05-30 06:22:56,FALSE,PLOG5,A,FALSE,FALSE,FALSE,bat,false,,
River Logs,05300010.AVI,Organized_data_Nov_2020\PLOG6\on_log\curassow_great, 2020-05-30 09:00:38,FALSE,PLOG6,A,FALSE,FALSE,TRUE,curassow_great,true,,
River Logs,05300011.AVI,Organized_data_Nov_2020\PLOG6\on_log\curassow_great, 2020-05-30 09:24:12,FALSE,PLOG6,A,FALSE,FALSE,TRUE,curassow_great,true,,
River Logs,05300012.AVI,Organized_data_Nov_2020\PLOG6\on_log\curassow_great, 2020-05-30 09:25:18,FALSE,PLOG6,A,FALSE,FALSE,TRUE,curassow_great,true,,
River Logs,05300010.AVI,Organized_data_Nov_2020\PLOG5\A\on_log\bird, 2020-05-30 19:24:22,FALSE,PLOG5,A,FALSE,FALSE,TRUE,bird,false,,
River Logs,05300011.AVI,Organized_data_Nov_2020\PLOG5\A\on_log\bird, 2020-05-30 19:39:32,FALSE,PLOG5,A,FALSE,FALSE,TRUE,bird,false,,
River Logs,PICT0017.AVI,Organized_data_Nov_2020\PLOG1\on_log\tamandua, 2020-05-30 23:16:50,FALSE,PLOG1,A,FALSE,FALSE,TRUE,tamandua,true,,
River Logs,EK000025.AVI,Organized_data_Nov_2020\PLOG3\B\nothing, 2020-05-31 00:58:46,FALSE,PLOG3,B,TRUE,FALSE,FALSE,nothing,false,,
River Logs,RCNX0009.AVI,Organized_data_Nov_2020\PLOG5\B\on_log\skunk_striped, 2020-05-31 03:32:00,FALSE,PLOG5,B,FALSE,FALSE,TRUE,skunk_striped,false,foraging,
River Logs,EK000017.AVI,Organized_data_Nov_2020\PLOG2\A\nothing, 2020-05-31 04:26:32,FALSE,PLOG2,A,TRUE,FALSE,FALSE,nothing,false,,
River Logs,EK000018.AVI,Organized_data_Nov_2020\PLOG2\A\on_log\paca, 2020-05-31 05:52:08,FALSE,PLOG2,A,FALSE,FALSE,TRUE,paca,false,,
River Logs,05310013.AVI,Organized_data_Nov_2020\PLOG6\on_log\agouti, 2020-05-31 06:04:06,FALSE,PLOG6,A,FALSE,FALSE,TRUE,rodent,true,,
River Logs,EK000026.AVI,Organized_data_Nov_2020\PLOG3\B\nothing, 2020-05-31 06:32:16,FALSE,PLOG3,B,TRUE,FALSE,FALSE,nothing,false,,
River Logs,PICT0018.AVI,Organized_data_Nov_2020\PLOG1\on_log\coati, 2020-05-31 10:42:18,FALSE,PLOG1,A,FALSE,FALSE,TRUE,coati,true,marking,
River Logs,RCNX0010.AVI,Organized_data_Nov_2020\PLOG5\B\on_log\tayra, 2020-05-31 13:03:50,FALSE,PLOG5,B,FALSE,FALSE,TRUE,tayra,true,,
River Logs,05310012.AVI,Organized_data_Nov_2020\PLOG5\A\nothing, 2020-05-31 13:04:26,FALSE,PLOG5,A,TRUE,FALSE,FALSE,nothing,false,,
River Logs,PICT0019.AVI,Organized_data_Nov_2020\PLOG1\nothing, 2020-05-31 13:10:06,FALSE,PLOG1,A,TRUE,FALSE,FALSE,nothing,false,,
River Logs,05311365.AVI,Organized_data_Nov_2020\PLOG3\A\on_log\tayra, 2020-05-31 13:47:06,FALSE,PLOG3,A,FALSE,FALSE,TRUE,tayra,true,,
River Logs,EK000027.AVI,Organized_data_Nov_2020\PLOG3\B\nothing, 2020-05-31 16:25:00,FALSE,PLOG3,B,TRUE,FALSE,FALSE,nothing,false,,
River Logs,05310014.AVI,Organized_data_Nov_2020\PLOG6\on_log\opossum_common, 2020-05-31 20:44:54,FALSE,PLOG6,A,FALSE,FALSE,TRUE,opossum_common,true,,
River Logs,05311366.AVI,Organized_data_Nov_2020\PLOG3\A\on_log\opossum_common, 2020-05-31 22:03:04,FALSE,PLOG3,A,FALSE,FALSE,TRUE,opossum_common,true,,
River Logs,EK000028.AVI,Organized_data_Nov_2020\PLOG3\B\nothing, 2020-06-01 00:40:34,FALSE,PLOG3,B,TRUE,FALSE,FALSE,nothing,false,,
River Logs,PICT0020.AVI,Organized_data_Nov_2020\PLOG1\nothing, 2020-06-01 09:15:32,FALSE,PLOG1,A,TRUE,FALSE,FALSE,nothing,false,,
River Logs,06010015.AVI,Organized_data_Nov_2020\CLOG1\on_log\bird, 2020-06-01 09:26:40,FALSE,CLOG1,A,FALSE,FALSE,TRUE,bird,false,,
River Logs,06010015.AVI,Organized_data_Nov_2020\CLOG1\on_log\curassow_great, 2020-06-01 09:26:40,FALSE,CLOG1,A,FALSE,FALSE,TRUE,bird,false,,
River Logs,EK000019.AVI,Organized_data_Nov_2020\PLOG2\A\nothing, 2020-06-01 10:13:08,FALSE,PLOG2,A,TRUE,FALSE,FALSE,nothing,false,,
River Logs,06010015.AVI,Organized_data_Nov_2020\PLOG6\on_log\coati, 2020-06-01 10:29:08,FALSE,PLOG6,A,FALSE,FALSE,TRUE,coati,true,,
River Logs,EK000003.AVI,Organized_data_Nov_2020\PLOG7\A\off_log\curassow_great, 2020-06-01 10:58:12,FALSE,PLOG7,A,FALSE,FALSE,FALSE,curassow_great,false,,
River Logs,PICT0021.AVI,Organized_data_Nov_2020\PLOG1\off_log\horse, 2020-06-01 11:48:50,FALSE,PLOG1,A,FALSE,FALSE,FALSE,horse,false,,
River Logs,PICT0022.AVI,Organized_data_Nov_2020\PLOG1\nothing, 2020-06-01 11:52:20,FALSE,PLOG1,A,TRUE,FALSE,FALSE,nothing,false,,
River Logs,PICT0023.AVI,Organized_data_Nov_2020\PLOG1\off_log\horse, 2020-06-01 11:54:22,FALSE,PLOG1,A,FALSE,FALSE,FALSE,horse,false,,
River Logs,PICT0024.AVI,Organized_data_Nov_2020\PLOG1\nothing, 2020-06-01 11:57:56,FALSE,PLOG1,A,TRUE,FALSE,FALSE,nothing,false,,
River Logs,PICT0025.AVI,Organized_data_Nov_2020\PLOG1\off_log\horse, 2020-06-01 12:18:12,FALSE,PLOG1,A,FALSE,FALSE,FALSE,horse,false,,
River Logs,PICT0026.AVI,Organized_data_Nov_2020\PLOG1\off_log\horse, 2020-06-01 12:50:26,FALSE,PLOG1,A,FALSE,FALSE,FALSE,horse,false,,
River Logs,PICT0027.AVI,Organized_data_Nov_2020\PLOG1\off_log\horse, 2020-06-01 12:51:38,FALSE,PLOG1,A,FALSE,FALSE,FALSE,horse,false,,
River Logs,PICT0028.AVI,Organized_data_Nov_2020\PLOG1\off_log\horse, 2020-06-01 12:53:08,FALSE,PLOG1,A,FALSE,FALSE,FALSE,horse,false,,
River Logs,PICT0029.AVI,Organized_data_Nov_2020\PLOG1\off_log\horse, 2020-06-01 12:53:56,FALSE,PLOG1,A,FALSE,FALSE,FALSE,horse,false,,
River Logs,EK000020.AVI,Organized_data_Nov_2020\PLOG2\A\on_log\tayra, 2020-06-01 14:35:32,FALSE,PLOG2,A,FALSE,FALSE,TRUE,tayra,true,,
River Logs,RCNX0011.AVI,Organized_data_Nov_2020\PLOG5\B\on_log\tayra, 2020-06-01 15:32:52,FALSE,PLOG5,B,FALSE,FALSE,TRUE,tayra,true,,
River Logs,06010016.AVI,Organized_data_Nov_2020\CLOG1\nothing, 2020-06-01 17:57:08,FALSE,CLOG1,A,TRUE,FALSE,FALSE,nothing,false,,
River Logs,06010017.AVI,Organized_data_Nov_2020\CLOG1\nothing, 2020-06-01 18:14:58,FALSE,CLOG1,A,TRUE,FALSE,FALSE,nothing,false,,
River Logs,RCNX0012.AVI,Organized_data_Nov_2020\PLOG5\B\on_log\tayra, 2020-06-01 18:23:08,FALSE,PLOG5,B,FALSE,FALSE,TRUE,tayra,true,hunting,
River Logs,RCNX0013.AVI,Organized_data_Nov_2020\PLOG5\B\on_log\opossum_common, 2020-06-01 21:10:08,FALSE,PLOG5,B,FALSE,FALSE,TRUE,opossum_common,true,,
River Logs,06010013.AVI,Organized_data_Nov_2020\PLOG5\A\on_log\opossum_common, 2020-06-01 21:11:00,FALSE,PLOG5,A,FALSE,FALSE,TRUE,opossum_common,true,,
River Logs,06011367.AVI,Organized_data_Nov_2020\PLOG3\A\on_log\ocelot, 2020-06-01 23:13:24,FALSE,PLOG3,A,FALSE,FALSE,TRUE,ocelot,true,,
River Logs,06010016.AVI,Organized_data_Nov_2020\PLOG6\on_log\skunk_striped, 2020-06-02 01:07:56,FALSE,PLOG6,A,FALSE,FALSE,TRUE,skunk_striped,true,,
River Logs,EK000021.AVI,Organized_data_Nov_2020\PLOG2\A\on_log\ocelot, 2020-06-02 01:52:02,FALSE,PLOG2,A,FALSE,FALSE,TRUE,ocelot,true,,
River Logs,06020017.AVI,Organized_data_Nov_2020\PLOG6\on_log\rodent, 2020-06-02 03:15:28,FALSE,PLOG6,A,FALSE,FALSE,TRUE,rodent,true,,
River Logs,06020018.AVI,Organized_data_Nov_2020\PLOG6\on_log\rodent, 2020-06-02 03:16:32,FALSE,PLOG6,A,FALSE,FALSE,TRUE,rodent,false,,
River Logs,06020019.AVI,Organized_data_Nov_2020\PLOG6\on_log\tamandua, 2020-06-02 03:37:18,FALSE,PLOG6,A,FALSE,FALSE,TRUE,tamandua,true,,
River Logs,06020020.AVI,Organized_data_Nov_2020\PLOG6\on_log\skunk_striped, 2020-06-02 04:14:48,FALSE,PLOG6,A,FALSE,FALSE,TRUE,skunk_striped,true,,
River Logs,RCNX0014.AVI,Organized_data_Nov_2020\PLOG5\B\on_log\puma, 2020-06-02 04:16:46,FALSE,PLOG5,B,FALSE,FALSE,TRUE,puma,true,,
River Logs,06020014.AVI,Organized_data_Nov_2020\PLOG5\A\on_log\puma, 2020-06-02 04:17:24,FALSE,PLOG5,A,FALSE,FALSE,TRUE,puma,true,,
River Logs,EK000022.AVI,Organized_data_Nov_2020\PLOG2\A\on_log\tamandua, 2020-06-02 05:14:16,FALSE,PLOG2,A,FALSE,FALSE,TRUE,tamandua,true,,
River Logs,EK000023.AVI,Organized_data_Nov_2020\PLOG2\A\on_log\tamandua, 2020-06-02 05:17:36,FALSE,PLOG2,A,FALSE,FALSE,TRUE,tamandua,false,,
River Logs,EK000024.AVI,Organized_data_Nov_2020\PLOG2\A\setup, 2020-06-02 11:34:28,FALSE,PLOG2,A,FALSE,TRUE,FALSE,setup,false,,
River Logs,EK000025.AVI,Organized_data_Nov_2020\PLOG2\A\setup, 2020-06-02 11:35:16,FALSE,PLOG2,A,FALSE,TRUE,FALSE,setup,false,,
River Logs,EK000026.AVI,Organized_data_Nov_2020\PLOG2\A\setup, 2020-06-02 11:36:24,FALSE,PLOG2,A,FALSE,TRUE,FALSE,setup,false,,
River Logs,EK000027.AVI,Organized_data_Nov_2020\PLOG2\A\setup, 2020-06-02 11:37:10,FALSE,PLOG2,A,FALSE,TRUE,FALSE,setup,false,,
River Logs,EK000028.AVI,Organized_data_Nov_2020\PLOG2\A\setup, 2020-06-02 11:38:02,FALSE,PLOG2,A,FALSE,TRUE,FALSE,setup,false,,
River Logs,EK000029.AVI,Organized_data_Nov_2020\PLOG2\A\setup, 2020-06-02 11:39:00,FALSE,PLOG2,A,FALSE,TRUE,FALSE,setup,false,,
River Logs,EK000030.AVI,Organized_data_Nov_2020\PLOG2\A\setup, 2020-06-02 11:40:34,FALSE,PLOG2,A,FALSE,TRUE,FALSE,setup,false,,
River Logs,EK000031.AVI,Organized_data_Nov_2020\PLOG2\A\setup, 2020-06-02 11:48:22,FALSE,PLOG2,A,FALSE,TRUE,FALSE,setup,false,,
River Logs,EK000032.AVI,Organized_data_Nov_2020\PLOG2\A\setup, 2020-06-02 11:49:06,FALSE,PLOG2,A,FALSE,TRUE,FALSE,setup,false,,
River Logs,EK000033.AVI,Organized_data_Nov_2020\PLOG2\A\setup, 2020-06-02 11:49:52,FALSE,PLOG2,A,FALSE,TRUE,FALSE,setup,false,,
River Logs,EK000034.AVI,Organized_data_Nov_2020\PLOG2\A\setup, 2020-06-02 11:50:56,FALSE,PLOG2,A,FALSE,TRUE,FALSE,setup,false,,
River Logs,EK000035.AVI,Organized_data_Nov_2020\PLOG2\A\setup, 2020-06-02 11:52:22,FALSE,PLOG2,A,FALSE,TRUE,FALSE,setup,false,,
River Logs,EK000036.AVI,Organized_data_Nov_2020\PLOG2\A\setup, 2020-06-02 11:58:48,FALSE,PLOG2,A,FALSE,TRUE,FALSE,setup,false,,
River Logs,EK000037.AVI,Organized_data_Nov_2020\PLOG2\A\setup, 2020-06-02 12:03:48,FALSE,PLOG2,A,FALSE,TRUE,FALSE,setup,false,,
River Logs,EK000038.AVI,Organized_data_Nov_2020\PLOG2\A\setup, 2020-06-02 12:05:58,FALSE,PLOG2,A,FALSE,TRUE,FALSE,setup,false,,
River Logs,EK000039.AVI,Organized_data_Nov_2020\PLOG2\A\setup, 2020-06-02 12:06:46,FALSE,PLOG2,A,FALSE,TRUE,FALSE,setup,false,,
River Logs,EK000040.AVI,Organized_data_Nov_2020\PLOG2\A\setup, 2020-06-02 12:08:16,FALSE,PLOG2,A,FALSE,TRUE,FALSE,setup,false,,
River Logs,EK000041.AVI,Organized_data_Nov_2020\PLOG2\A\setup, 2020-06-02 12:10:26,FALSE,PLOG2,A,FALSE,TRUE,FALSE,setup,false,,
River Logs,EK000042.AVI,Organized_data_Nov_2020\PLOG2\A\setup, 2020-06-02 12:11:12,FALSE,PLOG2,A,FALSE,TRUE,FALSE,setup,false,,
River Logs,EK000043.AVI,Organized_data_Nov_2020\PLOG2\A\setup, 2020-06-02 12:12:02,FALSE,PLOG2,A,FALSE,TRUE,FALSE,setup,false,,
River Logs,EK000044.AVI,Organized_data_Nov_2020\PLOG2\A\setup, 2020-06-02 12:16:12,FALSE,PLOG2,A,FALSE,TRUE,FALSE,setup,false,,
River Logs,EK000045.AVI,Organized_data_Nov_2020\PLOG2\A\setup, 2020-06-02 12:17:24,FALSE,PLOG2,A,FALSE,TRUE,FALSE,setup,false,,
River Logs,EK000004.AVI,Organized_data_Nov_2020\PLOG7\A\off_log\puma, 2020-06-02 13:43:06,FALSE,PLOG7,A,FALSE,FALSE,FALSE,puma,false,,
River Logs,EK000046.AVI,Organized_data_Nov_2020\PLOG2\A\setup, 2020-06-02 13:49:08,FALSE,PLOG2,A,FALSE,TRUE,FALSE,setup,false,,
River Logs,EK000047.AVI,Organized_data_Nov_2020\PLOG2\A\setup, 2020-06-02 13:51:48,FALSE,PLOG2,A,FALSE,TRUE,FALSE,setup,false,,
River Logs,EK000048.AVI,Organized_data_Nov_2020\PLOG2\A\setup, 2020-06-02 13:56:22,FALSE,PLOG2,A,FALSE,TRUE,FALSE,setup,false,,
River Logs,EK000049.AVI,Organized_data_Nov_2020\PLOG2\A\setup, 2020-06-02 13:57:34,FALSE,PLOG2,A,FALSE,TRUE,FALSE,setup,false,,
River Logs,EK000050.AVI,Organized_data_Nov_2020\PLOG2\A\setup, 2020-06-02 14:00:06,FALSE,PLOG2,A,FALSE,TRUE,FALSE,setup,false,,
River Logs,EK000051.AVI,Organized_data_Nov_2020\PLOG2\A\setup, 2020-06-02 14:01:04,FALSE,PLOG2,A,FALSE,TRUE,FALSE,setup,false,,
River Logs,EK000052.AVI,Organized_data_Nov_2020\PLOG2\A\setup, 2020-06-02 14:04:06,FALSE,PLOG2,A,FALSE,TRUE,FALSE,setup,false,,
River Logs,EK000053.AVI,Organized_data_Nov_2020\PLOG2\A\setup, 2020-06-02 14:05:18,FALSE,PLOG2,A,FALSE,TRUE,FALSE,setup,false,,
River Logs,EK000054.AVI,Organized_data_Nov_2020\PLOG2\A\setup, 2020-06-02 14:07:22,FALSE,PLOG2,A,FALSE,TRUE,FALSE,setup,false,,
River Logs,EK000055.AVI,Organized_data_Nov_2020\PLOG2\A\setup, 2020-06-02 14:08:22,FALSE,PLOG2,A,FALSE,TRUE,FALSE,setup,false,,
River Logs,EK000056.AVI,Organized_data_Nov_2020\PLOG2\A\setup, 2020-06-02 14:09:28,FALSE,PLOG2,A,FALSE,TRUE,FALSE,setup,false,,
River Logs,EK000057.AVI,Organized_data_Nov_2020\PLOG2\A\setup, 2020-06-02 14:27:08,FALSE,PLOG2,A,FALSE,TRUE,FALSE,setup,false,,
River Logs,EK000058.AVI,Organized_data_Nov_2020\PLOG2\A\setup, 2020-06-02 14:37:46,FALSE,PLOG2,A,FALSE,TRUE,FALSE,setup,false,,
River Logs,EK000059.AVI,Organized_data_Nov_2020\PLOG2\A\setup, 2020-06-02 14:42:26,FALSE,PLOG2,A,FALSE,TRUE,FALSE,setup,false,,
River Logs,EK000060.AVI,Organized_data_Nov_2020\PLOG2\A\setup, 2020-06-02 14:43:20,FALSE,PLOG2,A,FALSE,TRUE,FALSE,setup,false,,
River Logs,EK000061.AVI,Organized_data_Nov_2020\PLOG2\A\setup, 2020-06-02 14:44:18,FALSE,PLOG2,A,FALSE,TRUE,FALSE,setup,false,,
River Logs,EK000062.AVI,Organized_data_Nov_2020\PLOG2\A\setup, 2020-06-02 14:47:52,FALSE,PLOG2,A,FALSE,TRUE,FALSE,setup,false,,
River Logs,EK000063.AVI,Organized_data_Nov_2020\PLOG2\A\setup, 2020-06-02 14:48:58,FALSE,PLOG2,A,FALSE,TRUE,FALSE,setup,false,,
River Logs,PICT0030.AVI,Organized_data_Nov_2020\PLOG1\nothing, 2020-06-02 18:25:36,FALSE,PLOG1,A,TRUE,FALSE,FALSE,nothing,false,,
River Logs,RCNX0015.AVI,Organized_data_Nov_2020\PLOG5\B\on_log\skunk_striped, 2020-06-03 04:58:32,FALSE,PLOG5,B,FALSE,FALSE,TRUE,skunk_striped,true,,
River Logs,06030015.AVI,Organized_data_Nov_2020\PLOG5\A\nothing, 2020-06-03 04:59:26,FALSE,PLOG5,A,TRUE,FALSE,FALSE,nothing,false,,
River Logs,06030016.AVI,Organized_data_Nov_2020\PLOG5\A\nothing, 2020-06-03 06:33:44,FALSE,PLOG5,A,TRUE,FALSE,FALSE,nothing,false,,
River Logs,PICT0031.AVI,Organized_data_Nov_2020\PLOG1\on_log\tamandua, 2020-06-03 07:17:32,FALSE,PLOG1,A,FALSE,FALSE,TRUE,tamandua,true,,
River Logs,PICT0032.AVI,Organized_data_Nov_2020\PLOG1\on_log\coati, 2020-06-03 09:52:38,FALSE,PLOG1,A,FALSE,FALSE,TRUE,coati,true,,
River Logs,EK000064.AVI,Organized_data_Nov_2020\PLOG2\A\nothing, 2020-06-03 11:58:24,FALSE,PLOG2,A,TRUE,FALSE,FALSE,nothing,false,,
River Logs,RCNX0016.AVI,Organized_data_Nov_2020\PLOG5\B\on_log\tayra, 2020-06-03 12:06:52,FALSE,PLOG5,B,FALSE,FALSE,TRUE,tayra,true,,
River Logs,EK000065.AVI,Organized_data_Nov_2020\PLOG2\A\on_log\capuchin_whitefaced, 2020-06-03 12:10:12,FALSE,PLOG2,A,FALSE,FALSE,TRUE,capuchin_whitefaced,true,,
River Logs,RCNX0017.AVI,Organized_data_Nov_2020\PLOG5\B\on_log\tayra, 2020-06-03 14:37:24,FALSE,PLOG5,B,FALSE,FALSE,TRUE,tayra,true,,
River Logs,06030018.AVI,Organized_data_Nov_2020\CLOG1\nothing, 2020-06-03 15:25:34,FALSE,CLOG1,A,TRUE,FALSE,FALSE,nothing,false,,
River Logs,06030019.AVI,Organized_data_Nov_2020\CLOG1\on_log\bird, 2020-06-03 19:07:26,FALSE,CLOG1,A,FALSE,FALSE,TRUE,curassow_great,false,,
River Logs,PICT0033.AVI,Organized_data_Nov_2020\PLOG1\on_log\ocelot, 2020-06-04 05:14:56,FALSE,PLOG1,A,FALSE,FALSE,TRUE,ocelot,true,,
River Logs,EK000066.AVI,Organized_data_Nov_2020\PLOG2\A\nothing, 2020-06-04 05:16:02,FALSE,PLOG2,A,TRUE,FALSE,FALSE,nothing,false,,
River Logs,EK000067.AVI,Organized_data_Nov_2020\PLOG2\A\on_log\tamandua, 2020-06-04 05:22:58,FALSE,PLOG2,A,FALSE,FALSE,TRUE,tamandua,true,,
River Logs,06040021.AVI,Organized_data_Nov_2020\PLOG6\on_log\tamandua, 2020-06-04 06:29:42,FALSE,PLOG6,A,FALSE,FALSE,TRUE,tamandua,true,,
River Logs,RCNX0018.AVI,Organized_data_Nov_2020\PLOG5\B\on_log\tamandua, 2020-06-04 06:37:46,FALSE,PLOG5,B,FALSE,FALSE,TRUE,tamandua,true,,
River Logs,06040020.AVI,Organized_data_Nov_2020\CLOG1\nothing, 2020-06-04 07:23:20,FALSE,CLOG1,A,TRUE,FALSE,FALSE,nothing,false,,
River Logs,06040021.AVI,Organized_data_Nov_2020\CLOG1\on_log\bird, 2020-06-04 08:19:34,FALSE,CLOG1,A,FALSE,FALSE,TRUE,bird,false,,
River Logs,06040022.AVI,Organized_data_Nov_2020\CLOG1\nothing, 2020-06-04 08:34:14,FALSE,CLOG1,A,TRUE,FALSE,FALSE,nothing,false,,
River Logs,EK000001.AVI,Organized_data_Nov_2020\CLOG9\setup, 2020-06-04 10:19:08,FALSE,CLOG9,A,FALSE,TRUE,FALSE,setup,false,,
River Logs,EK000002.AVI,Organized_data_Nov_2020\CLOG9\setup, 2020-06-04 10:19:52,FALSE,CLOG9,A,FALSE,TRUE,FALSE,setup,false,,
River Logs,EK000003.AVI,Organized_data_Nov_2020\CLOG9\people, 2020-06-04 10:20:36,FALSE,CLOG9,A,FALSE,FALSE,FALSE,people,false,,
River Logs,06040001.MP4,Organized_data_Nov_2020\CLOG8\A\setup, 2020-06-04 11:13:46,FALSE,CLOG8,A,FALSE,TRUE,FALSE,setup,false,,
River Logs,06040002.MP4,Organized_data_Nov_2020\CLOG8\A\setup, 2020-06-04 11:15:34,FALSE,CLOG8,A,FALSE,TRUE,FALSE,setup,false,,
River Logs,06040003.MP4,Organized_data_Nov_2020\CLOG8\A\setup, 2020-06-04 11:17:10,FALSE,CLOG8,A,FALSE,TRUE,FALSE,setup,false,,
River Logs,06040001.MP4,Organized_data_Nov_2020\CLOG8\B\setup, 2020-06-04 11:20:52,FALSE,CLOG8,B,FALSE,TRUE,FALSE,setup,false,,
River Logs,06040004.MP4,Organized_data_Nov_2020\CLOG8\A\setup, 2020-06-04 11:21:32,FALSE,CLOG8,A,FALSE,TRUE,FALSE,setup,false,,
River Logs,06040002.MP4,Organized_data_Nov_2020\CLOG8\B\setup, 2020-06-04 11:21:54,FALSE,CLOG8,B,FALSE,TRUE,FALSE,setup,false,,
River Logs,06040005.MP4,Organized_data_Nov_2020\CLOG8\A\setup, 2020-06-04 11:23:02,FALSE,CLOG8,A,FALSE,TRUE,FALSE,setup,false,,
River Logs,06040017.AVI,Organized_data_Nov_2020\PLOG5\A\nothing, 2020-06-04 11:28:02,FALSE,PLOG5,A,TRUE,FALSE,FALSE,nothing,false,,
River Logs,RCNX0019.AVI,Organized_data_Nov_2020\PLOG5\B\on_log\tayra, 2020-06-04 11:49:44,FALSE,PLOG5,B,FALSE,FALSE,TRUE,tayra,true,,
River Logs,RCNX0001.AVI,Organized_data_Nov_2020\CLOG7\setup, 2020-06-04 11:57:44,FALSE,CLOG7,A,FALSE,TRUE,FALSE,setup,false,,
River Logs,RCNX0002.AVI,Organized_data_Nov_2020\CLOG7\setup, 2020-06-04 11:59:04,FALSE,CLOG7,A,FALSE,TRUE,FALSE,setup,false,,
River Logs,06040001.MP4,Organized_data_Nov_2020\CLOG6\A\setup, 2020-06-04 12:17:20,FALSE,CLOG6,A,FALSE,TRUE,FALSE,setup,false,,
River Logs,06040002.MP4,Organized_data_Nov_2020\CLOG6\A\setup, 2020-06-04 12:18:06,FALSE,CLOG6,A,FALSE,TRUE,FALSE,setup,false,,
River Logs,RCNX0020.AVI,Organized_data_Nov_2020\PLOG5\B\on_log\iguana_green, 2020-06-04 12:26:00,FALSE,PLOG5,B,FALSE,FALSE,TRUE,iguana_green,false,,
River Logs,06040022.AVI,Organized_data_Nov_2020\PLOG6\on_log\bird, 2020-06-04 12:29:34,FALSE,PLOG6,A,FALSE,FALSE,TRUE,bird,false,,
River Logs,PICT0001.AVI,Organized_data_Nov_2020\CLOG6\B\setup, 2020-06-04 12:49:42,FALSE,CLOG6,B,FALSE,TRUE,FALSE,setup,false,,
River Logs,PICT0002.AVI,Organized_data_Nov_2020\CLOG6\B\setup, 2020-06-04 12:50:30,FALSE,CLOG6,B,FALSE,TRUE,FALSE,setup,false,,
River Logs,PICT0003.AVI,Organized_data_Nov_2020\CLOG6\B\setup, 2020-06-04 12:51:16,FALSE,CLOG6,B,FALSE,TRUE,FALSE,setup,false,,
River Logs,PICT0004.AVI,Organized_data_Nov_2020\CLOG6\B\nothing, 2020-06-04 12:52:02,FALSE,CLOG6,B,TRUE,FALSE,FALSE,nothing,false,,
River Logs,PICT0005.AVI,Organized_data_Nov_2020\CLOG6\B\nothing, 2020-06-04 12:52:48,FALSE,CLOG6,B,TRUE,FALSE,FALSE,nothing,false,,
River Logs,PICT0006.AVI,Organized_data_Nov_2020\CLOG6\B\nothing, 2020-06-04 12:53:34,FALSE,CLOG6,B,TRUE,FALSE,FALSE,nothing,false,,
River Logs,PICT0007.AVI,Organized_data_Nov_2020\CLOG6\B\nothing, 2020-06-04 12:54:20,FALSE,CLOG6,B,TRUE,FALSE,FALSE,nothing,false,,
River Logs,PICT0008.AVI,Organized_data_Nov_2020\CLOG6\B\nothing, 2020-06-04 12:55:06,FALSE,CLOG6,B,TRUE,FALSE,FALSE,nothing,false,,
River Logs,PICT0009.AVI,Organized_data_Nov_2020\CLOG6\B\nothing, 2020-06-04 12:55:52,FALSE,CLOG6,B,TRUE,FALSE,FALSE,nothing,false,,
River Logs,PICT0010.AVI,Organized_data_Nov_2020\CLOG6\B\nothing, 2020-06-04 12:56:38,FALSE,CLOG6,B,TRUE,FALSE,FALSE,nothing,false,,
River Logs,PICT0011.AVI,Organized_data_Nov_2020\CLOG6\B\nothing, 2020-06-04 12:57:24,FALSE,CLOG6,B,TRUE,FALSE,FALSE,nothing,false,,
River Logs,PICT0012.AVI,Organized_data_Nov_2020\CLOG6\B\nothing, 2020-06-04 12:58:10,FALSE,CLOG6,B,TRUE,FALSE,FALSE,nothing,false,,
River Logs,PICT0013.AVI,Organized_data_Nov_2020\CLOG6\B\nothing, 2020-06-04 12:58:56,FALSE,CLOG6,B,TRUE,FALSE,FALSE,nothing,false,,
River Logs,PICT0014.AVI,Organized_data_Nov_2020\CLOG6\B\nothing, 2020-06-04 12:59:42,FALSE,CLOG6,B,TRUE,FALSE,FALSE,nothing,false,,
River Logs,RCNX0021.AVI,Organized_data_Nov_2020\PLOG5\B\on_log\bird, 2020-06-04 13:00:12,FALSE,PLOG5,B,FALSE,FALSE,TRUE,bird,false,,
River Logs,PICT0015.AVI,Organized_data_Nov_2020\CLOG6\B\nothing, 2020-06-04 13:00:28,FALSE,CLOG6,B,TRUE,FALSE,FALSE,nothing,false,,
River Logs,PICT0016.AVI,Organized_data_Nov_2020\CLOG6\B\nothing, 2020-06-04 13:01:16,FALSE,CLOG6,B,TRUE,FALSE,FALSE,nothing,false,,
River Logs,PICT0017.AVI,Organized_data_Nov_2020\CLOG6\B\nothing, 2020-06-04 13:02:02,FALSE,CLOG6,B,TRUE,FALSE,FALSE,nothing,false,,
River Logs,RCNX0022.AVI,Organized_data_Nov_2020\PLOG5\B\nothing, 2020-06-04 13:02:30,FALSE,PLOG5,B,TRUE,FALSE,FALSE,nothing,false,,
River Logs,PICT0018.AVI,Organized_data_Nov_2020\CLOG6\B\nothing, 2020-06-04 13:02:48,FALSE,CLOG6,B,TRUE,FALSE,FALSE,nothing,false,,
River Logs,PICT0019.AVI,Organized_data_Nov_2020\CLOG6\B\nothing, 2020-06-04 13:03:36,FALSE,CLOG6,B,TRUE,FALSE,FALSE,nothing,false,,
River Logs,PICT0020.AVI,Organized_data_Nov_2020\CLOG6\B\nothing, 2020-06-04 13:04:22,FALSE,CLOG6,B,TRUE,FALSE,FALSE,nothing,false,,
River Logs,PICT0021.AVI,Organized_data_Nov_2020\CLOG6\B\nothing, 2020-06-04 13:05:08,FALSE,CLOG6,B,TRUE,FALSE,FALSE,nothing,false,,
River Logs,PICT0022.AVI,Organized_data_Nov_2020\CLOG6\B\nothing, 2020-06-04 13:05:54,FALSE,CLOG6,B,TRUE,FALSE,FALSE,nothing,false,,
River Logs,PICT0023.AVI,Organized_data_Nov_2020\CLOG6\B\nothing, 2020-06-04 13:06:42,FALSE,CLOG6,B,TRUE,FALSE,FALSE,nothing,false,,
River Logs,PICT0024.AVI,Organized_data_Nov_2020\CLOG6\B\nothing, 2020-06-04 13:07:28,FALSE,CLOG6,B,TRUE,FALSE,FALSE,nothing,false,,
River Logs,PICT0025.AVI,Organized_data_Nov_2020\CLOG6\B\nothing, 2020-06-04 13:08:14,FALSE,CLOG6,B,TRUE,FALSE,FALSE,nothing,false,,
River Logs,PICT0026.AVI,Organized_data_Nov_2020\CLOG6\B\nothing, 2020-06-04 13:09:00,FALSE,CLOG6,B,TRUE,FALSE,FALSE,nothing,false,,
River Logs,PICT0027.AVI,Organized_data_Nov_2020\CLOG6\B\nothing, 2020-06-04 13:09:46,FALSE,CLOG6,B,TRUE,FALSE,FALSE,nothing,false,,
River Logs,PICT0028.AVI,Organized_data_Nov_2020\CLOG6\B\nothing, 2020-06-04 13:10:32,FALSE,CLOG6,B,TRUE,FALSE,FALSE,nothing,false,,
River Logs,PICT0029.AVI,Organized_data_Nov_2020\CLOG6\B\nothing, 2020-06-04 13:11:20,FALSE,CLOG6,B,TRUE,FALSE,FALSE,nothing,false,,
River Logs,PICT0030.AVI,Organized_data_Nov_2020\CLOG6\B\nothing, 2020-06-04 13:12:06,FALSE,CLOG6,B,TRUE,FALSE,FALSE,nothing,false,,
River Logs,PICT0031.AVI,Organized_data_Nov_2020\CLOG6\B\nothing, 2020-06-04 13:12:52,FALSE,CLOG6,B,TRUE,FALSE,FALSE,nothing,false,,
River Logs,PICT0032.AVI,Organized_data_Nov_2020\CLOG6\B\nothing, 2020-06-04 13:13:38,FALSE,CLOG6,B,TRUE,FALSE,FALSE,nothing,false,,
River Logs,PICT0033.AVI,Organized_data_Nov_2020\CLOG6\B\nothing, 2020-06-04 13:14:24,FALSE,CLOG6,B,TRUE,FALSE,FALSE,nothing,false,,
River Logs,PICT0034.AVI,Organized_data_Nov_2020\CLOG6\B\nothing, 2020-06-04 13:15:10,FALSE,CLOG6,B,TRUE,FALSE,FALSE,nothing,false,,
River Logs,PICT0035.AVI,Organized_data_Nov_2020\CLOG6\B\nothing, 2020-06-04 13:15:56,FALSE,CLOG6,B,TRUE,FALSE,FALSE,nothing,false,,
River Logs,PICT0036.AVI,Organized_data_Nov_2020\CLOG6\B\nothing, 2020-06-04 13:16:42,FALSE,CLOG6,B,TRUE,FALSE,FALSE,nothing,false,,
River Logs,PICT0037.AVI,Organized_data_Nov_2020\CLOG6\B\nothing, 2020-06-04 13:17:28,FALSE,CLOG6,B,TRUE,FALSE,FALSE,nothing,false,,
River Logs,EK000029.AVI,Organized_data_Nov_2020\PLOG3\B\nothing, 2020-06-04 13:17:34,FALSE,PLOG3,B,TRUE,FALSE,FALSE,nothing,false,,
River Logs,PICT0038.AVI,Organized_data_Nov_2020\CLOG6\B\nothing, 2020-06-04 13:18:14,FALSE,CLOG6,B,TRUE,FALSE,FALSE,nothing,false,,
River Logs,PICT0039.AVI,Organized_data_Nov_2020\CLOG6\B\nothing, 2020-06-04 13:19:02,FALSE,CLOG6,B,TRUE,FALSE,FALSE,nothing,false,,
River Logs,PICT0040.AVI,Organized_data_Nov_2020\CLOG6\B\nothing, 2020-06-04 13:19:48,FALSE,CLOG6,B,TRUE,FALSE,FALSE,nothing,false,,
River Logs,PICT0041.AVI,Organized_data_Nov_2020\CLOG6\B\nothing, 2020-06-04 13:20:34,FALSE,CLOG6,B,TRUE,FALSE,FALSE,nothing,false,,
River Logs,PICT0042.AVI,Organized_data_Nov_2020\CLOG6\B\nothing, 2020-06-04 13:21:22,FALSE,CLOG6,B,TRUE,FALSE,FALSE,nothing,false,,
River Logs,PICT0043.AVI,Organized_data_Nov_2020\CLOG6\B\nothing, 2020-06-04 13:22:08,FALSE,CLOG6,B,TRUE,FALSE,FALSE,nothing,false,,
River Logs,PICT0044.AVI,Organized_data_Nov_2020\CLOG6\B\nothing, 2020-06-04 13:22:54,FALSE,CLOG6,B,TRUE,FALSE,FALSE,nothing,false,,
River Logs,PICT0045.AVI,Organized_data_Nov_2020\CLOG6\B\nothing, 2020-06-04 13:23:42,FALSE,CLOG6,B,TRUE,FALSE,FALSE,nothing,false,,
River Logs,PICT0046.AVI,Organized_data_Nov_2020\CLOG6\B\nothing, 2020-06-04 13:24:28,FALSE,CLOG6,B,TRUE,FALSE,FALSE,nothing,false,,
River Logs,PICT0047.AVI,Organized_data_Nov_2020\CLOG6\B\nothing, 2020-06-04 13:25:14,FALSE,CLOG6,B,TRUE,FALSE,FALSE,nothing,false,,
River Logs,PICT0048.AVI,Organized_data_Nov_2020\CLOG6\B\nothing, 2020-06-04 13:26:00,FALSE,CLOG6,B,TRUE,FALSE,FALSE,nothing,false,,
River Logs,PICT0049.AVI,Organized_data_Nov_2020\CLOG6\B\nothing, 2020-06-04 13:26:46,FALSE,CLOG6,B,TRUE,FALSE,FALSE,nothing,false,,
River Logs,PICT0050.AVI,Organized_data_Nov_2020\CLOG6\B\nothing, 2020-06-04 13:27:32,FALSE,CLOG6,B,TRUE,FALSE,FALSE,nothing,false,,
River Logs,PICT0051.AVI,Organized_data_Nov_2020\CLOG6\B\nothing, 2020-06-04 13:28:20,FALSE,CLOG6,B,TRUE,FALSE,FALSE,nothing,false,,
River Logs,PICT0052.AVI,Organized_data_Nov_2020\CLOG6\B\nothing, 2020-06-04 13:29:06,FALSE,CLOG6,B,TRUE,FALSE,FALSE,nothing,false,,
River Logs,PICT0053.AVI,Organized_data_Nov_2020\CLOG6\B\nothing, 2020-06-04 13:29:54,FALSE,CLOG6,B,TRUE,FALSE,FALSE,nothing,false,,
River Logs,PICT0054.AVI,Organized_data_Nov_2020\CLOG6\B\nothing, 2020-06-04 13:30:40,FALSE,CLOG6,B,TRUE,FALSE,FALSE,nothing,false,,
River Logs,PICT0055.AVI,Organized_data_Nov_2020\CLOG6\B\nothing, 2020-06-04 13:31:26,FALSE,CLOG6,B,TRUE,FALSE,FALSE,nothing,false,,
River Logs,PICT0056.AVI,Organized_data_Nov_2020\CLOG6\B\nothing, 2020-06-04 13:32:14,FALSE,CLOG6,B,TRUE,FALSE,FALSE,nothing,false,,
River Logs,PICT0057.AVI,Organized_data_Nov_2020\CLOG6\B\nothing, 2020-06-04 13:33:00,FALSE,CLOG6,B,TRUE,FALSE,FALSE,nothing,false,,
River Logs,PICT0058.AVI,Organized_data_Nov_2020\CLOG6\B\nothing, 2020-06-04 13:33:46,FALSE,CLOG6,B,TRUE,FALSE,FALSE,nothing,false,,
River Logs,PICT0059.AVI,Organized_data_Nov_2020\CLOG6\B\nothing, 2020-06-04 13:34:34,FALSE,CLOG6,B,TRUE,FALSE,FALSE,nothing,false,,
River Logs,PICT0060.AVI,Organized_data_Nov_2020\CLOG6\B\nothing, 2020-06-04 13:35:20,FALSE,CLOG6,B,TRUE,FALSE,FALSE,nothing,false,,
River Logs,PICT0061.AVI,Organized_data_Nov_2020\CLOG6\B\nothing, 2020-06-04 13:36:08,FALSE,CLOG6,B,TRUE,FALSE,FALSE,nothing,false,,
River Logs,PICT0062.AVI,Organized_data_Nov_2020\CLOG6\B\nothing, 2020-06-04 13:36:56,FALSE,CLOG6,B,TRUE,FALSE,FALSE,nothing,false,,
River Logs,PICT0063.AVI,Organized_data_Nov_2020\CLOG6\B\nothing, 2020-06-04 13:37:42,FALSE,CLOG6,B,TRUE,FALSE,FALSE,nothing,false,,
River Logs,PICT0064.AVI,Organized_data_Nov_2020\CLOG6\B\nothing, 2020-06-04 13:38:30,FALSE,CLOG6,B,TRUE,FALSE,FALSE,nothing,false,,
River Logs,PICT0065.AVI,Organized_data_Nov_2020\CLOG6\B\nothing, 2020-06-04 13:39:18,FALSE,CLOG6,B,TRUE,FALSE,FALSE,nothing,false,,
River Logs,PICT0066.AVI,Organized_data_Nov_2020\CLOG6\B\nothing, 2020-06-04 13:40:06,FALSE,CLOG6,B,TRUE,FALSE,FALSE,nothing,false,,
River Logs,PICT0067.AVI,Organized_data_Nov_2020\CLOG6\B\nothing, 2020-06-04 13:40:54,FALSE,CLOG6,B,TRUE,FALSE,FALSE,nothing,false,,
River Logs,PICT0068.AVI,Organized_data_Nov_2020\CLOG6\B\nothing, 2020-06-04 13:41:42,FALSE,CLOG6,B,TRUE,FALSE,FALSE,nothing,false,,
River Logs,PICT0069.AVI,Organized_data_Nov_2020\CLOG6\B\nothing, 2020-06-04 13:42:30,FALSE,CLOG6,B,TRUE,FALSE,FALSE,nothing,false,,
River Logs,PICT0070.AVI,Organized_data_Nov_2020\CLOG6\B\nothing, 2020-06-04 13:43:16,FALSE,CLOG6,B,TRUE,FALSE,FALSE,nothing,false,,
River Logs,PICT0071.AVI,Organized_data_Nov_2020\CLOG6\B\nothing, 2020-06-04 13:44:02,FALSE,CLOG6,B,TRUE,FALSE,FALSE,nothing,false,,
River Logs,PICT0072.AVI,Organized_data_Nov_2020\CLOG6\B\nothing, 2020-06-04 13:44:50,FALSE,CLOG6,B,TRUE,FALSE,FALSE,nothing,false,,
River Logs,PICT0073.AVI,Organized_data_Nov_2020\CLOG6\B\nothing, 2020-06-04 13:45:36,FALSE,CLOG6,B,TRUE,FALSE,FALSE,nothing,false,,
River Logs,PICT0074.AVI,Organized_data_Nov_2020\CLOG6\B\nothing, 2020-06-04 13:46:22,FALSE,CLOG6,B,TRUE,FALSE,FALSE,nothing,false,,
River Logs,PICT0075.AVI,Organized_data_Nov_2020\CLOG6\B\nothing, 2020-06-04 13:47:08,FALSE,CLOG6,B,TRUE,FALSE,FALSE,nothing,false,,
River Logs,PICT0076.AVI,Organized_data_Nov_2020\CLOG6\B\nothing, 2020-06-04 13:47:56,FALSE,CLOG6,B,TRUE,FALSE,FALSE,nothing,false,,
River Logs,PICT0077.AVI,Organized_data_Nov_2020\CLOG6\B\nothing, 2020-06-04 13:48:42,FALSE,CLOG6,B,TRUE,FALSE,FALSE,nothing,false,,
River Logs,PICT0078.AVI,Organized_data_Nov_2020\CLOG6\B\nothing, 2020-06-04 13:49:28,FALSE,CLOG6,B,TRUE,FALSE,FALSE,nothing,false,,
River Logs,PICT0079.AVI,Organized_data_Nov_2020\CLOG6\B\nothing, 2020-06-04 13:50:16,FALSE,CLOG6,B,TRUE,FALSE,FALSE,nothing,false,,
River Logs,PICT0080.AVI,Organized_data_Nov_2020\CLOG6\B\nothing, 2020-06-04 13:51:02,FALSE,CLOG6,B,TRUE,FALSE,FALSE,nothing,false,,
River Logs,PICT0081.AVI,Organized_data_Nov_2020\CLOG6\B\nothing, 2020-06-04 13:51:48,FALSE,CLOG6,B,TRUE,FALSE,FALSE,nothing,false,,
River Logs,PICT0082.AVI,Organized_data_Nov_2020\CLOG6\B\nothing, 2020-06-04 13:52:36,FALSE,CLOG6,B,TRUE,FALSE,FALSE,nothing,false,,
River Logs,PICT0083.AVI,Organized_data_Nov_2020\CLOG6\B\nothing, 2020-06-04 13:53:22,FALSE,CLOG6,B,TRUE,FALSE,FALSE,nothing,false,,
River Logs,PICT0084.AVI,Organized_data_Nov_2020\CLOG6\B\nothing, 2020-06-04 13:54:08,FALSE,CLOG6,B,TRUE,FALSE,FALSE,nothing,false,,
River Logs,PICT0085.AVI,Organized_data_Nov_2020\CLOG6\B\nothing, 2020-06-04 13:54:56,FALSE,CLOG6,B,TRUE,FALSE,FALSE,nothing,false,,
River Logs,PICT0086.AVI,Organized_data_Nov_2020\CLOG6\B\nothing, 2020-06-04 13:55:42,FALSE,CLOG6,B,TRUE,FALSE,FALSE,nothing,false,,
River Logs,PICT0087.AVI,Organized_data_Nov_2020\CLOG6\B\nothing, 2020-06-04 13:56:28,FALSE,CLOG6,B,TRUE,FALSE,FALSE,nothing,false,,
River Logs,PICT0088.AVI,Organized_data_Nov_2020\CLOG6\B\nothing, 2020-06-04 13:57:16,FALSE,CLOG6,B,TRUE,FALSE,FALSE,nothing,false,,
River Logs,PICT0089.AVI,Organized_data_Nov_2020\CLOG6\B\nothing, 2020-06-04 13:58:04,FALSE,CLOG6,B,TRUE,FALSE,FALSE,nothing,false,,
River Logs,PICT0090.AVI,Organized_data_Nov_2020\CLOG6\B\nothing, 2020-06-04 13:58:50,FALSE,CLOG6,B,TRUE,FALSE,FALSE,nothing,false,,
River Logs,PICT0091.AVI,Organized_data_Nov_2020\CLOG6\B\nothing, 2020-06-04 13:59:38,FALSE,CLOG6,B,TRUE,FALSE,FALSE,nothing,false,,
River Logs,PICT0092.AVI,Organized_data_Nov_2020\CLOG6\B\nothing, 2020-06-04 14:00:24,FALSE,CLOG6,B,TRUE,FALSE,FALSE,nothing,false,,
River Logs,PICT0093.AVI,Organized_data_Nov_2020\CLOG6\B\nothing, 2020-06-04 14:01:10,FALSE,CLOG6,B,TRUE,FALSE,FALSE,nothing,false,,
River Logs,PICT0094.AVI,Organized_data_Nov_2020\CLOG6\B\nothing, 2020-06-04 14:01:56,FALSE,CLOG6,B,TRUE,FALSE,FALSE,nothing,false,,
River Logs,PICT0095.AVI,Organized_data_Nov_2020\CLOG6\B\nothing, 2020-06-04 14:02:44,FALSE,CLOG6,B,TRUE,FALSE,FALSE,nothing,false,,
River Logs,PICT0096.AVI,Organized_data_Nov_2020\CLOG6\B\nothing, 2020-06-04 14:03:30,FALSE,CLOG6,B,TRUE,FALSE,FALSE,nothing,false,,
River Logs,PICT0097.AVI,Organized_data_Nov_2020\CLOG6\B\nothing, 2020-06-04 14:04:16,FALSE,CLOG6,B,TRUE,FALSE,FALSE,nothing,false,,
River Logs,PICT0098.AVI,Organized_data_Nov_2020\CLOG6\B\nothing, 2020-06-04 14:05:00,FALSE,CLOG6,B,TRUE,FALSE,FALSE,nothing,false,,
River Logs,06040023.AVI,Organized_data_Nov_2020\CLOG1\people, 2020-06-04 14:26:10,FALSE,CLOG1,A,FALSE,FALSE,FALSE,people,false,,
River Logs,PICT0001.AVI,Organized_data_Nov_2020\CLOG3\B\setup, 2020-06-04 15:17:58,FALSE,CLOG3,B,FALSE,TRUE,FALSE,setup,false,,
River Logs,PICT0002.AVI,Organized_data_Nov_2020\CLOG3\B\setup, 2020-06-04 15:18:46,FALSE,CLOG3,B,FALSE,TRUE,FALSE,setup,false,,
River Logs,PICT0003.AVI,Organized_data_Nov_2020\CLOG3\B\setup, 2020-06-04 15:19:36,FALSE,CLOG3,B,FALSE,TRUE,FALSE,setup,false,,
River Logs,PICT0004.AVI,Organized_data_Nov_2020\CLOG3\B\setup, 2020-06-04 15:20:24,FALSE,CLOG3,B,FALSE,TRUE,FALSE,setup,false,,
River Logs,EK000001.AVI,Organized_data_Nov_2020\CLOG4\setup, 2020-06-04 15:59:46,FALSE,CLOG4,A,FALSE,TRUE,FALSE,setup,false,,
River Logs,EK000002.AVI,Organized_data_Nov_2020\CLOG4\setup, 2020-06-04 16:00:38,FALSE,CLOG4,A,FALSE,TRUE,FALSE,setup,false,,
River Logs,RCNX0023.AVI,Organized_data_Nov_2020\PLOG5\B\on_log\tayra, 2020-06-04 16:45:46,FALSE,PLOG5,B,FALSE,FALSE,TRUE,tayra,true,,
River Logs,EK000068.AVI,Organized_data_Nov_2020\PLOG2\A\on_log\skunk_striped, 2020-06-04 21:31:06,FALSE,PLOG2,A,FALSE,FALSE,TRUE,skunk_striped,true,,
River Logs,06041368.AVI,Organized_data_Nov_2020\PLOG3\A\on_log\opossum_common, 2020-06-04 21:37:50,FALSE,PLOG3,A,FALSE,FALSE,TRUE,opossum_common,true,,
River Logs,EK000003.AVI,Organized_data_Nov_2020\CLOG4\on_log\opossum_common, 2020-06-04 22:16:54,FALSE,CLOG4,A,FALSE,FALSE,TRUE,opossum_common,true,,
River Logs,PICT0034.AVI,Organized_data_Nov_2020\PLOG1\on_log\ocelot, 2020-06-04 22:59:02,FALSE,PLOG1,A,FALSE,FALSE,TRUE,ocelot,true,,
River Logs,EK000030.AVI,Organized_data_Nov_2020\PLOG3\B\nothing, 2020-06-05 00:15:40,FALSE,PLOG3,B,TRUE,FALSE,FALSE,nothing,false,,
River Logs,RCNX0024.AVI,Organized_data_Nov_2020\PLOG5\B\on_log\tamandua, 2020-06-05 02:48:40,FALSE,PLOG5,B,FALSE,FALSE,TRUE,tamandua,true,,
River Logs,06050023.AVI,Organized_data_Nov_2020\PLOG6\nothing, 2020-06-05 04:47:00,FALSE,PLOG6,A,TRUE,FALSE,FALSE,nothing,false,,
River Logs,06050006.MP4,Organized_data_Nov_2020\CLOG8\A\on_log\squirrel_uid, 2020-06-05 09:06:36,FALSE,CLOG8,A,FALSE,FALSE,TRUE,squirrel_uid,false,,
River Logs,06050003.MP4,Organized_data_Nov_2020\CLOG8\B\off_log\curassow_great, 2020-06-05 09:25:36,FALSE,CLOG8,B,FALSE,FALSE,FALSE,curassow_great,false,,
River Logs,PICT0005.AVI,Organized_data_Nov_2020\CLOG3\B\setup, 2020-06-05 11:18:52,FALSE,CLOG3,B,FALSE,TRUE,FALSE,setup,false,,
River Logs,06050018.AVI,Organized_data_Nov_2020\PLOG5\A\nothing, 2020-06-05 11:46:58,FALSE,PLOG5,A,TRUE,FALSE,FALSE,nothing,false,,
River Logs,EK000031.AVI,Organized_data_Nov_2020\PLOG3\B\on_log\Linzard, 2020-06-05 12:24:12,FALSE,PLOG3,B,FALSE,FALSE,TRUE,lizard_uid,false,,
River Logs,EK000069.AVI,Organized_data_Nov_2020\PLOG2\A\on_log\coati, 2020-06-05 12:57:28,FALSE,PLOG2,A,FALSE,FALSE,TRUE,coati,true,,
River Logs,06050019.AVI,Organized_data_Nov_2020\PLOG5\A\nothing, 2020-06-05 13:32:50,FALSE,PLOG5,A,TRUE,FALSE,FALSE,nothing,false,,
River Logs,PICT0035.AVI,Organized_data_Nov_2020\PLOG1\on_log\coati, 2020-06-05 14:46:36,FALSE,PLOG1,A,FALSE,FALSE,TRUE,coati,true,marking,
River Logs,EK000070.AVI,Organized_data_Nov_2020\PLOG2\A\on_log\coati, 2020-06-05 16:21:52,FALSE,PLOG2,A,FALSE,FALSE,TRUE,coati,true,,
River Logs,PICT0036.AVI,Organized_data_Nov_2020\PLOG1\off_log\people, 2020-06-05 17:54:02,FALSE,PLOG1,A,FALSE,FALSE,FALSE,people,false,bucket and net,
River Logs,PICT0037.AVI,Organized_data_Nov_2020\PLOG1\nothing, 2020-06-05 17:57:54,FALSE,PLOG1,A,TRUE,FALSE,FALSE,nothing,false,,
River Logs,EK000004.AVI,Organized_data_Nov_2020\CLOG4\on_log\coati, 2020-06-05 19:26:00,FALSE,CLOG4,A,FALSE,FALSE,TRUE,coati,false,,
River Logs,EK000004.AVI,Organized_data_Nov_2020\CLOG9\nothing, 2020-06-05 19:53:02,FALSE,CLOG9,A,TRUE,FALSE,FALSE,nothing,false,,
River Logs,06050007.MP4,Organized_data_Nov_2020\CLOG8\A\on_log\opossum_common, 2020-06-05 20:30:18,FALSE,CLOG8,A,FALSE,FALSE,TRUE,opossum_common,true,,
River Logs,06051369.AVI,Organized_data_Nov_2020\PLOG3\A\on_log\opossum_common, 2020-06-05 23:18:12,FALSE,PLOG3,A,FALSE,FALSE,TRUE,opossum_common,true,,
River Logs,06051370.AVI,Organized_data_Nov_2020\PLOG3\A\on_log\opossum_common, 2020-06-05 23:23:30,FALSE,PLOG3,A,FALSE,FALSE,TRUE,opossum_common,true,,
River Logs,06051371.AVI,Organized_data_Nov_2020\PLOG3\A\on_log\opossum_common, 2020-06-05 23:25:06,FALSE,PLOG3,A,FALSE,FALSE,TRUE,opossum_common,true,,
River Logs,EK000032.AVI,Organized_data_Nov_2020\PLOG3\B\nothing, 2020-06-06 02:01:00,FALSE,PLOG3,B,TRUE,FALSE,FALSE,nothing,false,,
River Logs,06060001.AVI,Organized_data_Nov_2020\CLOG3\A\on_log\tamandua, 2020-06-06 03:57:20,FALSE,CLOG3,A,FALSE,FALSE,TRUE,tamandua,true,pooping,
River Logs,EK000071.AVI,Organized_data_Nov_2020\PLOG2\A\nothing, 2020-06-06 04:37:26,FALSE,PLOG2,A,TRUE,FALSE,FALSE,nothing,false,,
River Logs,06061372.AVI,Organized_data_Nov_2020\PLOG3\A\setup, 2020-06-06 08:10:38,FALSE,PLOG3,A,FALSE,TRUE,FALSE,setup,false,,
River Logs,EK000005.AVI,Organized_data_Nov_2020\CLOG4\on_log\coati, 2020-06-06 08:32:52,FALSE,CLOG4,A,FALSE,FALSE,TRUE,coati,true,scent-marking,
River Logs,EK000005.AVI,Organized_data_Nov_2020\PLOG7\A\off_log\curassow_great, 2020-06-06 09:30:26,FALSE,PLOG7,A,FALSE,FALSE,FALSE,curassow_great,false,,
River Logs,EK000001.AVI,Organized_data_Nov_2020\CLOG5\A\setup, 2020-06-06 09:42:18,FALSE,CLOG5,A,FALSE,TRUE,FALSE,setup,false,,
River Logs,EK000002.AVI,Organized_data_Nov_2020\CLOG5\A\setup, 2020-06-06 09:43:34,FALSE,CLOG5,A,FALSE,TRUE,FALSE,setup,false,,
River Logs,EK000003.AVI,Organized_data_Nov_2020\CLOG5\A\setup, 2020-06-06 09:44:18,FALSE,CLOG5,A,FALSE,TRUE,FALSE,setup,false,,
River Logs,EK000004.AVI,Organized_data_Nov_2020\CLOG5\A\setup, 2020-06-06 09:45:34,FALSE,CLOG5,A,FALSE,TRUE,FALSE,setup,false,,
River Logs,EK000005.AVI,Organized_data_Nov_2020\CLOG5\A\setup, 2020-06-06 09:47:26,FALSE,CLOG5,A,FALSE,TRUE,FALSE,setup,false,,
River Logs,EK000006.AVI,Organized_data_Nov_2020\CLOG5\A\setup, 2020-06-06 09:48:42,FALSE,CLOG5,A,FALSE,TRUE,FALSE,setup,false,,
River Logs,EK000007.AVI,Organized_data_Nov_2020\CLOG5\A\setup, 2020-06-06 09:49:26,FALSE,CLOG5,A,FALSE,TRUE,FALSE,setup,false,,
River Logs,EK000008.AVI,Organized_data_Nov_2020\CLOG5\A\setup, 2020-06-06 09:50:10,FALSE,CLOG5,A,FALSE,TRUE,FALSE,setup,false,,
River Logs,EK000009.AVI,Organized_data_Nov_2020\CLOG5\A\setup, 2020-06-06 09:50:56,FALSE,CLOG5,A,FALSE,TRUE,FALSE,setup,false,,
River Logs,EK000010.AVI,Organized_data_Nov_2020\CLOG5\A\setup, 2020-06-06 09:51:40,FALSE,CLOG5,A,FALSE,TRUE,FALSE,setup,false,,
River Logs,06060001.AVI,Organized_data_Nov_2020\CLOG5\B\setup, 2020-06-06 09:51:46,FALSE,CLOG5,B,FALSE,TRUE,FALSE,setup,false,,
River Logs,06060002.AVI,Organized_data_Nov_2020\CLOG5\B\setup, 2020-06-06 09:52:40,FALSE,CLOG5,B,FALSE,TRUE,FALSE,setup,false,,
River Logs,EK000011.AVI,Organized_data_Nov_2020\CLOG5\A\setup, 2020-06-06 09:52:56,FALSE,CLOG5,A,FALSE,TRUE,FALSE,setup,false,,
River Logs,06060003.AVI,Organized_data_Nov_2020\CLOG5\B\setup, 2020-06-06 09:53:30,FALSE,CLOG5,B,FALSE,TRUE,FALSE,setup,false,,
River Logs,EK000012.AVI,Organized_data_Nov_2020\CLOG5\A\setup, 2020-06-06 09:54:12,FALSE,CLOG5,A,FALSE,TRUE,FALSE,setup,false,,
River Logs,06060004.AVI,Organized_data_Nov_2020\CLOG5\B\setup, 2020-06-06 09:54:30,FALSE,CLOG5,B,FALSE,TRUE,FALSE,setup,false,,
River Logs,EK000006.AVI,Organized_data_Nov_2020\CLOG4\on_log\bird, 2020-06-06 10:08:14,FALSE,CLOG4,A,FALSE,FALSE,TRUE,bird,false,,
River Logs,EK000072.AVI,Organized_data_Nov_2020\PLOG2\A\people, 2020-06-06 10:08:18,FALSE,PLOG2,A,FALSE,FALSE,FALSE,people,false,,
River Logs,PICT0038.AVI,Organized_data_Nov_2020\PLOG1\off_log\people, 2020-06-06 10:42:46,FALSE,PLOG1,A,FALSE,FALSE,FALSE,people,false,,
River Logs,EK000005.AVI,Organized_data_Nov_2020\CLOG9\nothing, 2020-06-06 10:44:30,FALSE,CLOG9,A,TRUE,FALSE,FALSE,nothing,false,,
River Logs,06060024.AVI,Organized_data_Nov_2020\CLOG1\nothing, 2020-06-06 11:05:34,FALSE,CLOG1,A,TRUE,FALSE,FALSE,nothing,false,,
River Logs,PICT0001.AVI,Organized_data_Nov_2020\CLOG2\setup, 2020-06-06 11:29:12,FALSE,CLOG2,A,FALSE,TRUE,FALSE,setup,false,,
River Logs,PICT0002.AVI,Organized_data_Nov_2020\CLOG2\setup, 2020-06-06 11:30:04,FALSE,CLOG2,A,FALSE,TRUE,FALSE,setup,false,,
River Logs,PICT0006.AVI,Organized_data_Nov_2020\CLOG3\B\setup, 2020-06-06 11:36:26,FALSE,CLOG3,B,FALSE,TRUE,FALSE,setup,false,,
River Logs,06060002.AVI,Organized_data_Nov_2020\CLOG3\A\setup, 2020-06-06 11:36:38,FALSE,CLOG3,A,FALSE,TRUE,FALSE,setup,false,,
River Logs,06060003.AVI,Organized_data_Nov_2020\CLOG3\A\setup, 2020-06-06 11:44:16,FALSE,CLOG3,A,FALSE,TRUE,FALSE,setup,false,,
River Logs,EK000001.AVI,Organized_data_Nov_2020\PLOG4\setup, 2020-06-06 12:38:12,FALSE,PLOG4,A,FALSE,TRUE,FALSE,setup,false,,
River Logs,EK000002.AVI,Organized_data_Nov_2020\PLOG4\nothing, 2020-06-06 12:51:04,FALSE,PLOG4,A,TRUE,FALSE,FALSE,nothing,false,,
River Logs,06060025.AVI,Organized_data_Nov_2020\CLOG1\on_log\lizard_uid, 2020-06-06 12:59:22,FALSE,CLOG1,A,FALSE,FALSE,TRUE,lizard_uid,false,,
River Logs,06060026.AVI,Organized_data_Nov_2020\CLOG1\on_log\lizard_uid, 2020-06-06 13:00:28,FALSE,CLOG1,A,FALSE,FALSE,TRUE,lizard_uid,false,,
River Logs,06060027.AVI,Organized_data_Nov_2020\CLOG1\on_log\lizard_uid, 2020-06-06 13:37:26,FALSE,CLOG1,A,FALSE,FALSE,TRUE,lizard_uid,false,,
River Logs,06060024.AVI,Organized_data_Nov_2020\PLOG6\on_log\iguana_green, 2020-06-06 13:41:00,FALSE,PLOG6,A,FALSE,FALSE,TRUE,iguana_green,false,,
River Logs,PICT0039.AVI,Organized_data_Nov_2020\PLOG1\off_log\people, 2020-06-06 13:43:12,FALSE,PLOG1,A,FALSE,FALSE,FALSE,people,false,,
River Logs,06060028.AVI,Organized_data_Nov_2020\CLOG1\on_log\lizard_uid, 2020-06-06 13:46:38,FALSE,CLOG1,A,FALSE,FALSE,TRUE,lizard_uid,false,,
River Logs,06060003.MP4,Organized_data_Nov_2020\CLOG6\A\on_log\coati, 2020-06-06 14:08:50,FALSE,CLOG6,A,FALSE,FALSE,TRUE,coati,true,,
River Logs,RCNX0025.AVI,Organized_data_Nov_2020\PLOG5\B\on_log\bird, 2020-06-06 14:20:28,FALSE,PLOG5,B,FALSE,FALSE,TRUE,bird,false,,
River Logs,RCNX0026.AVI,Organized_data_Nov_2020\PLOG5\B\on_log\bird, 2020-06-06 14:25:14,FALSE,PLOG5,B,FALSE,FALSE,TRUE,bird,false,,
River Logs,RCNX0027.AVI,Organized_data_Nov_2020\PLOG5\B\on_log\bird, 2020-06-06 14:27:32,FALSE,PLOG5,B,FALSE,FALSE,TRUE,bird,false,,
River Logs,06060025.AVI,Organized_data_Nov_2020\PLOG6\on_log\bird, 2020-06-06 15:04:54,FALSE,PLOG6,A,FALSE,FALSE,TRUE,bird,false,,
River Logs,EK000073.AVI,Organized_data_Nov_2020\PLOG2\A\nothing, 2020-06-06 15:05:28,FALSE,PLOG2,A,TRUE,FALSE,FALSE,nothing,false,,
River Logs,06060029.AVI,Organized_data_Nov_2020\CLOG1\nothing, 2020-06-06 15:08:44,FALSE,CLOG1,A,TRUE,FALSE,FALSE,nothing,false,,
River Logs,06060020.AVI,Organized_data_Nov_2020\PLOG5\A\on_log\iguana_green, 2020-06-06 15:37:52,FALSE,PLOG5,A,FALSE,FALSE,TRUE,iguana_green,false,,
River Logs,06060004.MP4,Organized_data_Nov_2020\CLOG8\B\setup, 2020-06-06 16:20:54,FALSE,CLOG8,B,FALSE,TRUE,FALSE,setup,false,,
River Logs,06060005.MP4,Organized_data_Nov_2020\CLOG8\B\setup, 2020-06-06 16:23:14,FALSE,CLOG8,B,FALSE,TRUE,FALSE,setup,false,,
River Logs,EK000007.AVI,Organized_data_Nov_2020\CLOG4\on_log\tayra, 2020-06-06 17:50:06,FALSE,CLOG4,A,FALSE,FALSE,TRUE,tayra,false,,
River Logs,EK000008.AVI,Organized_data_Nov_2020\CLOG4\nothing, 2020-06-06 20:27:26,FALSE,CLOG4,A,TRUE,FALSE,FALSE,nothing,false,,
River Logs,06060026.AVI,Organized_data_Nov_2020\PLOG6\nothing, 2020-06-06 22:22:22,FALSE,PLOG6,A,TRUE,FALSE,FALSE,nothing,false,,
River Logs,EK000074.AVI,Organized_data_Nov_2020\PLOG2\A\nothing, 2020-06-07 00:24:34,FALSE,PLOG2,A,TRUE,FALSE,FALSE,nothing,false,,
River Logs,06071373.AVI,Organized_data_Nov_2020\PLOG3\A\nothing, 2020-06-07 03:53:38,FALSE,PLOG3,A,TRUE,FALSE,FALSE,nothing,false,,
River Logs,EK000033.AVI,Organized_data_Nov_2020\PLOG3\B\nothing, 2020-06-07 06:30:40,FALSE,PLOG3,B,TRUE,FALSE,FALSE,nothing,false,,
River Logs,06070027.AVI,Organized_data_Nov_2020\PLOG6\on_log\tamandua, 2020-06-07 06:56:48,FALSE,PLOG6,A,FALSE,FALSE,TRUE,tamandua,true,,
River Logs,06070028.AVI,Organized_data_Nov_2020\PLOG6\on_log\tamandua, 2020-06-07 06:59:16,FALSE,PLOG6,A,FALSE,FALSE,TRUE,tamandua,true,,
River Logs,EK000006.AVI,Organized_data_Nov_2020\PLOG7\A\off_log\curassow_great, 2020-06-07 07:30:40,FALSE,PLOG7,A,FALSE,FALSE,FALSE,curassow_great,false,,
River Logs,PICT0003.AVI,Organized_data_Nov_2020\CLOG2\setup, 2020-06-07 07:47:38,FALSE,CLOG2,A,FALSE,TRUE,FALSE,setup,false,,
River Logs,EK000006.AVI,Organized_data_Nov_2020\CLOG9\off_log\bird, 2020-06-07 08:02:00,FALSE,CLOG9,A,FALSE,FALSE,FALSE,bird,false,,
River Logs,06070004.AVI,Organized_data_Nov_2020\CLOG3\A\on_log\coati, 2020-06-07 09:47:34,FALSE,CLOG3,A,FALSE,FALSE,TRUE,coati,true,,
River Logs,PICT0040.AVI,Organized_data_Nov_2020\PLOG1\on_log\lizard_uid, 2020-06-07 09:53:34,FALSE,PLOG1,A,FALSE,FALSE,TRUE,lizard_uid,false,,
River Logs,06071374.AVI,Organized_data_Nov_2020\PLOG3\A\on_log\bird, 2020-06-07 11:09:30,FALSE,PLOG3,A,FALSE,FALSE,TRUE,bird,false,,
River Logs,06070022.AVI,Organized_data_Nov_2020\PLOG5\A\on_log\lizard_uid, 2020-06-07 11:48:20,FALSE,PLOG5,A,FALSE,FALSE,TRUE,lizard_uid,false,,
River Logs,06070023.AVI,Organized_data_Nov_2020\PLOG5\A\on_log\lizard_uid, 2020-06-07 11:54:42,FALSE,PLOG5,A,FALSE,FALSE,TRUE,lizard_uid,false,,
River Logs,06070024.AVI,Organized_data_Nov_2020\PLOG5\A\on_log\lizard_uid, 2020-06-07 11:57:10,FALSE,PLOG5,A,FALSE,FALSE,TRUE,lizard_uid,false,,
River Logs,06070025.AVI,Organized_data_Nov_2020\PLOG5\A\nothing, 2020-06-07 12:30:18,FALSE,PLOG5,A,TRUE,FALSE,FALSE,nothing,false,,
River Logs,EK000034.AVI,Organized_data_Nov_2020\PLOG3\B\off_log\bird, 2020-06-07 13:39:22,FALSE,PLOG3,B,FALSE,FALSE,FALSE,bird,false,,
River Logs,PICT0041.AVI,Organized_data_Nov_2020\PLOG1\on_log\lizard_uid, 2020-06-07 13:44:02,FALSE,PLOG1,A,FALSE,FALSE,TRUE,lizard_uid,false,,
River Logs,PICT0004.AVI,Organized_data_Nov_2020\CLOG2\people, 2020-06-07 14:12:56,FALSE,CLOG2,A,FALSE,FALSE,FALSE,people,false,,
River Logs,PICT0005.AVI,Organized_data_Nov_2020\CLOG2\people, 2020-06-07 14:14:32,FALSE,CLOG2,A,FALSE,FALSE,FALSE,people,false,,
River Logs,06070029.AVI,Organized_data_Nov_2020\PLOG6\nothing, 2020-06-07 14:22:14,FALSE,PLOG6,A,TRUE,FALSE,FALSE,nothing,false,,
River Logs,EK000075.AVI,Organized_data_Nov_2020\PLOG2\A\nothing, 2020-06-07 14:27:18,FALSE,PLOG2,A,TRUE,FALSE,FALSE,nothing,false,,
River Logs,EK000076.AVI,Organized_data_Nov_2020\PLOG2\A\nothing, 2020-06-07 14:37:44,FALSE,PLOG2,A,TRUE,FALSE,FALSE,nothing,false,,
River Logs,EK000077.AVI,Organized_data_Nov_2020\PLOG2\A\nothing, 2020-06-07 14:40:18,FALSE,PLOG2,A,TRUE,FALSE,FALSE,nothing,false,,
River Logs,EK000078.AVI,Organized_data_Nov_2020\PLOG2\A\nothing, 2020-06-07 14:42:26,FALSE,PLOG2,A,TRUE,FALSE,FALSE,nothing,false,,
River Logs,EK000079.AVI,Organized_data_Nov_2020\PLOG2\A\nothing, 2020-06-07 14:53:42,FALSE,PLOG2,A,TRUE,FALSE,FALSE,nothing,false,,
River Logs,EK000080.AVI,Organized_data_Nov_2020\PLOG2\A\nothing, 2020-06-07 14:56:08,FALSE,PLOG2,A,TRUE,FALSE,FALSE,nothing,false,,
River Logs,EK000035.AVI,Organized_data_Nov_2020\PLOG3\B\nothing, 2020-06-07 15:00:28,FALSE,PLOG3,B,TRUE,FALSE,FALSE,nothing,false,,
River Logs,EK000025.AVI,Organized_data_Nov_2020\CLOG5\A\on_log\iguana_green, 2020-06-07 15:12:34,FALSE,CLOG5,A,FALSE,FALSE,TRUE,iguana_green,false,,
River Logs,EK000026.AVI,Organized_data_Nov_2020\CLOG5\A\on_log\iguana_green, 2020-06-07 16:40:22,FALSE,CLOG5,A,FALSE,FALSE,TRUE,iguana_green,false,,
River Logs,EK000027.AVI,Organized_data_Nov_2020\CLOG5\A\on_log\iguana_green, 2020-06-07 16:41:06,FALSE,CLOG5,A,FALSE,FALSE,TRUE,iguana_green,false,,
River Logs,EK000028.AVI,Organized_data_Nov_2020\CLOG5\A\on_log\iguana_green, 2020-06-07 16:41:50,FALSE,CLOG5,A,FALSE,FALSE,TRUE,iguana_green,false,,
River Logs,06071375.AVI,Organized_data_Nov_2020\PLOG3\A\on_log\opossum_common, 2020-06-07 19:33:46,FALSE,PLOG3,A,FALSE,FALSE,TRUE,opossum_common,true,,
River Logs,EK000081.AVI,Organized_data_Nov_2020\PLOG2\A\nothing, 2020-06-07 21:50:18,FALSE,PLOG2,A,TRUE,FALSE,FALSE,nothing,false,,
River Logs,EK000036.AVI,Organized_data_Nov_2020\PLOG3\B\nothing, 2020-06-07 22:11:26,FALSE,PLOG3,B,TRUE,FALSE,FALSE,nothing,false,,
River Logs,06070005.AVI,Organized_data_Nov_2020\CLOG3\A\on_log\skunk_striped, 2020-06-07 22:23:18,FALSE,CLOG3,A,FALSE,FALSE,TRUE,skunk_striped,true,,
River Logs,RCNX0028.AVI,Organized_data_Nov_2020\PLOG5\B\on_log\opossum_common, 2020-06-07 22:48:46,FALSE,PLOG5,B,FALSE,FALSE,TRUE,opossum_common,true,,
River Logs,06070030.AVI,Organized_data_Nov_2020\CLOG1\nothing, 2020-06-07 22:55:02,FALSE,CLOG1,A,TRUE,FALSE,FALSE,nothing,false,,
River Logs,EK000037.AVI,Organized_data_Nov_2020\PLOG3\B\nothing, 2020-06-08 04:43:08,FALSE,PLOG3,B,TRUE,FALSE,FALSE,nothing,false,,
River Logs,06080030.AVI,Organized_data_Nov_2020\PLOG6\nothing, 2020-06-08 05:07:22,FALSE,PLOG6,A,TRUE,FALSE,FALSE,nothing,false,,
River Logs,EK000082.AVI,Organized_data_Nov_2020\PLOG2\A\on_log\tamandua, 2020-06-08 05:39:26,FALSE,PLOG2,A,FALSE,FALSE,TRUE,tamandua,true,,
River Logs,06080031.AVI,Organized_data_Nov_2020\PLOG6\on_log\agouti, 2020-06-08 05:46:44,FALSE,PLOG6,A,FALSE,FALSE,TRUE,rodent,true,,
River Logs,PICT0007.AVI,Organized_data_Nov_2020\CLOG3\B\nothing, 2020-06-08 10:06:54,FALSE,CLOG3,B,TRUE,FALSE,FALSE,nothing,false,,
River Logs,06080006.AVI,Organized_data_Nov_2020\CLOG3\A\nothing, 2020-06-08 10:07:08,FALSE,CLOG3,A,TRUE,FALSE,FALSE,nothing,false,,
River Logs,06080008.MP4,Organized_data_Nov_2020\CLOG8\A\nothing, 2020-06-08 10:08:32,FALSE,CLOG8,A,TRUE,FALSE,FALSE,nothing,false,,
River Logs,PICT0006.AVI,Organized_data_Nov_2020\CLOG2\nothing, 2020-06-08 13:15:34,FALSE,CLOG2,A,TRUE,FALSE,FALSE,nothing,false,,
River Logs,06080031.AVI,Organized_data_Nov_2020\CLOG1\nothing, 2020-06-08 13:16:22,FALSE,CLOG1,A,TRUE,FALSE,FALSE,nothing,false,,
River Logs,EK000083.AVI,Organized_data_Nov_2020\PLOG2\A\nothing, 2020-06-08 13:26:44,FALSE,PLOG2,A,TRUE,FALSE,FALSE,nothing,false,,
River Logs,EK000038.AVI,Organized_data_Nov_2020\PLOG3\B\nothing, 2020-06-08 13:34:04,FALSE,PLOG3,B,TRUE,FALSE,FALSE,nothing,false,,
River Logs,PICT0007.AVI,Organized_data_Nov_2020\CLOG2\on_log\lizard_uid, 2020-06-08 13:36:42,FALSE,CLOG2,A,FALSE,FALSE,TRUE,lizard_uid,false,,
River Logs,06080032.AVI,Organized_data_Nov_2020\CLOG1\nothing, 2020-06-08 14:55:54,FALSE,CLOG1,A,TRUE,FALSE,FALSE,nothing,false,,
River Logs,PICT0008.AVI,Organized_data_Nov_2020\CLOG2\nothing, 2020-06-08 14:59:46,FALSE,CLOG2,A,TRUE,FALSE,FALSE,nothing,false,,
River Logs,06080001.AVI,Organized_data_Nov_2020\CLOG2\setup, 2020-06-08 15:12:40,FALSE,CLOG2,A,FALSE,TRUE,FALSE,setup,false,,
River Logs,06080002.AVI,Organized_data_Nov_2020\CLOG2\nothing, 2020-06-08 15:13:34,FALSE,CLOG2,A,TRUE,FALSE,FALSE,nothing,false,,
River Logs,06080003.AVI,Organized_data_Nov_2020\CLOG2\nothing, 2020-06-08 15:14:18,FALSE,CLOG2,A,TRUE,FALSE,FALSE,nothing,false,,
River Logs,06080004.AVI,Organized_data_Nov_2020\CLOG2\on_log\opossum_foureyed, 2020-06-08 15:37:18,FALSE,CLOG2,A,FALSE,FALSE,TRUE,nothing,false,,
River Logs,06080009.MP4,Organized_data_Nov_2020\CLOG8\A\on_log\coati, 2020-06-08 19:27:56,FALSE,CLOG8,A,FALSE,FALSE,TRUE,coati,true,,
River Logs,06080010.MP4,Organized_data_Nov_2020\CLOG8\A\on_log\coati, 2020-06-08 19:28:40,FALSE,CLOG8,A,FALSE,FALSE,TRUE,coati,true,,
River Logs,06081377.AVI,Organized_data_Nov_2020\PLOG3\A\on_log\opossum_common, 2020-06-08 20:10:26,FALSE,PLOG3,A,FALSE,FALSE,TRUE,opossum_common,true,,
River Logs,06080032.AVI,Organized_data_Nov_2020\PLOG6\nothing, 2020-06-08 21:22:50,FALSE,PLOG6,A,TRUE,FALSE,FALSE,nothing,false,,
River Logs,RCNX0029.AVI,Organized_data_Nov_2020\PLOG5\B\on_log\skunk_striped, 2020-06-08 22:13:26,FALSE,PLOG5,B,FALSE,FALSE,TRUE,skunk_striped,true,marking,
River Logs,EK000039.AVI,Organized_data_Nov_2020\PLOG3\B\nothing, 2020-06-08 22:48:52,FALSE,PLOG3,B,TRUE,FALSE,FALSE,nothing,false,,
River Logs,06080005.AVI,Organized_data_Nov_2020\CLOG2\on_log\opossum_foureyed, 2020-06-08 23:04:50,FALSE,CLOG2,A,FALSE,FALSE,TRUE,opossum_foureyed,true,,
River Logs,06081378.AVI,Organized_data_Nov_2020\PLOG3\A\nothing, 2020-06-09 01:44:56,FALSE,PLOG3,A,TRUE,FALSE,FALSE,nothing,false,,
River Logs,EK000040.AVI,Organized_data_Nov_2020\PLOG3\B\nothing, 2020-06-09 04:22:00,FALSE,PLOG3,B,TRUE,FALSE,FALSE,nothing,false,,
River Logs,EK000009.AVI,Organized_data_Nov_2020\CLOG4\nothing, 2020-06-09 04:44:42,FALSE,CLOG4,A,TRUE,FALSE,FALSE,nothing,false,,
River Logs,EK000010.AVI,Organized_data_Nov_2020\CLOG4\on_log\tamandua, 2020-06-09 10:37:30,FALSE,CLOG4,A,FALSE,FALSE,TRUE,tamandua,true,,
River Logs,EK000003.AVI,Organized_data_Nov_2020\PLOG4\nothing, 2020-06-09 13:05:08,FALSE,PLOG4,A,TRUE,FALSE,FALSE,nothing,false,,
River Logs,EK000004.AVI,Organized_data_Nov_2020\PLOG4\nothing, 2020-06-09 13:39:52,FALSE,PLOG4,A,TRUE,FALSE,FALSE,nothing,false,,
River Logs,EK000005.AVI,Organized_data_Nov_2020\PLOG4\nothing, 2020-06-09 14:00:44,FALSE,PLOG4,A,TRUE,FALSE,FALSE,nothing,false,,
River Logs,EK000006.AVI,Organized_data_Nov_2020\PLOG4\nothing, 2020-06-09 14:12:34,FALSE,PLOG4,A,TRUE,FALSE,FALSE,nothing,false,,
River Logs,EK000007.AVI,Organized_data_Nov_2020\PLOG4\nothing, 2020-06-09 14:23:04,FALSE,PLOG4,A,TRUE,FALSE,FALSE,nothing,false,,
River Logs,RCNX0030.AVI,Organized_data_Nov_2020\PLOG5\B\on_log\tayra, 2020-06-09 15:25:28,FALSE,PLOG5,B,FALSE,FALSE,TRUE,tayra,true,,
River Logs,EK000007.AVI,Organized_data_Nov_2020\CLOG9\nothing, 2020-06-09 16:24:32,FALSE,CLOG9,A,TRUE,FALSE,FALSE,nothing,false,,
River Logs,EK000008.AVI,Organized_data_Nov_2020\PLOG4\nothing, 2020-06-09 17:05:32,FALSE,PLOG4,A,TRUE,FALSE,FALSE,nothing,false,,
River Logs,06090033.AVI,Organized_data_Nov_2020\PLOG6\on_log\curassow_great, 2020-06-09 18:46:06,FALSE,PLOG6,A,FALSE,FALSE,TRUE,curassow_great,false,,
River Logs,EK000011.AVI,Organized_data_Nov_2020\CLOG4\on_log\opossum_common, 2020-06-09 21:24:28,FALSE,CLOG4,A,FALSE,FALSE,TRUE,opossum_common,true,,
River Logs,EK000009.AVI,Organized_data_Nov_2020\PLOG4\nothing, 2020-06-09 22:11:52,FALSE,PLOG4,A,TRUE,FALSE,FALSE,nothing,false,,
River Logs,06090004.MP4,Organized_data_Nov_2020\CLOG6\A\nothing, 2020-06-09 22:25:48,FALSE,CLOG6,A,TRUE,FALSE,FALSE,nothing,false,,
River Logs,EK000012.AVI,Organized_data_Nov_2020\CLOG4\on_log\tamandua, 2020-06-09 22:41:44,FALSE,CLOG4,A,FALSE,FALSE,TRUE,tamandua,true,,
River Logs,06090034.AVI,Organized_data_Nov_2020\PLOG6\on_log\opossum_water, 2020-06-09 22:44:26,FALSE,PLOG6,A,FALSE,FALSE,TRUE,opossum_water,true,,
River Logs,06091379.AVI,Organized_data_Nov_2020\PLOG3\A\on_log\opossum_common, 2020-06-09 23:06:22,FALSE,PLOG3,A,FALSE,FALSE,TRUE,opossum_common,true,,
River Logs,EK000010.AVI,Organized_data_Nov_2020\PLOG4\nothing, 2020-06-09 23:45:26,FALSE,PLOG4,A,TRUE,FALSE,FALSE,nothing,false,,
River Logs,EK000011.AVI,Organized_data_Nov_2020\PLOG4\on_log\opossum_common, 2020-06-09 23:55:56,FALSE,PLOG4,A,FALSE,FALSE,TRUE,opossum_common,true,,
River Logs,EK000012.AVI,Organized_data_Nov_2020\PLOG4\nothing, 2020-06-10 00:25:54,FALSE,PLOG4,A,TRUE,FALSE,FALSE,nothing,false,,
River Logs,EK000013.AVI,Organized_data_Nov_2020\PLOG4\nothing, 2020-06-10 01:01:06,FALSE,PLOG4,A,TRUE,FALSE,FALSE,nothing,false,,
River Logs,06090006.AVI,Organized_data_Nov_2020\CLOG2\on_log\tamandua, 2020-06-10 01:05:28,FALSE,CLOG2,A,FALSE,FALSE,TRUE,tamandua,true,,
River Logs,06091380.AVI,Organized_data_Nov_2020\PLOG3\A\nothing, 2020-06-10 01:31:36,FALSE,PLOG3,A,TRUE,FALSE,FALSE,nothing,false,,
River Logs,06091381.AVI,Organized_data_Nov_2020\PLOG3\A\nothing, 2020-06-10 01:41:18,FALSE,PLOG3,A,TRUE,FALSE,FALSE,nothing,false,,
River Logs,EK000041.AVI,Organized_data_Nov_2020\PLOG3\B\nothing, 2020-06-10 01:44:10,FALSE,PLOG3,B,TRUE,FALSE,FALSE,nothing,false,,
River Logs,06100007.AVI,Organized_data_Nov_2020\CLOG2\on_log\tamandua, 2020-06-10 02:23:12,FALSE,CLOG2,A,FALSE,FALSE,TRUE,tamandua,true,,
River Logs,RCNX0031.AVI,Organized_data_Nov_2020\PLOG5\B\on_log\skunk_striped, 2020-06-10 04:01:22,FALSE,PLOG5,B,FALSE,FALSE,TRUE,skunk_striped,true,marking,
River Logs,06100026.AVI,Organized_data_Nov_2020\PLOG5\A\on_log\skunk_striped, 2020-06-10 04:02:24,FALSE,PLOG5,A,FALSE,FALSE,TRUE,skunk_striped,true,,
River Logs,06100027.AVI,Organized_data_Nov_2020\PLOG5\A\on_log\opossum_common, 2020-06-10 04:03:30,FALSE,PLOG5,A,FALSE,FALSE,TRUE,opossum_common,true,,
River Logs,RCNX0032.AVI,Organized_data_Nov_2020\PLOG5\B\on_log\opossum_common, 2020-06-10 04:03:42,FALSE,PLOG5,B,FALSE,FALSE,TRUE,opossum_common,true,,
River Logs,06100028.AVI,Organized_data_Nov_2020\PLOG5\A\nothing, 2020-06-10 04:04:20,FALSE,PLOG5,A,TRUE,FALSE,FALSE,nothing,false,,
River Logs,RCNX0033.AVI,Organized_data_Nov_2020\PLOG5\B\on_log\opossum_common, 2020-06-10 04:06:32,FALSE,PLOG5,B,FALSE,FALSE,TRUE,opossum_common,true,,
River Logs,EK000042.AVI,Organized_data_Nov_2020\PLOG3\B\nothing, 2020-06-10 04:08:38,FALSE,PLOG3,B,TRUE,FALSE,FALSE,nothing,false,,
River Logs,EK000043.AVI,Organized_data_Nov_2020\PLOG3\B\nothing, 2020-06-10 04:18:42,FALSE,PLOG3,B,TRUE,FALSE,FALSE,nothing,false,,
River Logs,06100011.MP4,Organized_data_Nov_2020\CLOG8\A\on_log\ocelot, 2020-06-10 06:23:58,FALSE,CLOG8,A,FALSE,FALSE,TRUE,margay,true,,
River Logs,EK000014.AVI,Organized_data_Nov_2020\PLOG4\nothing, 2020-06-10 07:40:20,FALSE,PLOG4,A,TRUE,FALSE,FALSE,nothing,false,,
River Logs,EK000015.AVI,Organized_data_Nov_2020\PLOG4\nothing, 2020-06-10 08:06:20,FALSE,PLOG4,A,TRUE,FALSE,FALSE,nothing,false,,
River Logs,EK000016.AVI,Organized_data_Nov_2020\PLOG4\nothing, 2020-06-10 08:31:56,FALSE,PLOG4,A,TRUE,FALSE,FALSE,nothing,false,,
River Logs,EK000017.AVI,Organized_data_Nov_2020\PLOG4\on_log\coati, 2020-06-10 08:37:36,FALSE,PLOG4,A,FALSE,FALSE,TRUE,coati,true,marking,
River Logs,EK000018.AVI,Organized_data_Nov_2020\PLOG4\nothing, 2020-06-10 09:10:10,FALSE,PLOG4,A,TRUE,FALSE,FALSE,nothing,false,,
River Logs,EK000013.AVI,Organized_data_Nov_2020\CLOG4\on_log\tamandua, 2020-06-10 09:23:22,FALSE,CLOG4,A,FALSE,FALSE,TRUE,tamandua,false,,
River Logs,EK000019.AVI,Organized_data_Nov_2020\PLOG4\nothing, 2020-06-10 09:32:42,FALSE,PLOG4,A,TRUE,FALSE,FALSE,nothing,false,,
River Logs,EK000020.AVI,Organized_data_Nov_2020\PLOG4\nothing, 2020-06-10 09:49:00,FALSE,PLOG4,A,TRUE,FALSE,FALSE,nothing,false,,
River Logs,EK000008.AVI,Organized_data_Nov_2020\CLOG9\nothing, 2020-06-10 09:56:42,FALSE,CLOG9,A,TRUE,FALSE,FALSE,nothing,false,,
River Logs,EK000021.AVI,Organized_data_Nov_2020\PLOG4\nothing, 2020-06-10 10:01:44,FALSE,PLOG4,A,TRUE,FALSE,FALSE,nothing,false,,
River Logs,06100033.AVI,Organized_data_Nov_2020\CLOG1\on_log\bird, 2020-06-10 10:44:52,FALSE,CLOG1,A,FALSE,FALSE,TRUE,bird,false,,
River Logs,EK000022.AVI,Organized_data_Nov_2020\PLOG4\nothing, 2020-06-10 12:45:26,FALSE,PLOG4,A,TRUE,FALSE,FALSE,nothing,false,,
River Logs,06100008.AVI,Organized_data_Nov_2020\CLOG2\nothing, 2020-06-10 12:55:08,FALSE,CLOG2,A,TRUE,FALSE,FALSE,nothing,false,,
River Logs,06100009.AVI,Organized_data_Nov_2020\CLOG2\on_log\lizard_uid, 2020-06-10 12:56:58,FALSE,CLOG2,A,FALSE,FALSE,TRUE,lizard_uid,false,,
River Logs,06100010.AVI,Organized_data_Nov_2020\CLOG2\nothing, 2020-06-10 13:00:00,FALSE,CLOG2,A,TRUE,FALSE,FALSE,nothing,false,,
River Logs,EK000023.AVI,Organized_data_Nov_2020\PLOG4\nothing, 2020-06-10 13:35:42,FALSE,PLOG4,A,TRUE,FALSE,FALSE,nothing,false,,
River Logs,PICT0008.AVI,Organized_data_Nov_2020\CLOG3\B\on_log\bird, 2020-06-10 14:27:54,FALSE,CLOG3,B,FALSE,FALSE,TRUE,bird,false,,
River Logs,EK000024.AVI,Organized_data_Nov_2020\PLOG4\nothing, 2020-06-10 14:33:34,FALSE,PLOG4,A,TRUE,FALSE,FALSE,nothing,false,,
River Logs,06100011.AVI,Organized_data_Nov_2020\CLOG2\on_log\lizard_uid, 2020-06-10 14:38:30,FALSE,CLOG2,A,FALSE,FALSE,TRUE,lizard_uid,false,,
River Logs,06100012.AVI,Organized_data_Nov_2020\CLOG2\on_log\lizard_uid, 2020-06-10 14:48:26,FALSE,CLOG2,A,FALSE,FALSE,TRUE,lizard_uid,false,,
River Logs,06100013.AVI,Organized_data_Nov_2020\CLOG2\nothing, 2020-06-10 14:54:48,FALSE,CLOG2,A,TRUE,FALSE,FALSE,nothing,false,,
River Logs,RCNX0034.AVI,Organized_data_Nov_2020\PLOG5\B\on_log\tayra, 2020-06-10 15:43:44,FALSE,PLOG5,B,FALSE,FALSE,TRUE,tayra,true,,
River Logs,RCNX0035.AVI,Organized_data_Nov_2020\PLOG5\B\on_log\tayra, 2020-06-10 17:30:44,FALSE,PLOG5,B,FALSE,FALSE,TRUE,tayra,true,,
River Logs,06101382.AVI,Organized_data_Nov_2020\PLOG3\A\nothing, 2020-06-10 18:54:46,FALSE,PLOG3,A,TRUE,FALSE,FALSE,nothing,false,,
River Logs,06100013.MP4,Organized_data_Nov_2020\CLOG8\A\on_log\coati, 2020-06-10 19:30:44,FALSE,CLOG8,A,FALSE,FALSE,TRUE,coati,true,,
River Logs,06101383.AVI,Organized_data_Nov_2020\PLOG3\A\on_log\opossum_common, 2020-06-10 21:06:02,FALSE,PLOG3,A,FALSE,FALSE,TRUE,opossum_common,true,,
River Logs,RCNX0036.AVI,Organized_data_Nov_2020\PLOG5\B\on_log\opossum_foureyed, 2020-06-10 21:15:12,FALSE,PLOG5,B,FALSE,FALSE,TRUE,opossum_foureyed,true,,
River Logs,06101384.AVI,Organized_data_Nov_2020\PLOG3\A\nothing, 2020-06-10 21:48:16,FALSE,PLOG3,A,TRUE,FALSE,FALSE,nothing,false,,
River Logs,06100014.AVI,Organized_data_Nov_2020\CLOG2\on_log\tamandua, 2020-06-10 22:03:52,FALSE,CLOG2,A,FALSE,FALSE,TRUE,tamandua,true,,
River Logs,06100006.MP4,Organized_data_Nov_2020\CLOG8\B\nothing, 2020-06-10 23:17:32,FALSE,CLOG8,B,TRUE,FALSE,FALSE,nothing,false,,
River Logs,EK000044.AVI,Organized_data_Nov_2020\PLOG3\B\nothing, 2020-06-10 23:44:02,FALSE,PLOG3,B,TRUE,FALSE,FALSE,nothing,false,,
River Logs,EK000045.AVI,Organized_data_Nov_2020\PLOG3\B\nothing, 2020-06-11 00:25:36,FALSE,PLOG3,B,TRUE,FALSE,FALSE,nothing,false,,
River Logs,06100035.AVI,Organized_data_Nov_2020\PLOG6\on_log\skunk_striped, 2020-06-11 01:26:12,FALSE,PLOG6,A,FALSE,FALSE,TRUE,skunk_striped,true,,
River Logs,06110036.AVI,Organized_data_Nov_2020\PLOG6\on_log\rodent, 2020-06-11 02:21:00,FALSE,PLOG6,A,FALSE,FALSE,TRUE,rodent,false,,
River Logs,06110037.AVI,Organized_data_Nov_2020\PLOG6\nothing, 2020-06-11 03:03:22,FALSE,PLOG6,A,TRUE,FALSE,FALSE,nothing,false,,
River Logs,EK000014.AVI,Organized_data_Nov_2020\CLOG4\on_log\tamandua, 2020-06-11 03:20:38,FALSE,CLOG4,A,FALSE,FALSE,TRUE,tamandua,true,,
River Logs,RCNX0003.AVI,Organized_data_Nov_2020\CLOG7\on_log\ocelot, 2020-06-11 03:39:54,FALSE,CLOG7,A,FALSE,FALSE,TRUE,ocelot,true,,
River Logs,EK000015.AVI,Organized_data_Nov_2020\CLOG4\on_log\tamandua, 2020-06-11 06:39:34,FALSE,CLOG4,A,FALSE,FALSE,TRUE,tamandua,true,,
River Logs,EK000016.AVI,Organized_data_Nov_2020\CLOG4\nothing, 2020-06-11 06:42:30,FALSE,CLOG4,A,TRUE,FALSE,FALSE,nothing,false,,
River Logs,EK000025.AVI,Organized_data_Nov_2020\PLOG4\nothing, 2020-06-11 07:27:12,FALSE,PLOG4,A,TRUE,FALSE,FALSE,nothing,false,,
River Logs,06110005.MP4,Organized_data_Nov_2020\CLOG6\A\on_log\coati, 2020-06-11 07:57:04,FALSE,CLOG6,A,FALSE,FALSE,TRUE,coati,true,,
River Logs,06110006.MP4,Organized_data_Nov_2020\CLOG6\A\on_log\coati, 2020-06-11 07:57:50,FALSE,CLOG6,A,FALSE,FALSE,TRUE,coati,true,,
River Logs,EK000026.AVI,Organized_data_Nov_2020\PLOG4\nothing, 2020-06-11 07:58:52,FALSE,PLOG4,A,TRUE,FALSE,FALSE,nothing,false,,
River Logs,EK000027.AVI,Organized_data_Nov_2020\PLOG4\nothing, 2020-06-11 08:20:04,FALSE,PLOG4,A,TRUE,FALSE,FALSE,nothing,false,,
River Logs,RCNX0004.AVI,Organized_data_Nov_2020\CLOG7\on_log\coati, 2020-06-11 08:23:26,FALSE,CLOG7,A,FALSE,FALSE,TRUE,coati,true,marking,
River Logs,RCNX0005.AVI,Organized_data_Nov_2020\CLOG7\on_log\coati, 2020-06-11 08:24:58,FALSE,CLOG7,A,FALSE,FALSE,TRUE,coati,true,marking,
River Logs,EK000028.AVI,Organized_data_Nov_2020\PLOG4\nothing, 2020-06-11 08:37:22,FALSE,PLOG4,A,TRUE,FALSE,FALSE,nothing,false,,
River Logs,EK000029.AVI,Organized_data_Nov_2020\PLOG4\nothing, 2020-06-11 08:52:18,FALSE,PLOG4,A,TRUE,FALSE,FALSE,nothing,false,,
River Logs,EK000030.AVI,Organized_data_Nov_2020\PLOG4\nothing, 2020-06-11 09:05:50,FALSE,PLOG4,A,TRUE,FALSE,FALSE,nothing,false,,
River Logs,RCNX0037.AVI,Organized_data_Nov_2020\PLOG5\B\on_log\tayra, 2020-06-11 09:06:06,FALSE,PLOG5,B,FALSE,FALSE,TRUE,tayra,true,,
River Logs,06110029.AVI,Organized_data_Nov_2020\PLOG5\A\nothing, 2020-06-11 09:06:20,FALSE,PLOG5,A,TRUE,FALSE,FALSE,nothing,false,,
River Logs,EK000031.AVI,Organized_data_Nov_2020\PLOG4\nothing, 2020-06-11 09:22:00,FALSE,PLOG4,A,TRUE,FALSE,FALSE,nothing,false,,
River Logs,EK000032.AVI,Organized_data_Nov_2020\PLOG4\nothing, 2020-06-11 09:47:02,FALSE,PLOG4,A,TRUE,FALSE,FALSE,nothing,false,,
River Logs,06110007.AVI,Organized_data_Nov_2020\CLOG3\A\on_log\lizard_uid, 2020-06-11 09:48:34,FALSE,CLOG3,A,FALSE,FALSE,TRUE,lizard_uid,false,,
River Logs,EK000033.AVI,Organized_data_Nov_2020\PLOG4\nothing, 2020-06-11 10:13:32,FALSE,PLOG4,A,TRUE,FALSE,FALSE,nothing,false,,
River Logs,RCNX0038.AVI,Organized_data_Nov_2020\PLOG5\B\on_log\tayra, 2020-06-11 10:46:42,FALSE,PLOG5,B,FALSE,FALSE,TRUE,tayra,true,,
River Logs,EK000034.AVI,Organized_data_Nov_2020\PLOG4\nothing, 2020-06-11 10:53:00,FALSE,PLOG4,A,TRUE,FALSE,FALSE,nothing,false,,
River Logs,06110008.AVI,Organized_data_Nov_2020\CLOG3\A\on_log\lizard_uid, 2020-06-11 11:04:06,FALSE,CLOG3,A,FALSE,FALSE,TRUE,lizard_uid,false,,
River Logs,06110015.AVI,Organized_data_Nov_2020\CLOG2\on_log\lizard_uid, 2020-06-11 11:18:40,FALSE,CLOG2,A,FALSE,FALSE,TRUE,lizard_uid,false,,
River Logs,06110034.AVI,Organized_data_Nov_2020\CLOG1\on_log\lizard_uid, 2020-06-11 11:19:14,FALSE,CLOG1,A,FALSE,FALSE,TRUE,lizard_uid,false,,
River Logs,EK000035.AVI,Organized_data_Nov_2020\PLOG4\nothing, 2020-06-11 11:19:44,FALSE,PLOG4,A,TRUE,FALSE,FALSE,nothing,false,,
River Logs,06110035.AVI,Organized_data_Nov_2020\CLOG1\on_log\lizard_uid, 2020-06-11 11:38:00,FALSE,CLOG1,A,FALSE,FALSE,TRUE,lizard_uid,false,,
River Logs,06110030.AVI,Organized_data_Nov_2020\PLOG5\A\on_log\lizard_uid, 2020-06-11 11:43:04,FALSE,PLOG5,A,FALSE,FALSE,TRUE,lizard_uid,false,,
River Logs,RCNX0039.AVI,Organized_data_Nov_2020\PLOG5\B\on_log\tayra, 2020-06-11 11:45:36,FALSE,PLOG5,B,FALSE,FALSE,TRUE,tayra,true,,
River Logs,06110016.AVI,Organized_data_Nov_2020\CLOG2\on_log\lizard_uid, 2020-06-11 11:52:56,FALSE,CLOG2,A,FALSE,FALSE,TRUE,lizard_uid,false,,
River Logs,06110017.AVI,Organized_data_Nov_2020\CLOG2\on_log\lizard_uid, 2020-06-11 12:08:00,FALSE,CLOG2,A,FALSE,FALSE,TRUE,lizard_uid,false,,
River Logs,06110018.AVI,Organized_data_Nov_2020\CLOG2\on_log\lizard_uid, 2020-06-11 12:49:14,FALSE,CLOG2,A,FALSE,FALSE,TRUE,lizard_uid,false,,
River Logs,06110019.AVI,Organized_data_Nov_2020\CLOG2\on_log\lizard_uid, 2020-06-11 13:37:28,FALSE,CLOG2,A,FALSE,FALSE,TRUE,lizard_uid,false,,
River Logs,EK000017.AVI,Organized_data_Nov_2020\CLOG4\on_log\ocelot, 2020-06-11 14:18:30,FALSE,CLOG4,A,FALSE,FALSE,TRUE,ocelot,true,,
River Logs,EK000085.AVI,Organized_data_Nov_2020\PLOG2\A\nothing, 2020-06-11 14:33:50,FALSE,PLOG2,A,TRUE,FALSE,FALSE,nothing,false,,
River Logs,EK000086.AVI,Organized_data_Nov_2020\PLOG2\A\nothing, 2020-06-11 14:39:54,FALSE,PLOG2,A,TRUE,FALSE,FALSE,nothing,false,,
River Logs,EK000036.AVI,Organized_data_Nov_2020\PLOG4\nothing, 2020-06-11 14:42:08,FALSE,PLOG4,A,TRUE,FALSE,FALSE,nothing,false,,
River Logs,EK000087.AVI,Organized_data_Nov_2020\PLOG2\A\nothing, 2020-06-11 14:44:22,FALSE,PLOG2,A,TRUE,FALSE,FALSE,nothing,false,,
River Logs,EK000088.AVI,Organized_data_Nov_2020\PLOG2\A\nothing, 2020-06-11 14:48:24,FALSE,PLOG2,A,TRUE,FALSE,FALSE,nothing,false,,
River Logs,EK000089.AVI,Organized_data_Nov_2020\PLOG2\A\nothing, 2020-06-11 14:52:52,FALSE,PLOG2,A,TRUE,FALSE,FALSE,nothing,false,,
River Logs,EK000090.AVI,Organized_data_Nov_2020\PLOG2\A\nothing, 2020-06-11 14:54:26,FALSE,PLOG2,A,TRUE,FALSE,FALSE,nothing,false,,
River Logs,EK000091.AVI,Organized_data_Nov_2020\PLOG2\A\nothing, 2020-06-11 14:55:48,FALSE,PLOG2,A,TRUE,FALSE,FALSE,nothing,false,,
River Logs,06110020.AVI,Organized_data_Nov_2020\CLOG2\nothing, 2020-06-11 15:15:26,FALSE,CLOG2,A,TRUE,FALSE,FALSE,nothing,false,,
River Logs,06110021.AVI,Organized_data_Nov_2020\CLOG2\nothing, 2020-06-11 15:17:12,FALSE,CLOG2,A,TRUE,FALSE,FALSE,nothing,false,,
River Logs,EK000009.AVI,Organized_data_Nov_2020\CLOG9\off_log\bird, 2020-06-11 17:41:16,FALSE,CLOG9,A,FALSE,FALSE,FALSE,bird,false,,
River Logs,06111385.AVI,Organized_data_Nov_2020\PLOG3\A\on_log\opossum_common, 2020-06-11 19:02:36,FALSE,PLOG3,A,FALSE,FALSE,TRUE,opossum_common,true,,
River Logs,06111386.AVI,Organized_data_Nov_2020\PLOG3\A\on_log\opossum_common, 2020-06-11 20:53:52,FALSE,PLOG3,A,FALSE,FALSE,TRUE,opossum_common,true,,
River Logs,06110038.AVI,Organized_data_Nov_2020\PLOG6\on_log\ocelot, 2020-06-11 22:10:58,FALSE,PLOG6,A,FALSE,FALSE,TRUE,ocelot,true,,
River Logs,EK000018.AVI,Organized_data_Nov_2020\CLOG4\on_log\opossum_common, 2020-06-11 22:34:50,FALSE,CLOG4,A,FALSE,FALSE,TRUE,opossum_common,true,,
River Logs,EK000019.AVI,Organized_data_Nov_2020\CLOG4\on_log\opossum_common, 2020-06-11 23:05:28,FALSE,CLOG4,A,FALSE,FALSE,TRUE,opossum_common,true,,
River Logs,EK000037.AVI,Organized_data_Nov_2020\PLOG4\off_log\paca, 2020-06-11 23:21:24,FALSE,PLOG4,A,FALSE,FALSE,FALSE,paca,false,in river,
River Logs,PICT0009.AVI,Organized_data_Nov_2020\CLOG3\B\on_log\skunk_striped, 2020-06-12 00:02:04,FALSE,CLOG3,B,FALSE,FALSE,TRUE,skunk_striped,true,,
River Logs,EK000038.AVI,Organized_data_Nov_2020\PLOG4\on_log\opossum_common, 2020-06-12 04:32:22,FALSE,PLOG4,A,FALSE,FALSE,TRUE,opossum_common,true,,
River Logs,06120039.AVI,Organized_data_Nov_2020\PLOG6\nothing, 2020-06-12 06:02:36,FALSE,PLOG6,A,TRUE,FALSE,FALSE,nothing,false,,
River Logs,06120040.AVI,Organized_data_Nov_2020\PLOG6\on_log\agouti, 2020-06-12 06:41:18,FALSE,PLOG6,A,FALSE,FALSE,TRUE,rodent,true,,
River Logs,EK000039.AVI,Organized_data_Nov_2020\PLOG4\nothing, 2020-06-12 07:45:20,FALSE,PLOG4,A,TRUE,FALSE,FALSE,nothing,false,,
River Logs,EK000040.AVI,Organized_data_Nov_2020\PLOG4\on_log\squirrel_uid, 2020-06-12 08:00:40,FALSE,PLOG4,A,FALSE,FALSE,TRUE,squirrel_uid,true,,
River Logs,EK000041.AVI,Organized_data_Nov_2020\PLOG4\nothing, 2020-06-12 08:11:40,FALSE,PLOG4,A,TRUE,FALSE,FALSE,nothing,false,,
River Logs,EK000042.AVI,Organized_data_Nov_2020\PLOG4\on_log\squirrel_uid, 2020-06-12 08:16:58,FALSE,PLOG4,A,FALSE,FALSE,TRUE,squirrel_uid,true,,
River Logs,EK000043.AVI,Organized_data_Nov_2020\PLOG4\nothing, 2020-06-12 08:57:58,FALSE,PLOG4,A,TRUE,FALSE,FALSE,nothing,false,,
River Logs,EK000044.AVI,Organized_data_Nov_2020\PLOG4\nothing, 2020-06-12 09:33:18,FALSE,PLOG4,A,TRUE,FALSE,FALSE,nothing,false,,
River Logs,EK000045.AVI,Organized_data_Nov_2020\PLOG4\nothing, 2020-06-12 09:50:46,FALSE,PLOG4,A,TRUE,FALSE,FALSE,nothing,false,,
River Logs,EK000046.AVI,Organized_data_Nov_2020\PLOG4\nothing, 2020-06-12 09:51:30,FALSE,PLOG4,A,TRUE,FALSE,FALSE,nothing,false,,
River Logs,EK000047.AVI,Organized_data_Nov_2020\PLOG4\nothing, 2020-06-12 10:13:02,FALSE,PLOG4,A,TRUE,FALSE,FALSE,nothing,false,,
River Logs,EK000048.AVI,Organized_data_Nov_2020\PLOG4\nothing, 2020-06-12 10:22:40,FALSE,PLOG4,A,TRUE,FALSE,FALSE,nothing,false,,
River Logs,06120009.AVI,Organized_data_Nov_2020\CLOG3\A\off_log\lizard_uid, 2020-06-12 10:25:02,FALSE,CLOG3,A,FALSE,FALSE,FALSE,lizard_uid,false,,
River Logs,06121387.AVI,Organized_data_Nov_2020\PLOG3\A\on_log\bird, 2020-06-12 10:32:02,FALSE,PLOG3,A,FALSE,FALSE,TRUE,bird,false,,
River Logs,EK000049.AVI,Organized_data_Nov_2020\PLOG4\off_log\bird, 2020-06-12 10:39:52,FALSE,PLOG4,A,FALSE,FALSE,FALSE,bird,false,,
River Logs,EK000050.AVI,Organized_data_Nov_2020\PLOG4\nothing, 2020-06-12 10:54:12,FALSE,PLOG4,A,TRUE,FALSE,FALSE,nothing,false,,
River Logs,06120009.MP4,Organized_data_Nov_2020\CLOG6\A\on_log\coati, 2020-06-12 11:18:58,FALSE,CLOG6,A,FALSE,FALSE,TRUE,coati,true,,
River Logs,06120022.AVI,Organized_data_Nov_2020\CLOG2\on_log\iguana_green, 2020-06-12 11:42:10,FALSE,CLOG2,A,FALSE,FALSE,TRUE,iguana_green,false,,
River Logs,06120036.AVI,Organized_data_Nov_2020\CLOG1\on_log\lizard_uid, 2020-06-12 12:01:24,FALSE,CLOG1,A,FALSE,FALSE,TRUE,lizard_uid,false,,
River Logs,06120023.AVI,Organized_data_Nov_2020\CLOG2\on_log\lizard_uid, 2020-06-12 12:12:34,FALSE,CLOG2,A,FALSE,FALSE,TRUE,lizard_uid,false,,
River Logs,06120024.AVI,Organized_data_Nov_2020\CLOG2\on_log\lizard_uid, 2020-06-12 12:15:52,FALSE,CLOG2,A,FALSE,FALSE,TRUE,lizard_uid,false,,
River Logs,06120025.AVI,Organized_data_Nov_2020\CLOG2\on_log\lizard_uid, 2020-06-12 12:17:46,FALSE,CLOG2,A,FALSE,FALSE,TRUE,lizard_uid,false,,
River Logs,06120026.AVI,Organized_data_Nov_2020\CLOG2\on_log\lizard_uid, 2020-06-12 12:22:58,FALSE,CLOG2,A,FALSE,FALSE,TRUE,lizard_uid,false,,
River Logs,06120031.AVI,Organized_data_Nov_2020\PLOG5\A\on_log\iguana_green, 2020-06-12 12:27:26,FALSE,PLOG5,A,FALSE,FALSE,TRUE,iguana_green,false,,
River Logs,RCNX0040.AVI,Organized_data_Nov_2020\PLOG5\B\on_log\tayra, 2020-06-12 12:27:38,FALSE,PLOG5,B,FALSE,FALSE,TRUE,tayra,true,,
River Logs,06120027.AVI,Organized_data_Nov_2020\CLOG2\nothing, 2020-06-12 12:32:12,FALSE,CLOG2,A,TRUE,FALSE,FALSE,nothing,false,,
River Logs,06120028.AVI,Organized_data_Nov_2020\CLOG2\nothing, 2020-06-12 12:34:46,FALSE,CLOG2,A,TRUE,FALSE,FALSE,nothing,false,,
River Logs,06120029.AVI,Organized_data_Nov_2020\CLOG2\nothing, 2020-06-12 12:49:28,FALSE,CLOG2,A,TRUE,FALSE,FALSE,nothing,false,,
River Logs,EK000051.AVI,Organized_data_Nov_2020\PLOG4\nothing, 2020-06-12 13:03:54,FALSE,PLOG4,A,TRUE,FALSE,FALSE,nothing,false,,
River Logs,EK000052.AVI,Organized_data_Nov_2020\PLOG4\nothing, 2020-06-12 13:08:00,FALSE,PLOG4,A,TRUE,FALSE,FALSE,nothing,false,,
River Logs,06120030.AVI,Organized_data_Nov_2020\CLOG2\nothing, 2020-06-12 13:21:36,FALSE,CLOG2,A,TRUE,FALSE,FALSE,nothing,false,,
River Logs,EK000092.AVI,Organized_data_Nov_2020\PLOG2\A\nothing, 2020-06-12 13:23:50,FALSE,PLOG2,A,TRUE,FALSE,FALSE,nothing,false,,
River Logs,06120037.AVI,Organized_data_Nov_2020\CLOG1\off_log\bird, 2020-06-12 13:26:06,FALSE,CLOG1,A,FALSE,FALSE,FALSE,bird,false,,
River Logs,06120031.AVI,Organized_data_Nov_2020\CLOG2\nothing, 2020-06-12 13:26:56,FALSE,CLOG2,A,TRUE,FALSE,FALSE,nothing,false,,
River Logs,EK000093.AVI,Organized_data_Nov_2020\PLOG2\A\nothing, 2020-06-12 13:36:40,FALSE,PLOG2,A,TRUE,FALSE,FALSE,nothing,false,,
River Logs,EK000094.AVI,Organized_data_Nov_2020\PLOG2\A\nothing, 2020-06-12 13:40:04,FALSE,PLOG2,A,TRUE,FALSE,FALSE,nothing,false,,
River Logs,06120032.AVI,Organized_data_Nov_2020\CLOG2\nothing, 2020-06-12 13:43:18,FALSE,CLOG2,A,TRUE,FALSE,FALSE,nothing,false,,
River Logs,06120041.AVI,Organized_data_Nov_2020\PLOG6\on_log\bird, 2020-06-12 13:45:30,FALSE,PLOG6,A,FALSE,FALSE,TRUE,bird,false,,
River Logs,06120042.AVI,Organized_data_Nov_2020\PLOG6\on_log\bird, 2020-06-12 13:46:20,FALSE,PLOG6,A,FALSE,FALSE,TRUE,bird,false,,
River Logs,06120010.AVI,Organized_data_Nov_2020\CLOG3\A\on_log\lizard_uid, 2020-06-12 13:49:14,FALSE,CLOG3,A,FALSE,FALSE,TRUE,lizard_uid,false,,
River Logs,06120033.AVI,Organized_data_Nov_2020\CLOG2\nothing, 2020-06-12 13:57:46,FALSE,CLOG2,A,TRUE,FALSE,FALSE,nothing,false,,
River Logs,EK000095.AVI,Organized_data_Nov_2020\PLOG2\A\nothing, 2020-06-12 14:01:46,FALSE,PLOG2,A,TRUE,FALSE,FALSE,nothing,false,,
River Logs,06120034.AVI,Organized_data_Nov_2020\CLOG2\on_log\lizard_uid, 2020-06-12 14:10:12,FALSE,CLOG2,A,FALSE,FALSE,TRUE,lizard_uid,false,,
River Logs,EK000096.AVI,Organized_data_Nov_2020\PLOG2\A\nothing, 2020-06-12 14:12:24,FALSE,PLOG2,A,TRUE,FALSE,FALSE,nothing,false,,
River Logs,EK000097.AVI,Organized_data_Nov_2020\PLOG2\A\nothing, 2020-06-12 14:26:58,FALSE,PLOG2,A,TRUE,FALSE,FALSE,nothing,false,,
River Logs,EK000053.AVI,Organized_data_Nov_2020\PLOG4\nothing, 2020-06-12 14:27:58,FALSE,PLOG4,A,TRUE,FALSE,FALSE,nothing,false,,
River Logs,EK000098.AVI,Organized_data_Nov_2020\PLOG2\A\nothing, 2020-06-12 14:28:28,FALSE,PLOG2,A,TRUE,FALSE,FALSE,nothing,false,,
River Logs,EK000099.AVI,Organized_data_Nov_2020\PLOG2\A\nothing, 2020-06-12 14:29:30,FALSE,PLOG2,A,TRUE,FALSE,FALSE,nothing,false,,
River Logs,06120035.AVI,Organized_data_Nov_2020\CLOG2\on_log\lizard_uid, 2020-06-12 14:35:38,FALSE,CLOG2,A,FALSE,FALSE,TRUE,lizard_uid,false,,
River Logs,06120036.AVI,Organized_data_Nov_2020\CLOG2\on_log\lizard_uid, 2020-06-12 14:36:24,FALSE,CLOG2,A,FALSE,FALSE,TRUE,lizard_uid,false,,
River Logs,06120037.AVI,Organized_data_Nov_2020\CLOG2\on_log\lizard_uid, 2020-06-12 14:37:14,FALSE,CLOG2,A,FALSE,FALSE,TRUE,lizard_uid,false,,
River Logs,EK000100.AVI,Organized_data_Nov_2020\PLOG2\A\nothing, 2020-06-12 14:39:48,FALSE,PLOG2,A,TRUE,FALSE,FALSE,nothing,false,,
River Logs,EK000101.AVI,Organized_data_Nov_2020\PLOG2\A\nothing, 2020-06-12 14:40:34,FALSE,PLOG2,A,TRUE,FALSE,FALSE,nothing,false,,
River Logs,EK000102.AVI,Organized_data_Nov_2020\PLOG2\A\nothing, 2020-06-12 14:41:26,FALSE,PLOG2,A,TRUE,FALSE,FALSE,nothing,false,,
River Logs,EK000103.AVI,Organized_data_Nov_2020\PLOG2\A\nothing, 2020-06-12 14:45:24,FALSE,PLOG2,A,TRUE,FALSE,FALSE,nothing,false,,
River Logs,06120038.AVI,Organized_data_Nov_2020\CLOG2\on_log\lizard_uid, 2020-06-12 14:49:10,FALSE,CLOG2,A,FALSE,FALSE,TRUE,lizard_uid,false,,
River Logs,EK000104.AVI,Organized_data_Nov_2020\PLOG2\A\nothing, 2020-06-12 14:49:12,FALSE,PLOG2,A,TRUE,FALSE,FALSE,nothing,false,,
River Logs,EK000105.AVI,Organized_data_Nov_2020\PLOG2\A\nothing, 2020-06-12 14:50:22,FALSE,PLOG2,A,TRUE,FALSE,FALSE,nothing,false,,
River Logs,EK000106.AVI,Organized_data_Nov_2020\PLOG2\A\nothing, 2020-06-12 14:51:06,FALSE,PLOG2,A,TRUE,FALSE,FALSE,nothing,false,,
River Logs,EK000107.AVI,Organized_data_Nov_2020\PLOG2\A\nothing, 2020-06-12 14:52:18,FALSE,PLOG2,A,TRUE,FALSE,FALSE,nothing,false,,
River Logs,06120039.AVI,Organized_data_Nov_2020\CLOG2\on_log\lizard_uid, 2020-06-12 14:55:02,FALSE,CLOG2,A,FALSE,FALSE,TRUE,lizard_uid,false,,
River Logs,06120040.AVI,Organized_data_Nov_2020\CLOG2\on_log\lizard_uid, 2020-06-12 14:56:18,FALSE,CLOG2,A,FALSE,FALSE,TRUE,lizard_uid,false,,
River Logs,06120041.AVI,Organized_data_Nov_2020\CLOG2\on_log\lizard_uid, 2020-06-12 14:57:12,FALSE,CLOG2,A,FALSE,FALSE,TRUE,lizard_uid,false,,
River Logs,06120042.AVI,Organized_data_Nov_2020\CLOG2\on_log\lizard_uid, 2020-06-12 14:59:58,FALSE,CLOG2,A,FALSE,FALSE,TRUE,lizard_uid,false,,
River Logs,EK000108.AVI,Organized_data_Nov_2020\PLOG2\A\nothing, 2020-06-12 15:03:40,FALSE,PLOG2,A,TRUE,FALSE,FALSE,nothing,false,,
River Logs,EK000109.AVI,Organized_data_Nov_2020\PLOG2\A\nothing, 2020-06-12 15:04:44,FALSE,PLOG2,A,TRUE,FALSE,FALSE,nothing,false,,
River Logs,06120043.AVI,Organized_data_Nov_2020\CLOG2\on_log\lizard_uid, 2020-06-12 15:05:58,FALSE,CLOG2,A,FALSE,FALSE,TRUE,lizard_uid,false,,
River Logs,EK000110.AVI,Organized_data_Nov_2020\PLOG2\A\nothing, 2020-06-12 15:10:16,FALSE,PLOG2,A,TRUE,FALSE,FALSE,nothing,false,,
River Logs,06120044.AVI,Organized_data_Nov_2020\CLOG2\on_log\lizard_uid, 2020-06-12 15:13:00,FALSE,CLOG2,A,FALSE,FALSE,TRUE,lizard_uid,false,,
River Logs,EK000111.AVI,Organized_data_Nov_2020\PLOG2\A\nothing, 2020-06-12 15:15:50,FALSE,PLOG2,A,TRUE,FALSE,FALSE,nothing,false,,
River Logs,RCNX0006.AVI,Organized_data_Nov_2020\CLOG7\on_log\tamandua, 2020-06-12 15:20:14,FALSE,CLOG7,A,FALSE,FALSE,TRUE,tamandua,true,,
River Logs,06120045.AVI,Organized_data_Nov_2020\CLOG2\on_log\lizard_uid, 2020-06-12 15:22:46,FALSE,CLOG2,A,FALSE,FALSE,TRUE,lizard_uid,false,,
River Logs,EK000112.AVI,Organized_data_Nov_2020\PLOG2\A\nothing, 2020-06-12 15:31:02,FALSE,PLOG2,A,TRUE,FALSE,FALSE,nothing,false,,
River Logs,06120046.AVI,Organized_data_Nov_2020\CLOG2\on_log\lizard_uid, 2020-06-12 15:32:24,FALSE,CLOG2,A,FALSE,FALSE,TRUE,lizard_uid,false,,
River Logs,EK000020.AVI,Organized_data_Nov_2020\CLOG4\on_log\coati, 2020-06-12 15:36:04,FALSE,CLOG4,A,FALSE,FALSE,TRUE,coati,true,,
River Logs,06120047.AVI,Organized_data_Nov_2020\CLOG2\nothing, 2020-06-12 15:39:48,FALSE,CLOG2,A,TRUE,FALSE,FALSE,nothing,false,,
River Logs,EK000021.AVI,Organized_data_Nov_2020\CLOG4\on_log\capuchin_whitefaced, 2020-06-12 15:50:22,FALSE,CLOG4,A,FALSE,FALSE,TRUE,capuchin_whitefaced,true,,
River Logs,06120048.AVI,Organized_data_Nov_2020\CLOG2\nothing, 2020-06-12 16:06:58,FALSE,CLOG2,A,TRUE,FALSE,FALSE,nothing,false,,
River Logs,06120049.AVI,Organized_data_Nov_2020\CLOG2\nothing, 2020-06-12 16:14:52,FALSE,CLOG2,A,TRUE,FALSE,FALSE,nothing,false,,
River Logs,06120011.AVI,Organized_data_Nov_2020\CLOG3\A\off_log\agouti, 2020-06-12 16:20:06,FALSE,CLOG3,A,FALSE,FALSE,FALSE,agouti,false,,
River Logs,EK000022.AVI,Organized_data_Nov_2020\CLOG4\nothing, 2020-06-12 16:21:10,FALSE,CLOG4,A,TRUE,FALSE,FALSE,nothing,false,,
River Logs,EK000054.AVI,Organized_data_Nov_2020\PLOG4\people, 2020-06-12 16:48:34,FALSE,PLOG4,A,FALSE,FALSE,FALSE,people,false,,
River Logs,EK000055.AVI,Organized_data_Nov_2020\PLOG4\people, 2020-06-12 18:25:08,FALSE,PLOG4,A,FALSE,FALSE,FALSE,people,false,,
River Logs,RCNX0041.AVI,Organized_data_Nov_2020\PLOG5\B\on_log\tamandua, 2020-06-12 18:39:38,FALSE,PLOG5,B,FALSE,FALSE,TRUE,tamandua,true,,
River Logs,EK000046.AVI,Organized_data_Nov_2020\PLOG3\B\nothing, 2020-06-12 23:56:52,FALSE,PLOG3,B,TRUE,FALSE,FALSE,nothing,false,,
River Logs,06120043.AVI,Organized_data_Nov_2020\PLOG6\on_log\skunk_striped, 2020-06-13 00:21:28,FALSE,PLOG6,A,FALSE,FALSE,TRUE,skunk_striped,true,,
River Logs,RCNX0042.AVI,Organized_data_Nov_2020\PLOG5\B\on_log\tamandua, 2020-06-13 00:28:26,FALSE,PLOG5,B,FALSE,FALSE,TRUE,tamandua,true,,
River Logs,RCNX0043.AVI,Organized_data_Nov_2020\PLOG5\B\on_log\tamandua, 2020-06-13 00:32:38,FALSE,PLOG5,B,FALSE,FALSE,TRUE,tamandua,true,,
River Logs,06120010.MP4,Organized_data_Nov_2020\CLOG6\A\on_log\ocelot, 2020-06-13 00:42:50,FALSE,CLOG6,A,FALSE,FALSE,TRUE,ocelot,true,,
River Logs,EK000113.AVI,Organized_data_Nov_2020\PLOG2\A\nothing, 2020-06-13 01:50:56,FALSE,PLOG2,A,TRUE,FALSE,FALSE,nothing,false,,
River Logs,06131388.AVI,Organized_data_Nov_2020\PLOG3\A\on_log\opossum_common, 2020-06-13 02:00:54,FALSE,PLOG3,A,FALSE,FALSE,TRUE,opossum_common,true,,
River Logs,EK000056.AVI,Organized_data_Nov_2020\PLOG4\off_log\uid, 2020-06-13 02:26:46,FALSE,PLOG4,A,FALSE,FALSE,FALSE,racoon_crabeating,false,,
River Logs,EK000114.AVI,Organized_data_Nov_2020\PLOG2\A\on_log\tamandua, 2020-06-13 03:00:26,FALSE,PLOG2,A,FALSE,FALSE,TRUE,tamandua,true,,
River Logs,EK000023.AVI,Organized_data_Nov_2020\CLOG4\on_log\opossum_common, 2020-06-13 03:04:54,FALSE,CLOG4,A,FALSE,FALSE,TRUE,opossum_common,true,young in pouch,
River Logs,EK000047.AVI,Organized_data_Nov_2020\PLOG3\B\nothing, 2020-06-13 04:38:42,FALSE,PLOG3,B,TRUE,FALSE,FALSE,nothing,false,,
River Logs,EK000057.AVI,Organized_data_Nov_2020\PLOG4\nothing, 2020-06-13 05:24:38,FALSE,PLOG4,A,TRUE,FALSE,FALSE,nothing,false,,
River Logs,06131389.AVI,Organized_data_Nov_2020\PLOG3\A\on_log\puma, 2020-06-13 05:27:14,FALSE,PLOG3,A,FALSE,FALSE,TRUE,puma,true,,
River Logs,RCNX0044.AVI,Organized_data_Nov_2020\PLOG5\B\on_log\skunk_striped, 2020-06-13 05:27:16,FALSE,PLOG5,B,FALSE,FALSE,TRUE,skunk_striped,true,,
River Logs,EK000058.AVI,Organized_data_Nov_2020\PLOG4\nothing, 2020-06-13 06:37:54,FALSE,PLOG4,A,TRUE,FALSE,FALSE,nothing,false,,
River Logs,RCNX0007.AVI,Organized_data_Nov_2020\CLOG7\on_log\tamandua, 2020-06-13 07:04:22,FALSE,CLOG7,A,FALSE,FALSE,TRUE,tamandua,true,,
River Logs,EK000059.AVI,Organized_data_Nov_2020\PLOG4\nothing, 2020-06-13 07:27:24,FALSE,PLOG4,A,TRUE,FALSE,FALSE,nothing,false,,
River Logs,EK000115.AVI,Organized_data_Nov_2020\PLOG2\A\nothing, 2020-06-13 07:45:46,FALSE,PLOG2,A,TRUE,FALSE,FALSE,nothing,false,,
River Logs,EK000048.AVI,Organized_data_Nov_2020\PLOG3\B\on_log\puma, 2020-06-13 08:04:42,FALSE,PLOG3,B,FALSE,FALSE,TRUE,puma,true,,
River Logs,EK000060.AVI,Organized_data_Nov_2020\PLOG4\nothing, 2020-06-13 09:05:40,FALSE,PLOG4,A,TRUE,FALSE,FALSE,nothing,false,,
River Logs,06130032.AVI,Organized_data_Nov_2020\PLOG5\A\on_log\puma, 2020-06-13 09:17:00,FALSE,PLOG5,A,FALSE,FALSE,TRUE,puma,true,,
River Logs,RCNX0045.AVI,Organized_data_Nov_2020\PLOG5\B\on_log\puma, 2020-06-13 09:17:12,FALSE,PLOG5,B,FALSE,FALSE,TRUE,puma,true,,
River Logs,EK000061.AVI,Organized_data_Nov_2020\PLOG4\nothing, 2020-06-13 09:39:30,FALSE,PLOG4,A,TRUE,FALSE,FALSE,nothing,false,,
River Logs,EK000062.AVI,Organized_data_Nov_2020\PLOG4\nothing, 2020-06-13 10:21:42,FALSE,PLOG4,A,TRUE,FALSE,FALSE,nothing,false,,
River Logs,EK000024.AVI,Organized_data_Nov_2020\CLOG4\on_log\coati, 2020-06-13 10:34:44,FALSE,CLOG4,A,FALSE,FALSE,TRUE,coati,true,,
River Logs,EK000025.AVI,Organized_data_Nov_2020\CLOG4\on_log\coati, 2020-06-13 10:50:38,FALSE,CLOG4,A,FALSE,FALSE,TRUE,coati,false,,
River Logs,EK000063.AVI,Organized_data_Nov_2020\PLOG4\nothing, 2020-06-13 10:52:52,FALSE,PLOG4,A,TRUE,FALSE,FALSE,nothing,false,,
River Logs,EK000064.AVI,Organized_data_Nov_2020\PLOG4\nothing, 2020-06-13 11:15:20,FALSE,PLOG4,A,TRUE,FALSE,FALSE,nothing,false,,
River Logs,EK000065.AVI,Organized_data_Nov_2020\PLOG4\nothing, 2020-06-13 11:34:14,FALSE,PLOG4,A,TRUE,FALSE,FALSE,nothing,false,,
River Logs,EK000066.AVI,Organized_data_Nov_2020\PLOG4\nothing, 2020-06-13 11:35:02,FALSE,PLOG4,A,TRUE,FALSE,FALSE,nothing,false,,
River Logs,06130050.AVI,Organized_data_Nov_2020\CLOG2\on_log\lizard_uid, 2020-06-13 11:41:48,FALSE,CLOG2,A,FALSE,FALSE,TRUE,lizard_uid,false,,
River Logs,EK000010.AVI,Organized_data_Nov_2020\CLOG9\nothing, 2020-06-13 11:44:58,FALSE,CLOG9,A,TRUE,FALSE,FALSE,nothing,false,,
River Logs,EK000067.AVI,Organized_data_Nov_2020\PLOG4\nothing, 2020-06-13 12:01:18,FALSE,PLOG4,A,TRUE,FALSE,FALSE,nothing,false,,
River Logs,06130051.AVI,Organized_data_Nov_2020\CLOG2\on_log\lizard_uid, 2020-06-13 12:03:26,FALSE,CLOG2,A,FALSE,FALSE,TRUE,lizard_uid,false,,
River Logs,EK000068.AVI,Organized_data_Nov_2020\PLOG4\nothing, 2020-06-13 12:32:54,FALSE,PLOG4,A,TRUE,FALSE,FALSE,nothing,false,,
River Logs,EK000069.AVI,Organized_data_Nov_2020\PLOG4\nothing, 2020-06-13 12:44:00,FALSE,PLOG4,A,TRUE,FALSE,FALSE,nothing,false,,
River Logs,EK000070.AVI,Organized_data_Nov_2020\PLOG4\off_log\bird, 2020-06-13 13:34:06,FALSE,PLOG4,A,FALSE,FALSE,FALSE,bird,false,,
River Logs,EK000071.AVI,Organized_data_Nov_2020\PLOG4\nothing, 2020-06-13 17:21:38,FALSE,PLOG4,A,TRUE,FALSE,FALSE,nothing,false,,
River Logs,EK000072.AVI,Organized_data_Nov_2020\PLOG4\nothing, 2020-06-13 20:51:48,FALSE,PLOG4,A,TRUE,FALSE,FALSE,nothing,false,,
River Logs,RCNX0046.AVI,Organized_data_Nov_2020\PLOG5\B\on_log\opossum_common, 2020-06-13 21:49:30,FALSE,PLOG5,B,FALSE,FALSE,TRUE,opossum_common,true,,
River Logs,06130033.AVI,Organized_data_Nov_2020\PLOG5\A\on_log\tamandua, 2020-06-13 21:50:06,FALSE,PLOG5,A,FALSE,FALSE,TRUE,opossum_common,true,,
River Logs,EK000073.AVI,Organized_data_Nov_2020\PLOG4\nothing, 2020-06-13 22:15:48,FALSE,PLOG4,A,TRUE,FALSE,FALSE,nothing,false,,
River Logs,EK000074.AVI,Organized_data_Nov_2020\PLOG4\on_log\opossum_common, 2020-06-13 22:23:58,FALSE,PLOG4,A,FALSE,FALSE,TRUE,opossum_foureyed,true,,
River Logs,EK000075.AVI,Organized_data_Nov_2020\PLOG4\nothing, 2020-06-13 23:48:24,FALSE,PLOG4,A,TRUE,FALSE,FALSE,nothing,false,,
River Logs,06130012.AVI,Organized_data_Nov_2020\CLOG3\A\nothing, 2020-06-14 00:11:40,FALSE,CLOG3,A,TRUE,FALSE,FALSE,nothing,false,,
River Logs,EK000011.AVI,Organized_data_Nov_2020\CLOG9\on_log\skunk_striped, 2020-06-14 03:04:22,FALSE,CLOG9,A,FALSE,FALSE,TRUE,skunk_striped,false,,
River Logs,06140052.AVI,Organized_data_Nov_2020\CLOG2\on_log\opossum_foureyed, 2020-06-14 04:31:16,FALSE,CLOG2,A,FALSE,FALSE,TRUE,opossum_foureyed,true,,
River Logs,EK000012.AVI,Organized_data_Nov_2020\CLOG9\on_log\opossum_common, 2020-06-14 04:49:54,FALSE,CLOG9,A,FALSE,FALSE,TRUE,opossum_common,true,,
River Logs,EK000076.AVI,Organized_data_Nov_2020\PLOG4\nothing, 2020-06-14 06:08:32,FALSE,PLOG4,A,TRUE,FALSE,FALSE,nothing,false,,
River Logs,EK000077.AVI,Organized_data_Nov_2020\PLOG4\nothing, 2020-06-14 07:41:04,FALSE,PLOG4,A,TRUE,FALSE,FALSE,nothing,false,,
River Logs,EK000078.AVI,Organized_data_Nov_2020\PLOG4\nothing, 2020-06-14 08:21:02,FALSE,PLOG4,A,TRUE,FALSE,FALSE,nothing,false,,
River Logs,EK000079.AVI,Organized_data_Nov_2020\PLOG4\nothing, 2020-06-14 08:38:42,FALSE,PLOG4,A,TRUE,FALSE,FALSE,nothing,false,,
River Logs,EK000080.AVI,Organized_data_Nov_2020\PLOG4\nothing, 2020-06-14 08:55:48,FALSE,PLOG4,A,TRUE,FALSE,FALSE,nothing,false,,
River Logs,EK000081.AVI,Organized_data_Nov_2020\PLOG4\nothing, 2020-06-14 08:56:32,FALSE,PLOG4,A,TRUE,FALSE,FALSE,nothing,false,,
River Logs,EK000082.AVI,Organized_data_Nov_2020\PLOG4\nothing, 2020-06-14 09:12:18,FALSE,PLOG4,A,TRUE,FALSE,FALSE,nothing,false,,
River Logs,EK000083.AVI,Organized_data_Nov_2020\PLOG4\nothing, 2020-06-14 09:13:04,FALSE,PLOG4,A,TRUE,FALSE,FALSE,nothing,false,,
River Logs,EK000084.AVI,Organized_data_Nov_2020\PLOG4\nothing, 2020-06-14 09:39:42,FALSE,PLOG4,A,TRUE,FALSE,FALSE,nothing,false,,
River Logs,EK000013.AVI,Organized_data_Nov_2020\CLOG9\nothing, 2020-06-14 09:48:24,FALSE,CLOG9,A,TRUE,FALSE,FALSE,nothing,false,,
River Logs,EK000085.AVI,Organized_data_Nov_2020\PLOG4\nothing, 2020-06-14 09:52:18,FALSE,PLOG4,A,TRUE,FALSE,FALSE,nothing,false,,
River Logs,06140034.AVI,Organized_data_Nov_2020\PLOG5\A\on_log\puma, 2020-06-14 10:02:38,FALSE,PLOG5,A,FALSE,FALSE,TRUE,puma,false,,
River Logs,06140035.AVI,Organized_data_Nov_2020\PLOG5\A\on_log\puma, 2020-06-14 10:03:34,FALSE,PLOG5,A,FALSE,FALSE,TRUE,puma,true,,
River Logs,RCNX0047.AVI,Organized_data_Nov_2020\PLOG5\B\on_log\puma, 2020-06-14 10:03:40,FALSE,PLOG5,B,FALSE,FALSE,TRUE,puma,true,,
River Logs,EK000086.AVI,Organized_data_Nov_2020\PLOG4\nothing, 2020-06-14 10:06:32,FALSE,PLOG4,A,TRUE,FALSE,FALSE,nothing,false,,
River Logs,EK000087.AVI,Organized_data_Nov_2020\PLOG4\nothing, 2020-06-14 10:22:24,FALSE,PLOG4,A,TRUE,FALSE,FALSE,nothing,false,,
River Logs,EK000088.AVI,Organized_data_Nov_2020\PLOG4\nothing, 2020-06-14 10:47:28,FALSE,PLOG4,A,TRUE,FALSE,FALSE,nothing,false,,
River Logs,06140053.AVI,Organized_data_Nov_2020\CLOG2\on_log\squirrel_uid, 2020-06-14 10:47:50,FALSE,CLOG2,A,FALSE,FALSE,TRUE,squirrel_uid,false,,
River Logs,EK000089.AVI,Organized_data_Nov_2020\PLOG4\nothing, 2020-06-14 11:11:18,FALSE,PLOG4,A,TRUE,FALSE,FALSE,nothing,false,,
River Logs,EK000090.AVI,Organized_data_Nov_2020\PLOG4\nothing, 2020-06-14 11:28:56,FALSE,PLOG4,A,TRUE,FALSE,FALSE,nothing,false,,
River Logs,EK000091.AVI,Organized_data_Nov_2020\PLOG4\nothing, 2020-06-14 11:41:34,FALSE,PLOG4,A,TRUE,FALSE,FALSE,nothing,false,,
River Logs,06140054.AVI,Organized_data_Nov_2020\CLOG2\on_log\squirrel_uid, 2020-06-14 11:58:10,FALSE,CLOG2,A,FALSE,FALSE,TRUE,squirrel_uid,false,,
River Logs,06140055.AVI,Organized_data_Nov_2020\CLOG2\nothing, 2020-06-14 12:00:22,FALSE,CLOG2,A,TRUE,FALSE,FALSE,nothing,false,,
River Logs,EK000092.AVI,Organized_data_Nov_2020\PLOG4\off_log\Linzard, 2020-06-14 12:00:58,FALSE,PLOG4,A,FALSE,FALSE,FALSE,lizard_uid,false,,
River Logs,06140056.AVI,Organized_data_Nov_2020\CLOG2\nothing, 2020-06-14 12:04:02,FALSE,CLOG2,A,TRUE,FALSE,FALSE,nothing,false,,
River Logs,06140057.AVI,Organized_data_Nov_2020\CLOG2\on_log\lizard_uid, 2020-06-14 12:09:26,FALSE,CLOG2,A,FALSE,FALSE,TRUE,lizard_uid,false,,
River Logs,06140013.AVI,Organized_data_Nov_2020\CLOG3\A\nothing, 2020-06-14 12:16:52,FALSE,CLOG3,A,TRUE,FALSE,FALSE,nothing,false,,
River Logs,06140058.AVI,Organized_data_Nov_2020\CLOG2\on_log\lizard_uid, 2020-06-14 12:17:36,FALSE,CLOG2,A,FALSE,FALSE,TRUE,lizard_uid,false,,
River Logs,06140059.AVI,Organized_data_Nov_2020\CLOG2\on_log\lizard_uid, 2020-06-14 12:24:14,FALSE,CLOG2,A,FALSE,FALSE,TRUE,lizard_uid,false,,
River Logs,06140014.AVI,Organized_data_Nov_2020\CLOG3\A\on_log\lizard_uid, 2020-06-14 12:28:58,FALSE,CLOG3,A,FALSE,FALSE,TRUE,lizard_uid,false,,
River Logs,06140060.AVI,Organized_data_Nov_2020\CLOG2\on_log\lizard_uid, 2020-06-14 12:30:52,FALSE,CLOG2,A,FALSE,FALSE,TRUE,lizard_uid,false,,
River Logs,06140061.AVI,Organized_data_Nov_2020\CLOG2\on_log\lizard_uid, 2020-06-14 12:35:06,FALSE,CLOG2,A,FALSE,FALSE,TRUE,lizard_uid,false,,
River Logs,06140062.AVI,Organized_data_Nov_2020\CLOG2\on_log\bird, 2020-06-14 12:37:24,FALSE,CLOG2,A,FALSE,FALSE,TRUE,bird,false,,
River Logs,06140063.AVI,Organized_data_Nov_2020\CLOG2\on_log\lizard_uid, 2020-06-14 12:38:42,FALSE,CLOG2,A,FALSE,FALSE,TRUE,lizard_uid,false,,
River Logs,06140064.AVI,Organized_data_Nov_2020\CLOG2\on_log\lizard_uid, 2020-06-14 12:52:32,FALSE,CLOG2,A,FALSE,FALSE,TRUE,lizard_uid,false,,
River Logs,06140065.AVI,Organized_data_Nov_2020\CLOG2\nothing, 2020-06-14 14:06:18,FALSE,CLOG2,A,TRUE,FALSE,FALSE,nothing,false,,
River Logs,EK000007.AVI,Organized_data_Nov_2020\PLOG7\A\off_log\tayra, 2020-06-14 14:13:28,FALSE,PLOG7,A,FALSE,FALSE,FALSE,tayra,false,,
River Logs,06140066.AVI,Organized_data_Nov_2020\CLOG2\nothing, 2020-06-14 14:31:58,FALSE,CLOG2,A,TRUE,FALSE,FALSE,nothing,false,,
River Logs,06140067.AVI,Organized_data_Nov_2020\CLOG2\nothing, 2020-06-14 15:43:58,FALSE,CLOG2,A,TRUE,FALSE,FALSE,nothing,false,,
River Logs,PICT0099.AVI,Organized_data_Nov_2020\CLOG6\B\nothing, 2020-06-14 16:40:44,FALSE,CLOG6,B,TRUE,FALSE,FALSE,nothing,false,,
River Logs,PICT0100.AVI,Organized_data_Nov_2020\CLOG6\B\nothing, 2020-06-14 16:41:30,FALSE,CLOG6,B,TRUE,FALSE,FALSE,nothing,false,,
River Logs,PICT0101.AVI,Organized_data_Nov_2020\CLOG6\B\nothing, 2020-06-14 16:42:16,FALSE,CLOG6,B,TRUE,FALSE,FALSE,nothing,false,,
River Logs,PICT0102.AVI,Organized_data_Nov_2020\CLOG6\B\nothing, 2020-06-14 16:43:02,FALSE,CLOG6,B,TRUE,FALSE,FALSE,nothing,false,,
River Logs,PICT0103.AVI,Organized_data_Nov_2020\CLOG6\B\nothing, 2020-06-14 16:43:46,FALSE,CLOG6,B,TRUE,FALSE,FALSE,nothing,false,,
River Logs,PICT0104.AVI,Organized_data_Nov_2020\CLOG6\B\nothing, 2020-06-14 16:44:32,FALSE,CLOG6,B,TRUE,FALSE,FALSE,nothing,false,,
River Logs,PICT0105.AVI,Organized_data_Nov_2020\CLOG6\B\nothing, 2020-06-14 16:45:18,FALSE,CLOG6,B,TRUE,FALSE,FALSE,nothing,false,,
River Logs,PICT0106.AVI,Organized_data_Nov_2020\CLOG6\B\nothing, 2020-06-14 16:46:04,FALSE,CLOG6,B,TRUE,FALSE,FALSE,nothing,false,,
River Logs,PICT0107.AVI,Organized_data_Nov_2020\CLOG6\B\nothing, 2020-06-14 16:46:50,FALSE,CLOG6,B,TRUE,FALSE,FALSE,nothing,false,,
River Logs,PICT0108.AVI,Organized_data_Nov_2020\CLOG6\B\nothing, 2020-06-14 16:47:36,FALSE,CLOG6,B,TRUE,FALSE,FALSE,nothing,false,,
River Logs,PICT0109.AVI,Organized_data_Nov_2020\CLOG6\B\nothing, 2020-06-14 16:48:20,FALSE,CLOG6,B,TRUE,FALSE,FALSE,nothing,false,,
River Logs,PICT0110.AVI,Organized_data_Nov_2020\CLOG6\B\nothing, 2020-06-14 16:49:06,FALSE,CLOG6,B,TRUE,FALSE,FALSE,nothing,false,,
River Logs,PICT0111.AVI,Organized_data_Nov_2020\CLOG6\B\nothing, 2020-06-14 16:49:52,FALSE,CLOG6,B,TRUE,FALSE,FALSE,nothing,false,,
River Logs,PICT0112.AVI,Organized_data_Nov_2020\CLOG6\B\nothing, 2020-06-14 16:50:38,FALSE,CLOG6,B,TRUE,FALSE,FALSE,nothing,false,,
River Logs,PICT0113.AVI,Organized_data_Nov_2020\CLOG6\B\nothing, 2020-06-14 16:51:24,FALSE,CLOG6,B,TRUE,FALSE,FALSE,nothing,false,,
River Logs,PICT0114.AVI,Organized_data_Nov_2020\CLOG6\B\nothing, 2020-06-14 16:52:10,FALSE,CLOG6,B,TRUE,FALSE,FALSE,nothing,false,,
River Logs,PICT0115.AVI,Organized_data_Nov_2020\CLOG6\B\nothing, 2020-06-14 16:52:56,FALSE,CLOG6,B,TRUE,FALSE,FALSE,nothing,false,,
River Logs,PICT0116.AVI,Organized_data_Nov_2020\CLOG6\B\nothing, 2020-06-14 16:53:42,FALSE,CLOG6,B,TRUE,FALSE,FALSE,nothing,false,,
River Logs,PICT0117.AVI,Organized_data_Nov_2020\CLOG6\B\nothing, 2020-06-14 16:54:26,FALSE,CLOG6,B,TRUE,FALSE,FALSE,nothing,false,,
River Logs,PICT0118.AVI,Organized_data_Nov_2020\CLOG6\B\nothing, 2020-06-14 16:55:12,FALSE,CLOG6,B,TRUE,FALSE,FALSE,nothing,false,,
River Logs,PICT0119.AVI,Organized_data_Nov_2020\CLOG6\B\nothing, 2020-06-14 16:55:58,FALSE,CLOG6,B,TRUE,FALSE,FALSE,nothing,false,,
River Logs,PICT0120.AVI,Organized_data_Nov_2020\CLOG6\B\nothing, 2020-06-14 16:56:44,FALSE,CLOG6,B,TRUE,FALSE,FALSE,nothing,false,,
River Logs,PICT0121.AVI,Organized_data_Nov_2020\CLOG6\B\nothing, 2020-06-14 16:57:30,FALSE,CLOG6,B,TRUE,FALSE,FALSE,nothing,false,,
River Logs,PICT0122.AVI,Organized_data_Nov_2020\CLOG6\B\nothing, 2020-06-14 16:58:16,FALSE,CLOG6,B,TRUE,FALSE,FALSE,nothing,false,,
River Logs,PICT0123.AVI,Organized_data_Nov_2020\CLOG6\B\nothing, 2020-06-14 16:59:02,FALSE,CLOG6,B,TRUE,FALSE,FALSE,nothing,false,,
River Logs,PICT0124.AVI,Organized_data_Nov_2020\CLOG6\B\nothing, 2020-06-14 16:59:48,FALSE,CLOG6,B,TRUE,FALSE,FALSE,nothing,false,,
River Logs,PICT0125.AVI,Organized_data_Nov_2020\CLOG6\B\nothing, 2020-06-14 17:00:34,FALSE,CLOG6,B,TRUE,FALSE,FALSE,nothing,false,,
River Logs,PICT0126.AVI,Organized_data_Nov_2020\CLOG6\B\nothing, 2020-06-14 17:01:18,FALSE,CLOG6,B,TRUE,FALSE,FALSE,nothing,false,,
River Logs,PICT0127.AVI,Organized_data_Nov_2020\CLOG6\B\nothing, 2020-06-14 17:02:04,FALSE,CLOG6,B,TRUE,FALSE,FALSE,nothing,false,,
River Logs,PICT0128.AVI,Organized_data_Nov_2020\CLOG6\B\nothing, 2020-06-14 17:02:50,FALSE,CLOG6,B,TRUE,FALSE,FALSE,nothing,false,,
River Logs,PICT0129.AVI,Organized_data_Nov_2020\CLOG6\B\nothing, 2020-06-14 17:03:36,FALSE,CLOG6,B,TRUE,FALSE,FALSE,nothing,false,,
River Logs,PICT0130.AVI,Organized_data_Nov_2020\CLOG6\B\nothing, 2020-06-14 17:04:22,FALSE,CLOG6,B,TRUE,FALSE,FALSE,nothing,false,,
River Logs,PICT0131.AVI,Organized_data_Nov_2020\CLOG6\B\nothing, 2020-06-14 17:05:08,FALSE,CLOG6,B,TRUE,FALSE,FALSE,nothing,false,,
River Logs,PICT0132.AVI,Organized_data_Nov_2020\CLOG6\B\nothing, 2020-06-14 17:05:52,FALSE,CLOG6,B,TRUE,FALSE,FALSE,nothing,false,,
River Logs,PICT0133.AVI,Organized_data_Nov_2020\CLOG6\B\nothing, 2020-06-14 17:06:38,FALSE,CLOG6,B,TRUE,FALSE,FALSE,nothing,false,,
River Logs,PICT0134.AVI,Organized_data_Nov_2020\CLOG6\B\nothing, 2020-06-14 17:07:24,FALSE,CLOG6,B,TRUE,FALSE,FALSE,nothing,false,,
River Logs,PICT0135.AVI,Organized_data_Nov_2020\CLOG6\B\nothing, 2020-06-14 17:08:10,FALSE,CLOG6,B,TRUE,FALSE,FALSE,nothing,false,,
River Logs,PICT0136.AVI,Organized_data_Nov_2020\CLOG6\B\nothing, 2020-06-14 17:08:56,FALSE,CLOG6,B,TRUE,FALSE,FALSE,nothing,false,,
River Logs,PICT0137.AVI,Organized_data_Nov_2020\CLOG6\B\nothing, 2020-06-14 17:09:40,FALSE,CLOG6,B,TRUE,FALSE,FALSE,nothing,false,,
River Logs,PICT0138.AVI,Organized_data_Nov_2020\CLOG6\B\nothing, 2020-06-14 17:10:26,FALSE,CLOG6,B,TRUE,FALSE,FALSE,nothing,false,,
River Logs,PICT0139.AVI,Organized_data_Nov_2020\CLOG6\B\nothing, 2020-06-14 17:11:12,FALSE,CLOG6,B,TRUE,FALSE,FALSE,nothing,false,,
River Logs,PICT0140.AVI,Organized_data_Nov_2020\CLOG6\B\nothing, 2020-06-14 17:11:58,FALSE,CLOG6,B,TRUE,FALSE,FALSE,nothing,false,,
River Logs,PICT0141.AVI,Organized_data_Nov_2020\CLOG6\B\nothing, 2020-06-14 17:12:44,FALSE,CLOG6,B,TRUE,FALSE,FALSE,nothing,false,,
River Logs,06141390.AVI,Organized_data_Nov_2020\PLOG3\A\nothing, 2020-06-14 18:47:12,FALSE,PLOG3,A,TRUE,FALSE,FALSE,nothing,false,,
River Logs,06141391.AVI,Organized_data_Nov_2020\PLOG3\A\on_log\opossum_common, 2020-06-14 20:38:16,FALSE,PLOG3,A,FALSE,FALSE,TRUE,opossum_common,true,,
River Logs,EK000049.AVI,Organized_data_Nov_2020\PLOG3\B\nothing, 2020-06-14 21:01:52,FALSE,PLOG3,B,TRUE,FALSE,FALSE,nothing,false,,
River Logs,EK000050.AVI,Organized_data_Nov_2020\PLOG3\B\nothing, 2020-06-14 21:24:18,FALSE,PLOG3,B,TRUE,FALSE,FALSE,nothing,false,,
River Logs,06140007.MP4,Organized_data_Nov_2020\CLOG8\B\on_log\ocelot, 2020-06-14 22:48:50,FALSE,CLOG8,B,FALSE,FALSE,TRUE,ocelot,true,,
River Logs,EK000051.AVI,Organized_data_Nov_2020\PLOG3\B\nothing, 2020-06-14 23:15:36,FALSE,PLOG3,B,TRUE,FALSE,FALSE,nothing,false,,
River Logs,06141392.AVI,Organized_data_Nov_2020\PLOG3\A\on_log\opossum_common, 2020-06-14 23:33:16,FALSE,PLOG3,A,FALSE,FALSE,TRUE,opossum_common,true,,
River Logs,EK000026.AVI,Organized_data_Nov_2020\CLOG4\nothing, 2020-06-15 01:54:38,FALSE,CLOG4,A,TRUE,FALSE,FALSE,nothing,false,,
River Logs,RCNX0048.AVI,Organized_data_Nov_2020\PLOG5\B\on_log\skunk_striped, 2020-06-15 02:32:34,FALSE,PLOG5,B,FALSE,FALSE,TRUE,skunk_striped,true,marking,
River Logs,06150036.AVI,Organized_data_Nov_2020\PLOG5\A\nothing, 2020-06-15 02:33:10,FALSE,PLOG5,A,TRUE,FALSE,FALSE,nothing,false,,
River Logs,EK000093.AVI,Organized_data_Nov_2020\PLOG4\nothing, 2020-06-15 03:30:28,FALSE,PLOG4,A,TRUE,FALSE,FALSE,nothing,false,,
River Logs,06150044.AVI,Organized_data_Nov_2020\PLOG6\nothing, 2020-06-15 03:59:32,FALSE,PLOG6,A,TRUE,FALSE,FALSE,nothing,false,,
River Logs,EK000094.AVI,Organized_data_Nov_2020\PLOG4\nothing, 2020-06-15 04:07:42,FALSE,PLOG4,A,TRUE,FALSE,FALSE,nothing,false,,
River Logs,EK000095.AVI,Organized_data_Nov_2020\PLOG4\nothing, 2020-06-15 04:37:08,FALSE,PLOG4,A,TRUE,FALSE,FALSE,nothing,false,,
River Logs,EK000096.AVI,Organized_data_Nov_2020\PLOG4\nothing, 2020-06-15 05:01:36,FALSE,PLOG4,A,TRUE,FALSE,FALSE,nothing,false,,
River Logs,06150037.AVI,Organized_data_Nov_2020\PLOG5\A\on_log\puma, 2020-06-15 06:15:10,FALSE,PLOG5,A,FALSE,FALSE,TRUE,puma,true,scratching,
River Logs,RCNX0049.AVI,Organized_data_Nov_2020\PLOG5\B\on_log\puma, 2020-06-15 06:15:40,FALSE,PLOG5,B,FALSE,FALSE,TRUE,puma,true,,
River Logs,EK000097.AVI,Organized_data_Nov_2020\PLOG4\nothing, 2020-06-15 06:32:36,FALSE,PLOG4,A,TRUE,FALSE,FALSE,nothing,false,,
River Logs,06150038.AVI,Organized_data_Nov_2020\CLOG1\on_log\bird, 2020-06-15 07:29:44,FALSE,CLOG1,A,FALSE,FALSE,TRUE,curassow_great,false,,
River Logs,06150038.AVI,Organized_data_Nov_2020\CLOG1\on_log\curassow_great, 2020-06-15 07:29:44,FALSE,CLOG1,A,FALSE,FALSE,TRUE,curassow_great,false,,
River Logs,EK000098.AVI,Organized_data_Nov_2020\PLOG4\off_log\bird, 2020-06-15 07:36:00,FALSE,PLOG4,A,FALSE,FALSE,FALSE,bird,false,,
River Logs,06150008.MP4,Organized_data_Nov_2020\CLOG8\B\off_log\puma, 2020-06-15 07:40:26,FALSE,CLOG8,B,FALSE,FALSE,FALSE,puma,false,"in river, stepping stones",
River Logs,EK000099.AVI,Organized_data_Nov_2020\PLOG4\nothing, 2020-06-15 08:01:48,FALSE,PLOG4,A,TRUE,FALSE,FALSE,nothing,false,,
River Logs,EK000100.AVI,Organized_data_Nov_2020\PLOG4\nothing, 2020-06-15 08:20:40,FALSE,PLOG4,A,TRUE,FALSE,FALSE,nothing,false,,
River Logs,EK000101.AVI,Organized_data_Nov_2020\PLOG4\nothing, 2020-06-15 09:22:38,FALSE,PLOG4,A,TRUE,FALSE,FALSE,nothing,false,,
River Logs,EK000102.AVI,Organized_data_Nov_2020\PLOG4\nothing, 2020-06-15 09:42:22,FALSE,PLOG4,A,TRUE,FALSE,FALSE,nothing,false,,
River Logs,EK000103.AVI,Organized_data_Nov_2020\PLOG4\nothing, 2020-06-15 10:00:38,FALSE,PLOG4,A,TRUE,FALSE,FALSE,nothing,false,,
River Logs,06150015.AVI,Organized_data_Nov_2020\CLOG3\A\on_log\lizard_uid, 2020-06-15 10:48:44,FALSE,CLOG3,A,FALSE,FALSE,TRUE,lizard_uid,false,,
River Logs,EK000104.AVI,Organized_data_Nov_2020\PLOG4\nothing, 2020-06-15 11:22:44,FALSE,PLOG4,A,TRUE,FALSE,FALSE,nothing,false,,
River Logs,06151394.AVI,Organized_data_Nov_2020\PLOG3\A\on_log\coati, 2020-06-15 13:17:44,FALSE,PLOG3,A,FALSE,FALSE,TRUE,coati,true,,
River Logs,06151395.AVI,Organized_data_Nov_2020\PLOG3\A\on_log\coati, 2020-06-15 15:02:52,FALSE,PLOG3,A,FALSE,FALSE,TRUE,coati,true,,
River Logs,06150045.AVI,Organized_data_Nov_2020\PLOG6\on_log\bird, 2020-06-15 15:41:04,FALSE,PLOG6,A,FALSE,FALSE,TRUE,curassow_great,false,,
River Logs,EK000105.AVI,Organized_data_Nov_2020\PLOG4\nothing, 2020-06-15 16:14:54,FALSE,PLOG4,A,TRUE,FALSE,FALSE,nothing,false,,
River Logs,EK000106.AVI,Organized_data_Nov_2020\PLOG4\nothing, 2020-06-15 17:15:38,FALSE,PLOG4,A,TRUE,FALSE,FALSE,nothing,false,,
River Logs,EK000052.AVI,Organized_data_Nov_2020\PLOG3\B\nothing, 2020-06-15 17:40:42,FALSE,PLOG3,B,TRUE,FALSE,FALSE,nothing,false,,
River Logs,06150068.AVI,Organized_data_Nov_2020\CLOG2\on_log\bird, 2020-06-15 19:05:50,FALSE,CLOG2,A,FALSE,FALSE,TRUE,bird,false,,
River Logs,06150069.AVI,Organized_data_Nov_2020\CLOG2\nothing, 2020-06-15 19:06:38,FALSE,CLOG2,A,TRUE,FALSE,FALSE,nothing,false,,
River Logs,06150070.AVI,Organized_data_Nov_2020\CLOG2\on_log\tamandua, 2020-06-15 20:54:08,FALSE,CLOG2,A,FALSE,FALSE,TRUE,tamandua,true,,
River Logs,06151396.AVI,Organized_data_Nov_2020\PLOG3\A\on_log\opossum_common, 2020-06-15 21:21:54,FALSE,PLOG3,A,FALSE,FALSE,TRUE,opossum_common,true,,
River Logs,EK000107.AVI,Organized_data_Nov_2020\PLOG4\nothing, 2020-06-15 21:23:50,FALSE,PLOG4,A,TRUE,FALSE,FALSE,nothing,false,,
River Logs,06151397.AVI,Organized_data_Nov_2020\PLOG3\A\nothing, 2020-06-15 21:35:16,FALSE,PLOG3,A,TRUE,FALSE,FALSE,nothing,false,,
River Logs,06151398.AVI,Organized_data_Nov_2020\PLOG3\A\on_log\opossum_common, 2020-06-15 21:51:08,FALSE,PLOG3,A,FALSE,FALSE,TRUE,opossum_common,true,,
River Logs,06150009.MP4,Organized_data_Nov_2020\CLOG8\B\nothing, 2020-06-15 21:52:22,FALSE,CLOG8,B,TRUE,FALSE,FALSE,nothing,false,,
River Logs,06150016.AVI,Organized_data_Nov_2020\CLOG3\A\on_log\tamandua, 2020-06-15 22:19:20,FALSE,CLOG3,A,FALSE,FALSE,TRUE,tamandua,true,,
River Logs,06151399.AVI,Organized_data_Nov_2020\PLOG3\A\on_log\opossum_common, 2020-06-15 22:41:30,FALSE,PLOG3,A,FALSE,FALSE,TRUE,opossum_common,true,urinating,
River Logs,06151400.AVI,Organized_data_Nov_2020\PLOG3\A\on_log\opossum_common, 2020-06-15 22:42:46,FALSE,PLOG3,A,FALSE,FALSE,TRUE,opossum_common,true,,
River Logs,EK000027.AVI,Organized_data_Nov_2020\CLOG4\nothing, 2020-06-15 23:20:28,FALSE,CLOG4,A,TRUE,FALSE,FALSE,nothing,false,,
River Logs,EK000108.AVI,Organized_data_Nov_2020\PLOG4\nothing, 2020-06-15 23:37:40,FALSE,PLOG4,A,TRUE,FALSE,FALSE,nothing,false,,
River Logs,EK000053.AVI,Organized_data_Nov_2020\PLOG3\B\nothing, 2020-06-15 23:59:38,FALSE,PLOG3,B,TRUE,FALSE,FALSE,nothing,false,,
River Logs,06151401.AVI,Organized_data_Nov_2020\PLOG3\A\on_log\opossum_common, 2020-06-16 00:06:46,FALSE,PLOG3,A,FALSE,FALSE,TRUE,opossum_common,true,,
River Logs,EK000054.AVI,Organized_data_Nov_2020\PLOG3\B\nothing, 2020-06-16 00:12:34,FALSE,PLOG3,B,TRUE,FALSE,FALSE,nothing,false,,
River Logs,RCNX0050.AVI,Organized_data_Nov_2020\PLOG5\B\on_log\opossum_common, 2020-06-16 00:12:40,FALSE,PLOG5,B,FALSE,FALSE,TRUE,opossum_common,true,,
River Logs,06150038.AVI,Organized_data_Nov_2020\PLOG5\A\on_log\opossum_common, 2020-06-16 00:13:04,FALSE,PLOG5,A,FALSE,FALSE,TRUE,opossum_common,true,,
River Logs,06151402.AVI,Organized_data_Nov_2020\PLOG3\A\on_log\opossum_common, 2020-06-16 00:17:30,FALSE,PLOG3,A,FALSE,FALSE,TRUE,opossum_common,true,,
River Logs,RCNX0008.AVI,Organized_data_Nov_2020\CLOG7\on_log\opossum_common, 2020-06-16 00:19:22,FALSE,CLOG7,A,FALSE,FALSE,TRUE,opossum_common,true,,
River Logs,EK000109.AVI,Organized_data_Nov_2020\PLOG4\nothing, 2020-06-16 00:20:02,FALSE,PLOG4,A,TRUE,FALSE,FALSE,nothing,false,,
River Logs,EK000055.AVI,Organized_data_Nov_2020\PLOG3\B\nothing, 2020-06-16 00:28:34,FALSE,PLOG3,B,TRUE,FALSE,FALSE,nothing,false,,
River Logs,EK000110.AVI,Organized_data_Nov_2020\PLOG4\nothing, 2020-06-16 01:13:52,FALSE,PLOG4,A,TRUE,FALSE,FALSE,nothing,false,,
River Logs,06150017.AVI,Organized_data_Nov_2020\CLOG3\A\on_log\tamandua, 2020-06-16 01:14:48,FALSE,CLOG3,A,FALSE,FALSE,TRUE,tamandua,true,,
River Logs,EK000028.AVI,Organized_data_Nov_2020\CLOG4\nothing, 2020-06-16 01:15:16,FALSE,CLOG4,A,TRUE,FALSE,FALSE,nothing,false,,
River Logs,EK000056.AVI,Organized_data_Nov_2020\PLOG3\B\nothing, 2020-06-16 01:19:26,FALSE,PLOG3,B,TRUE,FALSE,FALSE,nothing,false,,
River Logs,EK000111.AVI,Organized_data_Nov_2020\PLOG4\nothing, 2020-06-16 01:46:00,FALSE,PLOG4,A,TRUE,FALSE,FALSE,nothing,false,,
River Logs,06151403.AVI,Organized_data_Nov_2020\PLOG3\A\nothing, 2020-06-16 01:49:08,FALSE,PLOG3,A,TRUE,FALSE,FALSE,nothing,false,,
River Logs,06161404.AVI,Organized_data_Nov_2020\PLOG3\A\on_log\ocelot, 2020-06-16 02:12:20,FALSE,PLOG3,A,FALSE,FALSE,TRUE,ocelot,true,,
River Logs,EK000112.AVI,Organized_data_Nov_2020\PLOG4\nothing, 2020-06-16 02:13:20,FALSE,PLOG4,A,TRUE,FALSE,FALSE,nothing,false,,
River Logs,EK000057.AVI,Organized_data_Nov_2020\PLOG3\B\nothing, 2020-06-16 02:44:14,FALSE,PLOG3,B,TRUE,FALSE,FALSE,nothing,false,,
River Logs,EK000113.AVI,Organized_data_Nov_2020\PLOG4\nothing, 2020-06-16 02:49:50,FALSE,PLOG4,A,TRUE,FALSE,FALSE,nothing,false,,
River Logs,EK000058.AVI,Organized_data_Nov_2020\PLOG3\B\nothing, 2020-06-16 02:55:18,FALSE,PLOG3,B,TRUE,FALSE,FALSE,nothing,false,,
River Logs,06161405.AVI,Organized_data_Nov_2020\PLOG3\A\on_log\opossum_common, 2020-06-16 03:20:36,FALSE,PLOG3,A,FALSE,FALSE,TRUE,opossum_common,true,,
River Logs,06161406.AVI,Organized_data_Nov_2020\PLOG3\A\nothing, 2020-06-16 03:23:30,FALSE,PLOG3,A,TRUE,FALSE,FALSE,nothing,false,,
River Logs,EK000114.AVI,Organized_data_Nov_2020\PLOG4\nothing, 2020-06-16 03:30:30,FALSE,PLOG4,A,TRUE,FALSE,FALSE,nothing,false,,
River Logs,PICT0010.AVI,Organized_data_Nov_2020\CLOG3\B\on_log\tamandua, 2020-06-16 03:56:56,FALSE,CLOG3,B,FALSE,FALSE,TRUE,tamandua,true,,
River Logs,06161407.AVI,Organized_data_Nov_2020\PLOG3\A\on_log\opossum_common, 2020-06-16 04:11:14,FALSE,PLOG3,A,FALSE,FALSE,TRUE,opossum_common,true,,
River Logs,06161408.AVI,Organized_data_Nov_2020\PLOG3\A\on_log\opossum_common, 2020-06-16 04:19:20,FALSE,PLOG3,A,FALSE,FALSE,TRUE,opossum_common,true,,
River Logs,06161409.AVI,Organized_data_Nov_2020\PLOG3\A\on_log\opossum_common, 2020-06-16 04:52:40,FALSE,PLOG3,A,FALSE,FALSE,TRUE,opossum_common,true,,
River Logs,EK000115.AVI,Organized_data_Nov_2020\PLOG4\nothing, 2020-06-16 05:47:52,FALSE,PLOG4,A,TRUE,FALSE,FALSE,nothing,false,,
River Logs,EK000059.AVI,Organized_data_Nov_2020\PLOG3\B\nothing, 2020-06-16 05:58:02,FALSE,PLOG3,B,TRUE,FALSE,FALSE,nothing,false,,
River Logs,EK000116.AVI,Organized_data_Nov_2020\PLOG4\nothing, 2020-06-16 06:47:44,FALSE,PLOG4,A,TRUE,FALSE,FALSE,nothing,false,,
River Logs,EK000060.AVI,Organized_data_Nov_2020\PLOG3\B\nothing, 2020-06-16 06:48:58,FALSE,PLOG3,B,TRUE,FALSE,FALSE,nothing,false,,
River Logs,EK000061.AVI,Organized_data_Nov_2020\PLOG3\B\nothing, 2020-06-16 06:56:46,FALSE,PLOG3,B,TRUE,FALSE,FALSE,nothing,false,,
River Logs,EK000062.AVI,Organized_data_Nov_2020\PLOG3\B\nothing, 2020-06-16 07:30:24,FALSE,PLOG3,B,TRUE,FALSE,FALSE,nothing,false,,
River Logs,EK000117.AVI,Organized_data_Nov_2020\PLOG4\nothing, 2020-06-16 07:35:32,FALSE,PLOG4,A,TRUE,FALSE,FALSE,nothing,false,,
River Logs,EK000118.AVI,Organized_data_Nov_2020\PLOG4\on_log\squirrel_uid, 2020-06-16 07:45:32,FALSE,PLOG4,A,FALSE,FALSE,TRUE,squirrel_uid,false,,
River Logs,EK000119.AVI,Organized_data_Nov_2020\PLOG4\nothing, 2020-06-16 08:15:24,FALSE,PLOG4,A,TRUE,FALSE,FALSE,nothing,false,,
River Logs,EK000120.AVI,Organized_data_Nov_2020\PLOG4\on_log\squirrel_uid, 2020-06-16 08:36:08,FALSE,PLOG4,A,FALSE,FALSE,TRUE,squirrel_uid,true,,
River Logs,EK000121.AVI,Organized_data_Nov_2020\PLOG4\nothing, 2020-06-16 08:36:54,FALSE,PLOG4,A,TRUE,FALSE,FALSE,nothing,false,,
River Logs,EK000122.AVI,Organized_data_Nov_2020\PLOG4\on_log\squirrel_uid, 2020-06-16 08:52:06,FALSE,PLOG4,A,FALSE,FALSE,TRUE,squirrel_uid,true,,
River Logs,EK000123.AVI,Organized_data_Nov_2020\PLOG4\nothing, 2020-06-16 09:16:14,FALSE,PLOG4,A,TRUE,FALSE,FALSE,nothing,false,,
River Logs,EK000124.AVI,Organized_data_Nov_2020\PLOG4\nothing, 2020-06-16 09:34:10,FALSE,PLOG4,A,TRUE,FALSE,FALSE,nothing,false,,
River Logs,EK000125.AVI,Organized_data_Nov_2020\PLOG4\nothing, 2020-06-16 09:46:54,FALSE,PLOG4,A,TRUE,FALSE,FALSE,nothing,false,,
River Logs,EK000126.AVI,Organized_data_Nov_2020\PLOG4\nothing, 2020-06-16 09:47:42,FALSE,PLOG4,A,TRUE,FALSE,FALSE,nothing,false,,
River Logs,EK000127.AVI,Organized_data_Nov_2020\PLOG4\nothing, 2020-06-16 10:05:50,FALSE,PLOG4,A,TRUE,FALSE,FALSE,nothing,false,,
River Logs,EK000128.AVI,Organized_data_Nov_2020\PLOG4\nothing, 2020-06-16 10:22:04,FALSE,PLOG4,A,TRUE,FALSE,FALSE,nothing,false,,
River Logs,06160039.AVI,Organized_data_Nov_2020\PLOG5\A\on_log\guan_crested, 2020-06-16 10:28:16,FALSE,PLOG5,A,FALSE,FALSE,TRUE,guan_crested,true,,
River Logs,EK000129.AVI,Organized_data_Nov_2020\PLOG4\nothing, 2020-06-16 10:42:38,FALSE,PLOG4,A,TRUE,FALSE,FALSE,nothing,false,,
River Logs,EK000130.AVI,Organized_data_Nov_2020\PLOG4\nothing, 2020-06-16 10:43:22,FALSE,PLOG4,A,TRUE,FALSE,FALSE,nothing,false,,
River Logs,EK000131.AVI,Organized_data_Nov_2020\PLOG4\nothing, 2020-06-16 11:14:24,FALSE,PLOG4,A,TRUE,FALSE,FALSE,nothing,false,,
River Logs,EK000116.AVI,Organized_data_Nov_2020\PLOG2\A\nothing, 2020-06-16 11:14:32,FALSE,PLOG2,A,TRUE,FALSE,FALSE,nothing,false,,
River Logs,06160071.AVI,Organized_data_Nov_2020\CLOG2\on_log\lizard_uid, 2020-06-16 11:24:08,FALSE,CLOG2,A,FALSE,FALSE,TRUE,lizard_uid,false,,
River Logs,EK000117.AVI,Organized_data_Nov_2020\PLOG2\A\nothing, 2020-06-16 11:27:08,FALSE,PLOG2,A,TRUE,FALSE,FALSE,nothing,false,,
River Logs,06160072.AVI,Organized_data_Nov_2020\CLOG2\nothing, 2020-06-16 11:40:52,FALSE,CLOG2,A,TRUE,FALSE,FALSE,nothing,false,,
River Logs,06160018.AVI,Organized_data_Nov_2020\CLOG3\A\nothing, 2020-06-16 11:49:44,FALSE,CLOG3,A,TRUE,FALSE,FALSE,nothing,false,,
River Logs,06160073.AVI,Organized_data_Nov_2020\CLOG2\nothing, 2020-06-16 12:02:16,FALSE,CLOG2,A,TRUE,FALSE,FALSE,nothing,false,,
River Logs,06160040.AVI,Organized_data_Nov_2020\PLOG5\A\on_log\bird, 2020-06-16 12:05:10,FALSE,PLOG5,A,FALSE,FALSE,TRUE,bird,false,,
River Logs,EK000132.AVI,Organized_data_Nov_2020\PLOG4\nothing, 2020-06-16 12:10:38,FALSE,PLOG4,A,TRUE,FALSE,FALSE,nothing,false,,
River Logs,EK000133.AVI,Organized_data_Nov_2020\PLOG4\nothing, 2020-06-16 12:11:22,FALSE,PLOG4,A,TRUE,FALSE,FALSE,nothing,false,,
River Logs,06160019.AVI,Organized_data_Nov_2020\CLOG3\A\nothing, 2020-06-16 12:15:28,FALSE,CLOG3,A,TRUE,FALSE,FALSE,nothing,false,,
River Logs,06160074.AVI,Organized_data_Nov_2020\CLOG2\nothing, 2020-06-16 12:21:26,FALSE,CLOG2,A,TRUE,FALSE,FALSE,nothing,false,,
River Logs,06160039.AVI,Organized_data_Nov_2020\CLOG1\nothing, 2020-06-16 12:23:44,FALSE,CLOG1,A,TRUE,FALSE,FALSE,nothing,false,,
River Logs,06160075.AVI,Organized_data_Nov_2020\CLOG2\nothing, 2020-06-16 12:41:16,FALSE,CLOG2,A,TRUE,FALSE,FALSE,nothing,false,,
River Logs,EK000118.AVI,Organized_data_Nov_2020\PLOG2\A\on_log\coati, 2020-06-16 13:52:16,FALSE,PLOG2,A,FALSE,FALSE,TRUE,coati,true,,
River Logs,06160076.AVI,Organized_data_Nov_2020\CLOG2\nothing, 2020-06-16 14:27:18,FALSE,CLOG2,A,TRUE,FALSE,FALSE,lizard_uid,false,,
River Logs,06160077.AVI,Organized_data_Nov_2020\CLOG2\nothing, 2020-06-16 14:47:16,FALSE,CLOG2,A,TRUE,FALSE,FALSE,nothing,false,,
River Logs,06160020.AVI,Organized_data_Nov_2020\CLOG3\A\on_log\bird, 2020-06-16 14:58:24,FALSE,CLOG3,A,FALSE,FALSE,TRUE,bird,false,,
River Logs,EK000119.AVI,Organized_data_Nov_2020\PLOG2\A\nothing, 2020-06-16 15:02:18,FALSE,PLOG2,A,TRUE,FALSE,FALSE,nothing,false,,
River Logs,EK000120.AVI,Organized_data_Nov_2020\PLOG2\A\nothing, 2020-06-16 15:04:04,FALSE,PLOG2,A,TRUE,FALSE,FALSE,nothing,false,,
River Logs,06160078.AVI,Organized_data_Nov_2020\CLOG2\nothing, 2020-06-16 15:34:44,FALSE,CLOG2,A,TRUE,FALSE,FALSE,nothing,false,,
River Logs,06160079.AVI,Organized_data_Nov_2020\CLOG2\on_log\lizard_uid, 2020-06-16 16:54:44,FALSE,CLOG2,A,FALSE,FALSE,TRUE,lizard_uid,false,,
River Logs,RCNX0051.AVI,Organized_data_Nov_2020\PLOG5\B\on_log\tayra, 2020-06-16 18:43:52,FALSE,PLOG5,B,FALSE,FALSE,TRUE,tayra,true,,
River Logs,06160080.AVI,Organized_data_Nov_2020\CLOG2\nothing, 2020-06-16 18:47:20,FALSE,CLOG2,A,TRUE,FALSE,FALSE,nothing,false,,
River Logs,06160081.AVI,Organized_data_Nov_2020\CLOG2\on_log\lizard_uid, 2020-06-16 18:52:26,FALSE,CLOG2,A,FALSE,FALSE,TRUE,lizard_uid,false,,
River Logs,PICT0011.AVI,Organized_data_Nov_2020\CLOG3\B\people, 2020-06-16 21:37:04,FALSE,CLOG3,B,FALSE,FALSE,FALSE,people,false,bucket and net,
River Logs,06160021.AVI,Organized_data_Nov_2020\CLOG3\A\people, 2020-06-16 21:37:22,FALSE,CLOG3,A,FALSE,FALSE,FALSE,people,false,bucket and net,
River Logs,PICT0012.AVI,Organized_data_Nov_2020\CLOG3\B\on_log\opossum_foureyed, 2020-06-16 22:27:36,FALSE,CLOG3,B,FALSE,FALSE,TRUE,opossum_foureyed,true,,
River Logs,06160022.AVI,Organized_data_Nov_2020\CLOG3\A\nothing, 2020-06-16 22:56:58,FALSE,CLOG3,A,TRUE,FALSE,FALSE,nothing,false,,
River Logs,06160023.AVI,Organized_data_Nov_2020\CLOG3\A\off_log\paca, 2020-06-16 23:01:02,FALSE,CLOG3,A,FALSE,FALSE,FALSE,paca,false,,
River Logs,RCNX0052.AVI,Organized_data_Nov_2020\PLOG5\B\on_log\skunk_striped, 2020-06-16 23:51:36,FALSE,PLOG5,B,FALSE,FALSE,TRUE,skunk_striped,true,,
River Logs,06160011.MP4,Organized_data_Nov_2020\CLOG6\A\on_log\ocelot, 2020-06-17 01:42:34,FALSE,CLOG6,A,FALSE,FALSE,TRUE,ocelot,true,,
River Logs,06171410.AVI,Organized_data_Nov_2020\PLOG3\A\on_log\opossum_common, 2020-06-17 02:22:04,FALSE,PLOG3,A,FALSE,FALSE,TRUE,opossum_common,true,marking,
River Logs,EK000134.AVI,Organized_data_Nov_2020\PLOG4\on_log\opossum_common, 2020-06-17 02:38:28,FALSE,PLOG4,A,FALSE,FALSE,TRUE,rodent,false,,
River Logs,06170024.AVI,Organized_data_Nov_2020\CLOG3\A\on_log\opossum_common, 2020-06-17 02:40:40,FALSE,CLOG3,A,FALSE,FALSE,TRUE,opossum_common,true,,
River Logs,EK000135.AVI,Organized_data_Nov_2020\PLOG4\on_log\opossum_common, 2020-06-17 03:35:44,FALSE,PLOG4,A,FALSE,FALSE,TRUE,opossum_foureyed,true,,
River Logs,06170012.MP4,Organized_data_Nov_2020\CLOG6\A\on_log\opossum_common, 2020-06-17 04:47:24,FALSE,CLOG6,A,FALSE,FALSE,TRUE,opossum_common,false,,
River Logs,EK000136.AVI,Organized_data_Nov_2020\PLOG4\nothing, 2020-06-17 07:24:52,FALSE,PLOG4,A,TRUE,FALSE,FALSE,nothing,false,,
River Logs,EK000137.AVI,Organized_data_Nov_2020\PLOG4\nothing, 2020-06-17 08:55:24,FALSE,PLOG4,A,TRUE,FALSE,FALSE,nothing,false,,
River Logs,EK000138.AVI,Organized_data_Nov_2020\PLOG4\on_log\squirrel_uid, 2020-06-17 10:16:34,FALSE,PLOG4,A,FALSE,FALSE,TRUE,squirrel_uid,true,,
River Logs,RCNX0053.AVI,Organized_data_Nov_2020\PLOG5\B\on_log\tayra, 2020-06-17 11:27:34,FALSE,PLOG5,B,FALSE,FALSE,TRUE,tayra,true,,
River Logs,06170082.AVI,Organized_data_Nov_2020\CLOG2\on_log\lizard_uid, 2020-06-17 13:21:50,FALSE,CLOG2,A,FALSE,FALSE,TRUE,lizard_uid,false,,
River Logs,06170083.AVI,Organized_data_Nov_2020\CLOG2\nothing, 2020-06-17 15:25:16,FALSE,CLOG2,A,TRUE,FALSE,FALSE,nothing,false,,
River Logs,06170084.AVI,Organized_data_Nov_2020\CLOG2\nothing, 2020-06-17 15:53:16,FALSE,CLOG2,A,TRUE,FALSE,FALSE,nothing,false,,
River Logs,06170085.AVI,Organized_data_Nov_2020\CLOG2\nothing, 2020-06-17 16:13:24,FALSE,CLOG2,A,TRUE,FALSE,FALSE,nothing,false,,
River Logs,RCNX0054.AVI,Organized_data_Nov_2020\PLOG5\B\on_log\puma, 2020-06-17 16:19:54,FALSE,PLOG5,B,FALSE,FALSE,TRUE,puma,true,,
River Logs,06170046.AVI,Organized_data_Nov_2020\PLOG6\on_log\opossum_water, 2020-06-17 21:00:14,FALSE,PLOG6,A,FALSE,FALSE,TRUE,opossum_water,true,,
River Logs,06171412.AVI,Organized_data_Nov_2020\PLOG3\A\on_log\opossum_common, 2020-06-17 22:33:52,FALSE,PLOG3,A,FALSE,FALSE,TRUE,opossum_common,true,,
River Logs,06171413.AVI,Organized_data_Nov_2020\PLOG3\A\nothing, 2020-06-18 01:16:16,FALSE,PLOG3,A,TRUE,FALSE,FALSE,nothing,false,,
River Logs,RCNX0009.AVI,Organized_data_Nov_2020\CLOG7\on_log\opossum_common, 2020-06-18 01:33:16,FALSE,CLOG7,A,FALSE,FALSE,TRUE,opossum_common,true,,
River Logs,RCNX0010.AVI,Organized_data_Nov_2020\CLOG7\on_log\opossum_common, 2020-06-18 02:24:32,FALSE,CLOG7,A,FALSE,FALSE,TRUE,opossum_common,true,,
River Logs,06180011.MP4,Organized_data_Nov_2020\CLOG8\B\off_log\paca, 2020-06-18 03:42:58,FALSE,CLOG8,B,FALSE,FALSE,FALSE,paca,false,in river,
River Logs,06180012.MP4,Organized_data_Nov_2020\CLOG8\B\off_log\paca, 2020-06-18 04:42:38,FALSE,CLOG8,B,FALSE,FALSE,FALSE,paca,false,in river,
River Logs,EK000029.AVI,Organized_data_Nov_2020\CLOG4\on_log\coati, 2020-06-18 10:29:54,FALSE,CLOG4,A,FALSE,FALSE,TRUE,coati,true,,
River Logs,06180086.AVI,Organized_data_Nov_2020\CLOG2\nothing, 2020-06-18 14:59:12,FALSE,CLOG2,A,TRUE,FALSE,FALSE,nothing,false,,
River Logs,06180041.AVI,Organized_data_Nov_2020\PLOG5\A\nothing, 2020-06-18 15:41:06,FALSE,PLOG5,A,TRUE,FALSE,FALSE,nothing,false,,
River Logs,RCNX0055.AVI,Organized_data_Nov_2020\PLOG5\B\on_log\ocelot, 2020-06-18 15:58:36,FALSE,PLOG5,B,FALSE,FALSE,TRUE,ocelot,true,,
River Logs,RCNX0011.AVI,Organized_data_Nov_2020\CLOG7\on_log\opossum_common, 2020-06-18 20:06:48,FALSE,CLOG7,A,FALSE,FALSE,TRUE,opossum_common,true,,
River Logs,RCNX0012.AVI,Organized_data_Nov_2020\CLOG7\on_log\opossum_common, 2020-06-18 22:29:30,FALSE,CLOG7,A,FALSE,FALSE,TRUE,opossum_common,true,,
River Logs,RCNX0013.AVI,Organized_data_Nov_2020\CLOG7\on_log\opossum_common, 2020-06-18 22:43:24,FALSE,CLOG7,A,FALSE,FALSE,TRUE,opossum_common,false,,
River Logs,RCNX0014.AVI,Organized_data_Nov_2020\CLOG7\on_log\opossum_common, 2020-06-18 22:44:06,FALSE,CLOG7,A,FALSE,FALSE,TRUE,opossum_common,true,,
River Logs,06181414.AVI,Organized_data_Nov_2020\PLOG3\A\on_log\opossum_common, 2020-06-18 23:00:52,FALSE,PLOG3,A,FALSE,FALSE,TRUE,opossum_common,true,,
River Logs,EK000121.AVI,Organized_data_Nov_2020\PLOG2\A\nothing, 2020-06-18 23:06:16,FALSE,PLOG2,A,TRUE,FALSE,FALSE,nothing,false,,
River Logs,06180025.AVI,Organized_data_Nov_2020\CLOG3\A\off_log\paca, 2020-06-18 23:35:54,FALSE,CLOG3,A,FALSE,FALSE,FALSE,paca,false,,
River Logs,RCNX0056.AVI,Organized_data_Nov_2020\PLOG5\B\on_log\tamandua, 2020-06-19 00:26:20,FALSE,PLOG5,B,FALSE,FALSE,TRUE,tamandua,true,,
River Logs,EK000030.AVI,Organized_data_Nov_2020\CLOG4\nothing, 2020-06-19 00:31:08,FALSE,CLOG4,A,TRUE,FALSE,FALSE,nothing,false,,
River Logs,06180040.AVI,Organized_data_Nov_2020\CLOG1\people, 2020-06-19 00:38:20,FALSE,CLOG1,A,FALSE,FALSE,FALSE,people,false,,
River Logs,06181415.AVI,Organized_data_Nov_2020\PLOG3\A\nothing, 2020-06-19 01:03:16,FALSE,PLOG3,A,TRUE,FALSE,FALSE,nothing,false,,
River Logs,EK000063.AVI,Organized_data_Nov_2020\PLOG3\B\nothing, 2020-06-19 01:38:48,FALSE,PLOG3,B,TRUE,FALSE,FALSE,nothing,false,,
River Logs,EK000031.AVI,Organized_data_Nov_2020\CLOG4\on_log\tamandua, 2020-06-19 01:52:12,FALSE,CLOG4,A,FALSE,FALSE,TRUE,tamandua,true,,
River Logs,06190026.AVI,Organized_data_Nov_2020\CLOG3\A\on_log\opossum_foureyed, 2020-06-19 02:31:58,FALSE,CLOG3,A,FALSE,FALSE,TRUE,opossum_foureyed,false,,
River Logs,06190042.AVI,Organized_data_Nov_2020\PLOG5\A\off_log\bat, 2020-06-19 02:39:38,FALSE,PLOG5,A,FALSE,FALSE,FALSE,bat,false,,
River Logs,EK000064.AVI,Organized_data_Nov_2020\PLOG3\B\nothing, 2020-06-19 03:40:56,FALSE,PLOG3,B,TRUE,FALSE,FALSE,nothing,false,,
River Logs,06190087.AVI,Organized_data_Nov_2020\CLOG2\on_log\tamandua, 2020-06-19 05:45:46,FALSE,CLOG2,A,FALSE,FALSE,TRUE,tamandua,true,,
River Logs,06190013.MP4,Organized_data_Nov_2020\CLOG8\B\off_log\raccoon, 2020-06-19 06:28:52,FALSE,CLOG8,B,FALSE,FALSE,FALSE,racoon_crabeating,false,in river,
River Logs,06190047.AVI,Organized_data_Nov_2020\PLOG6\on_log\tamandua, 2020-06-19 06:55:52,FALSE,PLOG6,A,FALSE,FALSE,TRUE,tamandua,true,,
River Logs,06190048.AVI,Organized_data_Nov_2020\PLOG6\on_log\tamandua, 2020-06-19 06:59:00,FALSE,PLOG6,A,FALSE,FALSE,TRUE,tamandua,true,,
River Logs,06191416.AVI,Organized_data_Nov_2020\PLOG3\A\on_log\coati, 2020-06-19 08:18:56,FALSE,PLOG3,A,FALSE,FALSE,TRUE,coati,true,marking,
River Logs,06190043.AVI,Organized_data_Nov_2020\PLOG5\A\on_log\tayra, 2020-06-19 08:45:00,FALSE,PLOG5,A,FALSE,FALSE,TRUE,tayra,true,,
River Logs,RCNX0057.AVI,Organized_data_Nov_2020\PLOG5\B\on_log\tayra, 2020-06-19 08:45:18,FALSE,PLOG5,B,FALSE,FALSE,TRUE,tayra,true,,
River Logs,06190027.AVI,Organized_data_Nov_2020\CLOG3\A\nothing, 2020-06-19 09:37:26,FALSE,CLOG3,A,TRUE,FALSE,FALSE,nothing,false,,
River Logs,EK000122.AVI,Organized_data_Nov_2020\PLOG2\A\on_log\coati, 2020-06-19 10:18:12,FALSE,PLOG2,A,FALSE,FALSE,TRUE,coati,true,,
River Logs,06191417.AVI,Organized_data_Nov_2020\PLOG3\A\on_log\tayra, 2020-06-19 10:51:12,FALSE,PLOG3,A,FALSE,FALSE,TRUE,tayra,true,,
River Logs,EK000065.AVI,Organized_data_Nov_2020\PLOG3\B\on_log\coati, 2020-06-19 10:56:26,FALSE,PLOG3,B,FALSE,FALSE,TRUE,coati,true,,
River Logs,06190049.AVI,Organized_data_Nov_2020\PLOG6\on_log\coati, 2020-06-19 11:07:00,FALSE,PLOG6,A,FALSE,FALSE,TRUE,coati,true,,
River Logs,06190088.AVI,Organized_data_Nov_2020\CLOG2\on_log\lizard_uid, 2020-06-19 12:19:42,FALSE,CLOG2,A,FALSE,FALSE,TRUE,lizard_uid,false,,
River Logs,06190089.AVI,Organized_data_Nov_2020\CLOG2\on_log\lizard_uid, 2020-06-19 12:24:32,FALSE,CLOG2,A,FALSE,FALSE,TRUE,lizard_uid,false,,
River Logs,06190090.AVI,Organized_data_Nov_2020\CLOG2\on_log\lizard_uid, 2020-06-19 12:26:12,FALSE,CLOG2,A,FALSE,FALSE,TRUE,lizard_uid,false,,
River Logs,06190028.AVI,Organized_data_Nov_2020\CLOG3\A\on_log\lizard_uid, 2020-06-19 13:22:42,FALSE,CLOG3,A,FALSE,FALSE,TRUE,lizard_uid,false,,
River Logs,EK000066.AVI,Organized_data_Nov_2020\PLOG3\B\nothing, 2020-06-19 13:29:04,FALSE,PLOG3,B,TRUE,FALSE,FALSE,nothing,false,,
River Logs,06191418.AVI,Organized_data_Nov_2020\PLOG3\A\on_log\tayra, 2020-06-19 13:36:24,FALSE,PLOG3,A,FALSE,FALSE,TRUE,tayra,true,,
River Logs,06190050.AVI,Organized_data_Nov_2020\PLOG6\on_log\coati, 2020-06-19 14:19:08,FALSE,PLOG6,A,FALSE,FALSE,TRUE,coati,true,,
River Logs,06190051.AVI,Organized_data_Nov_2020\PLOG6\on_log\coati, 2020-06-19 14:20:00,FALSE,PLOG6,A,FALSE,FALSE,TRUE,coati,false,,
River Logs,06190052.AVI,Organized_data_Nov_2020\PLOG6\on_log\coati, 2020-06-19 14:21:08,FALSE,PLOG6,A,FALSE,FALSE,TRUE,coati,true,,
River Logs,06190053.AVI,Organized_data_Nov_2020\PLOG6\on_log\coati, 2020-06-19 14:21:58,FALSE,PLOG6,A,FALSE,FALSE,TRUE,coati,true,,
River Logs,EK000067.AVI,Organized_data_Nov_2020\PLOG3\B\nothing, 2020-06-19 16:14:10,FALSE,PLOG3,B,TRUE,FALSE,FALSE,nothing,false,,
River Logs,EK000123.AVI,Organized_data_Nov_2020\PLOG2\A\nothing, 2020-06-19 16:15:26,FALSE,PLOG2,A,TRUE,FALSE,FALSE,nothing,false,,
River Logs,RCNX0058.AVI,Organized_data_Nov_2020\PLOG5\B\on_log\tamandua, 2020-06-19 20:05:02,FALSE,PLOG5,B,FALSE,FALSE,TRUE,tamandua,true,,
River Logs,06190041.AVI,Organized_data_Nov_2020\CLOG1\nothing, 2020-06-19 20:05:46,FALSE,CLOG1,A,TRUE,FALSE,FALSE,nothing,false,,
River Logs,06190042.AVI,Organized_data_Nov_2020\CLOG1\nothing, 2020-06-19 20:12:56,FALSE,CLOG1,A,TRUE,FALSE,FALSE,nothing,false,,
River Logs,06190091.AVI,Organized_data_Nov_2020\CLOG2\on_log\opossum_common, 2020-06-19 20:50:08,FALSE,CLOG2,A,FALSE,FALSE,TRUE,opossum_common,true,,
River Logs,06190054.AVI,Organized_data_Nov_2020\PLOG6\nothing, 2020-06-19 22:38:36,FALSE,PLOG6,A,TRUE,FALSE,FALSE,nothing,false,,
River Logs,EK000068.AVI,Organized_data_Nov_2020\PLOG3\B\nothing, 2020-06-20 00:34:22,FALSE,PLOG3,B,TRUE,FALSE,FALSE,nothing,false,,
River Logs,EK000032.AVI,Organized_data_Nov_2020\CLOG4\on_log\tamandua, 2020-06-20 00:52:12,FALSE,CLOG4,A,FALSE,FALSE,TRUE,tamandua,true,,
River Logs,RCNX0059.AVI,Organized_data_Nov_2020\PLOG5\B\on_log\puma, 2020-06-20 01:30:42,FALSE,PLOG5,B,FALSE,FALSE,TRUE,puma,true,,
River Logs,06200014.MP4,Organized_data_Nov_2020\CLOG8\B\on_log\rodent, 2020-06-20 02:09:32,FALSE,CLOG8,B,FALSE,FALSE,TRUE,rodent,true,,
River Logs,06200043.AVI,Organized_data_Nov_2020\CLOG1\nothing, 2020-06-20 03:56:26,FALSE,CLOG1,A,TRUE,FALSE,FALSE,nothing,false,,
River Logs,RCNX0060.AVI,Organized_data_Nov_2020\PLOG5\B\on_log\tayra, 2020-06-20 07:29:38,FALSE,PLOG5,B,FALSE,FALSE,TRUE,tayra,true,,
River Logs,RCNX0015.AVI,Organized_data_Nov_2020\CLOG7\on_log\coati, 2020-06-20 12:34:38,FALSE,CLOG7,A,FALSE,FALSE,TRUE,coati,true,,
River Logs,06201419.AVI,Organized_data_Nov_2020\PLOG3\A\on_log\tayra, 2020-06-20 12:35:16,FALSE,PLOG3,A,FALSE,FALSE,TRUE,tayra,true,,
River Logs,RCNX0016.AVI,Organized_data_Nov_2020\CLOG7\on_log\coati, 2020-06-20 12:35:46,FALSE,CLOG7,A,FALSE,FALSE,TRUE,coati,true,,
River Logs,RCNX0017.AVI,Organized_data_Nov_2020\CLOG7\on_log\coati, 2020-06-20 12:37:00,FALSE,CLOG7,A,FALSE,FALSE,TRUE,coati,true,,
River Logs,RCNX0018.AVI,Organized_data_Nov_2020\CLOG7\on_log\coati, 2020-06-20 12:37:50,FALSE,CLOG7,A,FALSE,FALSE,TRUE,coati,true,,
River Logs,RCNX0019.AVI,Organized_data_Nov_2020\CLOG7\on_log\coati, 2020-06-20 12:38:44,FALSE,CLOG7,A,FALSE,FALSE,TRUE,coati,true,,
River Logs,06201420.AVI,Organized_data_Nov_2020\PLOG3\A\on_log\tayra, 2020-06-20 13:34:40,FALSE,PLOG3,A,FALSE,FALSE,TRUE,tayra,true,,
River Logs,PICT0013.AVI,Organized_data_Nov_2020\CLOG3\B\on_log\tayra, 2020-06-20 13:54:58,FALSE,CLOG3,B,FALSE,FALSE,TRUE,tayra,true,,
River Logs,06200029.AVI,Organized_data_Nov_2020\CLOG3\A\on_log\tayra, 2020-06-20 13:55:16,FALSE,CLOG3,A,FALSE,FALSE,TRUE,tayra,false,,
River Logs,PICT0014.AVI,Organized_data_Nov_2020\CLOG3\B\nothing, 2020-06-20 19:36:54,FALSE,CLOG3,B,TRUE,FALSE,FALSE,nothing,false,,
River Logs,RCNX0020.AVI,Organized_data_Nov_2020\CLOG7\on_log\opossum_common, 2020-06-20 20:17:52,FALSE,CLOG7,A,FALSE,FALSE,TRUE,opossum_common,true,,
River Logs,RCNX0021.AVI,Organized_data_Nov_2020\CLOG7\on_log\opossum_common, 2020-06-20 22:43:50,FALSE,CLOG7,A,FALSE,FALSE,TRUE,opossum_common,true,,
River Logs,06200092.AVI,Organized_data_Nov_2020\CLOG2\on_log\tamandua, 2020-06-21 01:03:24,FALSE,CLOG2,A,FALSE,FALSE,TRUE,tamandua,true,,
River Logs,RCNX0061.AVI,Organized_data_Nov_2020\PLOG5\B\on_log\tayra, 2020-06-21 08:29:36,FALSE,PLOG5,B,FALSE,FALSE,TRUE,tayra,true,,
River Logs,06210030.AVI,Organized_data_Nov_2020\CLOG3\A\nothing, 2020-06-21 09:34:04,FALSE,CLOG3,A,TRUE,FALSE,FALSE,nothing,false,,
River Logs,06210031.AVI,Organized_data_Nov_2020\CLOG3\A\off_log\agouti, 2020-06-21 10:02:40,FALSE,CLOG3,A,FALSE,FALSE,FALSE,agouti,false,,
River Logs,RCNX0022.AVI,Organized_data_Nov_2020\CLOG7\on_log\tamandua, 2020-06-21 10:44:54,FALSE,CLOG7,A,FALSE,FALSE,TRUE,tamandua,true,,
River Logs,RCNX0062.AVI,Organized_data_Nov_2020\PLOG5\B\on_log\coati, 2020-06-21 11:12:30,FALSE,PLOG5,B,FALSE,FALSE,TRUE,coati,true,,
River Logs,06210093.AVI,Organized_data_Nov_2020\CLOG2\nothing, 2020-06-21 11:43:34,FALSE,CLOG2,A,TRUE,FALSE,FALSE,nothing,false,,
River Logs,06210094.AVI,Organized_data_Nov_2020\CLOG2\nothing, 2020-06-21 12:27:24,FALSE,CLOG2,A,TRUE,FALSE,FALSE,nothing,false,,
River Logs,RCNX0063.AVI,Organized_data_Nov_2020\PLOG5\B\on_log\tayra, 2020-06-21 12:39:22,FALSE,PLOG5,B,FALSE,FALSE,TRUE,tayra,true,,
River Logs,RCNX0064.AVI,Organized_data_Nov_2020\PLOG5\B\nothing, 2020-06-21 12:50:18,FALSE,PLOG5,B,TRUE,FALSE,FALSE,nothing,false,,
River Logs,EK000124.AVI,Organized_data_Nov_2020\PLOG2\A\nothing, 2020-06-21 13:02:32,FALSE,PLOG2,A,TRUE,FALSE,FALSE,nothing,false,,
River Logs,06210095.AVI,Organized_data_Nov_2020\CLOG2\nothing, 2020-06-21 13:17:06,FALSE,CLOG2,A,TRUE,FALSE,FALSE,nothing,false,,
River Logs,06210096.AVI,Organized_data_Nov_2020\CLOG2\on_log\lizard_uid, 2020-06-21 13:28:14,FALSE,CLOG2,A,FALSE,FALSE,TRUE,lizard_uid,false,,
River Logs,06211421.AVI,Organized_data_Nov_2020\PLOG3\A\on_log\coati, 2020-06-21 13:36:40,FALSE,PLOG3,A,FALSE,FALSE,TRUE,coati,true,,
River Logs,06211422.AVI,Organized_data_Nov_2020\PLOG3\A\nothing, 2020-06-21 13:37:34,FALSE,PLOG3,A,TRUE,FALSE,FALSE,nothing,false,,
River Logs,06210097.AVI,Organized_data_Nov_2020\CLOG2\nothing, 2020-06-21 14:09:00,FALSE,CLOG2,A,TRUE,FALSE,FALSE,nothing,false,,
River Logs,06210044.AVI,Organized_data_Nov_2020\PLOG5\A\on_log\lizard_uid, 2020-06-21 14:26:20,FALSE,PLOG5,A,FALSE,FALSE,TRUE,lizard_uid,false,,
River Logs,EK000125.AVI,Organized_data_Nov_2020\PLOG2\A\nothing, 2020-06-21 14:29:28,FALSE,PLOG2,A,TRUE,FALSE,FALSE,nothing,false,,
River Logs,06210098.AVI,Organized_data_Nov_2020\CLOG2\nothing, 2020-06-21 14:32:28,FALSE,CLOG2,A,TRUE,FALSE,FALSE,nothing,false,,
River Logs,06210099.AVI,Organized_data_Nov_2020\CLOG2\on_log\lizard_uid, 2020-06-21 14:34:08,FALSE,CLOG2,A,FALSE,FALSE,TRUE,lizard_uid,false,,
River Logs,EK000126.AVI,Organized_data_Nov_2020\PLOG2\A\nothing, 2020-06-21 14:37:28,FALSE,PLOG2,A,TRUE,FALSE,FALSE,nothing,false,,
River Logs,EK000127.AVI,Organized_data_Nov_2020\PLOG2\A\nothing, 2020-06-21 14:40:00,FALSE,PLOG2,A,TRUE,FALSE,FALSE,nothing,false,,
River Logs,06210100.AVI,Organized_data_Nov_2020\CLOG2\on_log\lizard_uid, 2020-06-21 14:48:06,FALSE,CLOG2,A,FALSE,FALSE,TRUE,lizard_uid,false,,
River Logs,EK000128.AVI,Organized_data_Nov_2020\PLOG2\A\nothing, 2020-06-21 14:48:58,FALSE,PLOG2,A,TRUE,FALSE,FALSE,nothing,false,,
River Logs,06210101.AVI,Organized_data_Nov_2020\CLOG2\on_log\iguana_green, 2020-06-21 14:51:02,FALSE,CLOG2,A,FALSE,FALSE,TRUE,lizard_uid,false,,
River Logs,EK000008.AVI,Organized_data_Nov_2020\PLOG7\A\on_log\coati, 2020-06-21 15:16:44,FALSE,PLOG7,A,FALSE,FALSE,TRUE,coati,true,,
River Logs,EK000009.AVI,Organized_data_Nov_2020\PLOG7\A\on_log\coati, 2020-06-21 15:17:32,FALSE,PLOG7,A,FALSE,FALSE,TRUE,coati,true,,
River Logs,RCNX0065.AVI,Organized_data_Nov_2020\PLOG5\B\on_log\tamandua, 2020-06-21 16:15:18,FALSE,PLOG5,B,FALSE,FALSE,TRUE,tamandua,true,,
River Logs,EK000069.AVI,Organized_data_Nov_2020\PLOG3\B\nothing, 2020-06-21 21:30:06,FALSE,PLOG3,B,TRUE,FALSE,FALSE,nothing,false,,
River Logs,RCNX0023.AVI,Organized_data_Nov_2020\CLOG7\on_log\opossum_common, 2020-06-21 21:51:46,FALSE,CLOG7,A,FALSE,FALSE,TRUE,opossum_common,true,,
River Logs,EK000070.AVI,Organized_data_Nov_2020\PLOG3\B\nothing, 2020-06-21 23:15:56,FALSE,PLOG3,B,TRUE,FALSE,FALSE,nothing,false,,
River Logs,EK000071.AVI,Organized_data_Nov_2020\PLOG3\B\nothing, 2020-06-22 00:18:38,FALSE,PLOG3,B,TRUE,FALSE,FALSE,nothing,false,,
River Logs,06220055.AVI,Organized_data_Nov_2020\PLOG6\nothing, 2020-06-22 02:10:26,FALSE,PLOG6,A,TRUE,FALSE,FALSE,nothing,false,,
River Logs,EK000033.AVI,Organized_data_Nov_2020\CLOG4\nothing, 2020-06-22 03:10:24,FALSE,CLOG4,A,TRUE,FALSE,FALSE,nothing,false,,
River Logs,06220056.AVI,Organized_data_Nov_2020\PLOG6\nothing, 2020-06-22 05:11:06,FALSE,PLOG6,A,TRUE,FALSE,FALSE,nothing,false,,
River Logs,06220057.AVI,Organized_data_Nov_2020\PLOG6\on_log\agouti, 2020-06-22 05:15:36,FALSE,PLOG6,A,FALSE,FALSE,true,rodent,true,,
River Logs,RCNX0066.AVI,Organized_data_Nov_2020\PLOG5\B\on_log\tamandua, 2020-06-22 05:16:38,FALSE,PLOG5,B,FALSE,FALSE,TRUE,tamandua,true,,
River Logs,RCNX0067.AVI,Organized_data_Nov_2020\PLOG5\B\on_log\tamandua, 2020-06-22 05:28:54,FALSE,PLOG5,B,FALSE,FALSE,TRUE,tamandua,true,,
River Logs,06220032.AVI,Organized_data_Nov_2020\CLOG3\A\nothing, 2020-06-22 08:20:58,FALSE,CLOG3,A,TRUE,FALSE,FALSE,nothing,false,,
River Logs,EK000034.AVI,Organized_data_Nov_2020\CLOG4\on_log\squirrel_uid, 2020-06-22 08:51:12,FALSE,CLOG4,A,FALSE,FALSE,TRUE,squirrel_uid,false,,
River Logs,06220058.AVI,Organized_data_Nov_2020\PLOG6\on_log\agouti, 2020-06-22 08:53:24,FALSE,PLOG6,A,FALSE,FALSE,TRUE,agouti,true,,
River Logs,EK000129.AVI,Organized_data_Nov_2020\PLOG2\A\setup, 2020-06-22 09:38:34,FALSE,PLOG2,A,FALSE,TRUE,FALSE,setup,false,,
River Logs,EK000130.AVI,Organized_data_Nov_2020\PLOG2\A\setup, 2020-06-22 09:41:10,FALSE,PLOG2,A,FALSE,TRUE,FALSE,setup,false,,
River Logs,RCNX0068.AVI,Organized_data_Nov_2020\PLOG5\B\on_log\bird, 2020-06-22 10:29:20,FALSE,PLOG5,B,FALSE,FALSE,TRUE,bird,false,,
River Logs,06220102.AVI,Organized_data_Nov_2020\CLOG2\on_log\lizard_uid, 2020-06-22 12:34:20,FALSE,CLOG2,A,FALSE,FALSE,TRUE,lizard_uid,false,,
River Logs,EK000001.AVI,Organized_data_Nov_2020\PLOG7\B\on_log\bird, 2020-06-22 12:35:38,FALSE,PLOG7,B,FALSE,FALSE,false,bird,false,,
River Logs,06220103.AVI,Organized_data_Nov_2020\CLOG2\on_log\iguana_green, 2020-06-22 12:36:20,FALSE,CLOG2,A,FALSE,FALSE,TRUE,iguana_green,false,,
River Logs,EK000002.AVI,Organized_data_Nov_2020\PLOG7\B\nothing, 2020-06-22 12:37:58,FALSE,PLOG7,B,TRUE,FALSE,FALSE,nothing,false,,
River Logs,EK000003.AVI,Organized_data_Nov_2020\PLOG7\B\on_log\bird, 2020-06-22 12:38:54,FALSE,PLOG7,B,FALSE,FALSE,false,bird,false,,
River Logs,EK000004.AVI,Organized_data_Nov_2020\PLOG7\B\nothing, 2020-06-22 12:40:38,FALSE,PLOG7,B,TRUE,FALSE,FALSE,nothing,false,,
River Logs,EK000005.AVI,Organized_data_Nov_2020\PLOG7\B\nothing, 2020-06-22 12:49:24,FALSE,PLOG7,B,TRUE,FALSE,FALSE,nothing,false,,
River Logs,06220104.AVI,Organized_data_Nov_2020\CLOG2\on_log\lizard_uid, 2020-06-22 13:04:20,FALSE,CLOG2,A,FALSE,FALSE,TRUE,lizard_uid,false,,
River Logs,06220045.AVI,Organized_data_Nov_2020\PLOG5\A\on_log\squirrel_monkey, 2020-06-22 13:31:26,FALSE,PLOG5,A,FALSE,FALSE,TRUE,squirrel_monkey,true,,
River Logs,RCNX0069.AVI,Organized_data_Nov_2020\PLOG5\B\on_log\squirrel_monkey, 2020-06-22 13:31:44,FALSE,PLOG5,B,FALSE,FALSE,TRUE,squirrel_monkey,true,,
River Logs,RCNX0024.AVI,Organized_data_Nov_2020\CLOG7\on_log\coati, 2020-06-22 13:34:10,FALSE,CLOG7,A,FALSE,FALSE,TRUE,coati,true,marking,
River Logs,06220105.AVI,Organized_data_Nov_2020\CLOG2\on_log\lizard_uid, 2020-06-22 14:27:00,FALSE,CLOG2,A,FALSE,FALSE,TRUE,lizard_uid,false,,
River Logs,06220033.AVI,Organized_data_Nov_2020\CLOG3\A\off_log\agouti, 2020-06-22 15:07:10,FALSE,CLOG3,A,FALSE,FALSE,FALSE,agouti,false,,
River Logs,EK000006.AVI,Organized_data_Nov_2020\PLOG7\B\on_log\coati, 2020-06-22 15:11:24,FALSE,PLOG7,B,FALSE,FALSE,TRUE,coati,true,,
River Logs,EK000007.AVI,Organized_data_Nov_2020\PLOG7\B\on_log\coati, 2020-06-22 15:13:02,FALSE,PLOG7,B,FALSE,FALSE,TRUE,coati,true,,
River Logs,06220106.AVI,Organized_data_Nov_2020\CLOG2\nothing, 2020-06-22 15:29:36,FALSE,CLOG2,A,TRUE,FALSE,FALSE,nothing,false,,
River Logs,06220107.AVI,Organized_data_Nov_2020\CLOG2\nothing, 2020-06-22 15:38:32,FALSE,CLOG2,A,TRUE,FALSE,FALSE,nothing,false,,
River Logs,EK000008.AVI,Organized_data_Nov_2020\PLOG7\B\nothing, 2020-06-22 16:07:16,FALSE,PLOG7,B,TRUE,FALSE,FALSE,nothing,false,,
River Logs,06220108.AVI,Organized_data_Nov_2020\CLOG2\on_log\lizard_uid, 2020-06-22 16:59:32,FALSE,CLOG2,A,FALSE,FALSE,TRUE,lizard_uid,false,,
River Logs,06220109.AVI,Organized_data_Nov_2020\CLOG2\on_log\lizard_uid, 2020-06-22 17:15:06,FALSE,CLOG2,A,FALSE,FALSE,TRUE,lizard_uid,false,,
River Logs,06220110.AVI,Organized_data_Nov_2020\CLOG2\on_log\lizard_uid, 2020-06-22 17:19:52,FALSE,CLOG2,A,FALSE,FALSE,TRUE,lizard_uid,false,,
River Logs,06220111.AVI,Organized_data_Nov_2020\CLOG2\on_log\lizard_uid, 2020-06-22 17:23:32,FALSE,CLOG2,A,FALSE,FALSE,TRUE,lizard_uid,false,,
River Logs,06220112.AVI,Organized_data_Nov_2020\CLOG2\nothing, 2020-06-22 17:29:26,FALSE,CLOG2,A,TRUE,FALSE,FALSE,nothing,false,,
River Logs,RCNX0070.AVI,Organized_data_Nov_2020\PLOG5\B\on_log\skunk_striped, 2020-06-22 20:33:10,FALSE,PLOG5,B,FALSE,FALSE,TRUE,skunk_striped,true,marking,
River Logs,06220046.AVI,Organized_data_Nov_2020\PLOG5\A\nothing, 2020-06-22 20:33:34,FALSE,PLOG5,A,TRUE,FALSE,FALSE,nothing,false,,
River Logs,EK000010.AVI,Organized_data_Nov_2020\PLOG7\A\on_log\ocelot, 2020-06-22 21:14:02,FALSE,PLOG7,A,FALSE,FALSE,TRUE,ocelot,true,,
River Logs,EK000009.AVI,Organized_data_Nov_2020\PLOG7\B\on_log\ocelot, 2020-06-22 21:14:58,FALSE,PLOG7,B,FALSE,FALSE,TRUE,ocelot,true,,
River Logs,06220113.AVI,Organized_data_Nov_2020\CLOG2\on_log\rodent, 2020-06-22 23:48:00,FALSE,CLOG2,A,FALSE,FALSE,TRUE,rodent,true,,
River Logs,06220034.AVI,Organized_data_Nov_2020\CLOG3\A\off_log\paca, 2020-06-23 00:27:18,FALSE,CLOG3,A,FALSE,FALSE,FALSE,paca,false,,
River Logs,EK000131.AVI,Organized_data_Nov_2020\PLOG2\A\nothing, 2020-06-23 01:19:30,FALSE,PLOG2,A,TRUE,FALSE,FALSE,nothing,false,,
River Logs,RCNX0071.AVI,Organized_data_Nov_2020\PLOG5\B\on_log\opossum_common, 2020-06-23 01:44:24,FALSE,PLOG5,B,FALSE,FALSE,TRUE,opossum_common,true,,
River Logs,EK000010.AVI,Organized_data_Nov_2020\PLOG7\B\on_log\opossum_uid, 2020-06-23 02:09:24,FALSE,PLOG7,B,FALSE,FALSE,TRUE,rodent,false,,
River Logs,06230047.AVI,Organized_data_Nov_2020\PLOG5\A\on_log\opossum_common, 2020-06-23 03:06:28,FALSE,PLOG5,A,FALSE,FALSE,TRUE,opossum_common,true,,
River Logs,EK000132.AVI,Organized_data_Nov_2020\PLOG2\A\on_log\ocelot, 2020-06-23 03:20:42,FALSE,PLOG2,A,FALSE,FALSE,TRUE,ocelot,false,,
River Logs,RCNX0025.AVI,Organized_data_Nov_2020\CLOG7\on_log\opossum_common, 2020-06-23 03:25:08,FALSE,CLOG7,A,FALSE,FALSE,TRUE,opossum_common,true,,
River Logs,06230059.AVI,Organized_data_Nov_2020\PLOG6\nothing, 2020-06-23 05:11:28,FALSE,PLOG6,A,TRUE,FALSE,FALSE,nothing,false,,
River Logs,06230060.AVI,Organized_data_Nov_2020\PLOG6\on_log\skunk_striped, 2020-06-23 05:46:42,FALSE,PLOG6,A,FALSE,FALSE,TRUE,skunk_striped,true,marking,
River Logs,EK000011.AVI,Organized_data_Nov_2020\PLOG7\B\nothing, 2020-06-23 06:15:48,FALSE,PLOG7,B,TRUE,FALSE,FALSE,nothing,false,,
River Logs,EK000035.AVI,Organized_data_Nov_2020\CLOG4\nothing, 2020-06-23 10:47:30,FALSE,CLOG4,A,TRUE,FALSE,FALSE,nothing,false,,
River Logs,RCNX0072.AVI,Organized_data_Nov_2020\PLOG5\B\nothing, 2020-06-23 11:18:46,FALSE,PLOG5,B,TRUE,FALSE,FALSE,nothing,false,,
River Logs,EK000012.AVI,Organized_data_Nov_2020\PLOG7\B\nothing, 2020-06-23 13:45:04,FALSE,PLOG7,B,TRUE,FALSE,FALSE,nothing,false,,
River Logs,EK000036.AVI,Organized_data_Nov_2020\CLOG4\nothing, 2020-06-23 15:27:38,FALSE,CLOG4,A,TRUE,FALSE,FALSE,nothing,false,,
River Logs,EK000037.AVI,Organized_data_Nov_2020\CLOG4\on_log\tamandua, 2020-06-23 16:27:44,FALSE,CLOG4,A,FALSE,FALSE,TRUE,tamandua,false,pooping,
River Logs,EK000003.AVI,Organized_data_Nov_2020\PLOG2\B\on_log\ocelot, 2020-06-23 18:18:10,FALSE,PLOG2,B,FALSE,FALSE,TRUE,ocelot,true,,
River Logs,EK000133.AVI,Organized_data_Nov_2020\PLOG2\A\on_log\ocelot, 2020-06-23 18:18:42,FALSE,PLOG2,A,FALSE,FALSE,TRUE,ocelot,false,,
River Logs,06230114.AVI,Organized_data_Nov_2020\CLOG2\on_log\ocelot, 2020-06-23 19:43:50,FALSE,CLOG2,A,FALSE,FALSE,TRUE,ocelot,false,,
River Logs,RCNX0026.AVI,Organized_data_Nov_2020\CLOG7\on_log\opossum_common, 2020-06-23 22:32:44,FALSE,CLOG7,A,FALSE,FALSE,TRUE,opossum_common,true,,
River Logs,EK000038.AVI,Organized_data_Nov_2020\CLOG4\nothing, 2020-06-24 00:01:26,FALSE,CLOG4,A,TRUE,FALSE,FALSE,nothing,false,,
River Logs,EK000134.AVI,Organized_data_Nov_2020\PLOG2\A\on_log\tamandua, 2020-06-24 00:38:16,FALSE,PLOG2,A,FALSE,FALSE,TRUE,tamandua,true,,
River Logs,06230115.AVI,Organized_data_Nov_2020\CLOG2\on_log\opossum_uid, 2020-06-24 01:00:54,FALSE,CLOG2,A,FALSE,FALSE,TRUE,rodent,true,,
River Logs,RCNX0027.AVI,Organized_data_Nov_2020\CLOG7\on_log\opossum_common, 2020-06-24 01:04:36,FALSE,CLOG7,A,FALSE,FALSE,TRUE,opossum_common,true,,
River Logs,paca.AVI,Organized_data_Nov_2020\PLOG6\off_log\paca, 2020-06-24 02:28:34,FALSE,PLOG6,A,FALSE,FALSE,FALSE,paca,false,in river,
River Logs,RCNX0028.AVI,Organized_data_Nov_2020\CLOG7\on_log\opossum_common, 2020-06-24 02:30:22,FALSE,CLOG7,A,FALSE,FALSE,TRUE,opossum_common,true,,
River Logs,EK000004.AVI,Organized_data_Nov_2020\PLOG2\B\nothing, 2020-06-24 03:29:16,FALSE,PLOG2,B,TRUE,FALSE,FALSE,nothing,false,,
River Logs,EK000135.AVI,Organized_data_Nov_2020\PLOG2\A\on_log\tamandua, 2020-06-24 03:29:20,FALSE,PLOG2,A,FALSE,FALSE,TRUE,tamandua,true,,
River Logs,EK000136.AVI,Organized_data_Nov_2020\PLOG2\A\on_log\tamandua, 2020-06-24 04:00:28,FALSE,PLOG2,A,FALSE,FALSE,TRUE,tamandua,true,,
River Logs,EK000005.AVI,Organized_data_Nov_2020\PLOG2\B\on_log\tamandua, 2020-06-24 04:01:30,FALSE,PLOG2,B,FALSE,FALSE,TRUE,tamandua,true,,
River Logs,EK000006.AVI,Organized_data_Nov_2020\PLOG2\B\on_log\tamandua, 2020-06-24 04:03:54,FALSE,PLOG2,B,FALSE,FALSE,TRUE,tamandua,false,foraging,
River Logs,EK000137.AVI,Organized_data_Nov_2020\PLOG2\A\nothing, 2020-06-24 04:05:24,FALSE,PLOG2,A,TRUE,FALSE,FALSE,nothing,false,,
River Logs,EK000007.AVI,Organized_data_Nov_2020\PLOG2\B\on_log\tamandua, 2020-06-24 05:00:28,FALSE,PLOG2,B,FALSE,FALSE,TRUE,tamandua,true,,
River Logs,EK000138.AVI,Organized_data_Nov_2020\PLOG2\A\nothing, 2020-06-24 05:00:58,FALSE,PLOG2,A,TRUE,FALSE,FALSE,nothing,false,,
River Logs,EK000039.AVI,Organized_data_Nov_2020\CLOG4\on_log\ocelot, 2020-06-24 06:26:04,FALSE,CLOG4,A,FALSE,FALSE,TRUE,ocelot,false,,
River Logs,EK000040.AVI,Organized_data_Nov_2020\CLOG4\on_log\ocelot, 2020-06-24 06:26:56,FALSE,CLOG4,A,FALSE,FALSE,TRUE,ocelot,true,,
River Logs,06240015.MP4,Organized_data_Nov_2020\CLOG8\B\nothing, 2020-06-24 07:42:24,FALSE,CLOG8,B,TRUE,FALSE,FALSE,nothing,false,,
River Logs,EK000072.AVI,Organized_data_Nov_2020\PLOG3\B\nothing, 2020-06-24 07:56:58,FALSE,PLOG3,B,TRUE,FALSE,FALSE,nothing,false,,
River Logs,EK000013.AVI,Organized_data_Nov_2020\PLOG7\B\nothing, 2020-06-24 08:02:30,FALSE,PLOG7,B,TRUE,FALSE,FALSE,nothing,false,,
River Logs,06240035.AVI,Organized_data_Nov_2020\CLOG3\A\nothing, 2020-06-24 09:33:56,FALSE,CLOG3,A,TRUE,FALSE,FALSE,nothing,false,,
River Logs,EK000014.AVI,Organized_data_Nov_2020\PLOG7\B\nothing, 2020-06-24 09:49:40,FALSE,PLOG7,B,TRUE,FALSE,FALSE,nothing,false,,
River Logs,RCNX0073.AVI,Organized_data_Nov_2020\PLOG5\B\on_log\tamandua, 2020-06-24 10:11:22,FALSE,PLOG5,B,FALSE,FALSE,TRUE,tamandua,true,,
River Logs,06240036.AVI,Organized_data_Nov_2020\CLOG3\A\nothing, 2020-06-24 11:45:28,FALSE,CLOG3,A,TRUE,FALSE,FALSE,nothing,false,,
River Logs,06240116.AVI,Organized_data_Nov_2020\CLOG2\nothing, 2020-06-24 12:04:36,FALSE,CLOG2,A,TRUE,FALSE,FALSE,nothing,false,,
River Logs,06240117.AVI,Organized_data_Nov_2020\CLOG2\nothing, 2020-06-24 12:46:48,FALSE,CLOG2,A,TRUE,FALSE,FALSE,nothing,false,,
River Logs,06240118.AVI,Organized_data_Nov_2020\CLOG2\nothing, 2020-06-24 12:50:34,FALSE,CLOG2,A,TRUE,FALSE,FALSE,nothing,false,,
River Logs,06240119.AVI,Organized_data_Nov_2020\CLOG2\nothing, 2020-06-24 13:15:32,FALSE,CLOG2,A,TRUE,FALSE,FALSE,nothing,false,,
River Logs,06240120.AVI,Organized_data_Nov_2020\CLOG2\nothing, 2020-06-24 13:22:08,FALSE,CLOG2,A,TRUE,FALSE,FALSE,nothing,false,,
River Logs,06240121.AVI,Organized_data_Nov_2020\CLOG2\on_log\lizard_uid, 2020-06-24 13:27:00,FALSE,CLOG2,A,FALSE,FALSE,TRUE,lizard_uid,false,,
River Logs,06240062.AVI,Organized_data_Nov_2020\PLOG6\on_log\agouti, 2020-06-24 13:35:32,FALSE,PLOG6,A,FALSE,FALSE,TRUE,agouti,true,,
River Logs,06240122.AVI,Organized_data_Nov_2020\CLOG2\nothing, 2020-06-24 14:19:28,FALSE,CLOG2,A,TRUE,FALSE,FALSE,nothing,false,,
River Logs,06240123.AVI,Organized_data_Nov_2020\CLOG2\nothing, 2020-06-24 14:42:50,FALSE,CLOG2,A,TRUE,FALSE,FALSE,nothing,false,,
River Logs,06240124.AVI,Organized_data_Nov_2020\CLOG2\nothing, 2020-06-24 14:44:48,FALSE,CLOG2,A,TRUE,FALSE,FALSE,nothing,false,,
River Logs,06240125.AVI,Organized_data_Nov_2020\CLOG2\nothing, 2020-06-24 14:54:22,FALSE,CLOG2,A,TRUE,FALSE,FALSE,nothing,false,,
River Logs,06240126.AVI,Organized_data_Nov_2020\CLOG2\nothing, 2020-06-24 14:57:42,FALSE,CLOG2,A,TRUE,FALSE,FALSE,nothing,false,,
River Logs,06240063.AVI,Organized_data_Nov_2020\PLOG6\on_log\agouti, 2020-06-24 16:28:38,FALSE,PLOG6,A,FALSE,FALSE,TRUE,agouti,true,marking,
River Logs,EK000073.AVI,Organized_data_Nov_2020\PLOG3\B\nothing, 2020-06-24 20:58:50,FALSE,PLOG3,B,TRUE,FALSE,FALSE,nothing,false,,
River Logs,RCNX0074.AVI,Organized_data_Nov_2020\PLOG5\B\on_log\tamandua, 2020-06-24 21:34:26,FALSE,PLOG5,B,FALSE,FALSE,TRUE,tamandua,true,,
River Logs,RCNX0029.AVI,Organized_data_Nov_2020\CLOG7\on_log\opossum_common, 2020-06-24 21:51:10,FALSE,CLOG7,A,FALSE,FALSE,TRUE,opossum_common,true,,
River Logs,EK000008.AVI,Organized_data_Nov_2020\PLOG2\B\on_log\opossum_common, 2020-06-24 22:06:44,FALSE,PLOG2,B,FALSE,FALSE,TRUE,opossum_common,true,,
River Logs,EK000139.AVI,Organized_data_Nov_2020\PLOG2\A\nothing, 2020-06-24 22:07:34,FALSE,PLOG2,A,TRUE,FALSE,FALSE,nothing,false,,
River Logs,06240037.AVI,Organized_data_Nov_2020\CLOG3\A\people, 2020-06-24 22:15:08,FALSE,CLOG3,A,FALSE,FALSE,FALSE,people,false,,
River Logs,06240038.AVI,Organized_data_Nov_2020\CLOG3\A\nothing, 2020-06-24 22:15:58,FALSE,CLOG3,A,TRUE,FALSE,FALSE,nothing,false,,
River Logs,EK000015.AVI,Organized_data_Nov_2020\PLOG7\B\nothing, 2020-06-24 22:25:38,FALSE,PLOG7,B,TRUE,FALSE,FALSE,nothing,false,,
River Logs,06240039.AVI,Organized_data_Nov_2020\CLOG3\A\on_log\tamandua, 2020-06-24 22:32:36,FALSE,CLOG3,A,FALSE,FALSE,TRUE,tamandua,true,,
River Logs,PICT0015.AVI,Organized_data_Nov_2020\CLOG3\B\people, 2020-06-24 22:36:20,FALSE,CLOG3,B,FALSE,FALSE,FALSE,people,false,,
River Logs,06240040.AVI,Organized_data_Nov_2020\CLOG3\A\people, 2020-06-24 22:36:44,FALSE,CLOG3,A,FALSE,FALSE,FALSE,people,false,hunting,
River Logs,EK000016.AVI,Organized_data_Nov_2020\PLOG7\B\nothing, 2020-06-24 23:04:02,FALSE,PLOG7,B,TRUE,FALSE,FALSE,nothing,false,,
River Logs,06240127.AVI,Organized_data_Nov_2020\CLOG2\people, 2020-06-24 23:14:24,FALSE,CLOG2,A,FALSE,FALSE,FALSE,people,false,hunting,
River Logs,RCNX0075.AVI,Organized_data_Nov_2020\PLOG5\B\on_log\opossum_common, 2020-06-25 00:41:10,FALSE,PLOG5,B,FALSE,FALSE,TRUE,opossum_common,true,,
River Logs,EK000009.AVI,Organized_data_Nov_2020\PLOG2\B\nothing, 2020-06-25 00:41:12,FALSE,PLOG2,B,TRUE,FALSE,FALSE,nothing,false,,
River Logs,EK000140.AVI,Organized_data_Nov_2020\PLOG2\A\on_log\opossum_common, 2020-06-25 00:41:16,FALSE,PLOG2,A,FALSE,FALSE,TRUE,opossum_common,true,,
River Logs,RCNX0030.AVI,Organized_data_Nov_2020\CLOG7\on_log\opossum_common, 2020-06-25 01:30:50,FALSE,CLOG7,A,FALSE,FALSE,TRUE,opossum_common,true,,
River Logs,RCNX0031.AVI,Organized_data_Nov_2020\CLOG7\on_log\opossum_common, 2020-06-25 02:47:30,FALSE,CLOG7,A,FALSE,FALSE,TRUE,opossum_common,true,,
River Logs,RCNX0032.AVI,Organized_data_Nov_2020\CLOG7\on_log\opossum_common, 2020-06-25 03:09:34,FALSE,CLOG7,A,FALSE,FALSE,TRUE,opossum_common,true,,
River Logs,RCNX0076.AVI,Organized_data_Nov_2020\PLOG5\B\on_log\tamandua, 2020-06-25 05:45:14,FALSE,PLOG5,B,FALSE,FALSE,TRUE,tamandua,true,,
River Logs,PICT0016.AVI,Organized_data_Nov_2020\CLOG3\B\nothing, 2020-06-25 06:00:56,FALSE,CLOG3,B,TRUE,FALSE,FALSE,nothing,false,,
River Logs,EK000041.AVI,Organized_data_Nov_2020\CLOG4\nothing, 2020-06-25 06:58:12,FALSE,CLOG4,A,TRUE,FALSE,FALSE,nothing,false,,
River Logs,06250064.AVI,Organized_data_Nov_2020\PLOG6\on_log\tamandua, 2020-06-25 08:58:28,FALSE,PLOG6,A,FALSE,FALSE,TRUE,tamandua,false,,
River Logs,06250065.AVI,Organized_data_Nov_2020\PLOG6\on_log\tamandua, 2020-06-25 09:04:14,FALSE,PLOG6,A,FALSE,FALSE,TRUE,tamandua,true,,
River Logs,EK000014.AVI,Organized_data_Nov_2020\CLOG9\nothing, 2020-06-25 09:15:30,FALSE,CLOG9,A,TRUE,FALSE,FALSE,nothing,false,,
River Logs,06250066.AVI,Organized_data_Nov_2020\PLOG6\on_log\bird, 2020-06-25 10:22:16,FALSE,PLOG6,A,FALSE,FALSE,TRUE,bird,false,,
River Logs,06250067.AVI,Organized_data_Nov_2020\PLOG6\on_log\bird, 2020-06-25 10:42:32,FALSE,PLOG6,A,FALSE,FALSE,TRUE,bird,false,,
River Logs,EK000042.AVI,Organized_data_Nov_2020\CLOG4\nothing, 2020-06-25 11:02:14,FALSE,CLOG4,A,TRUE,FALSE,FALSE,nothing,false,,
River Logs,EK000074.AVI,Organized_data_Nov_2020\PLOG3\B\on_log\coati, 2020-06-25 11:12:06,FALSE,PLOG3,B,FALSE,FALSE,TRUE,coati,true,,
River Logs,RCNX0077.AVI,Organized_data_Nov_2020\PLOG5\B\on_log\tayra, 2020-06-25 11:49:16,FALSE,PLOG5,B,FALSE,FALSE,TRUE,tayra,true,,
River Logs,EK000043.AVI,Organized_data_Nov_2020\CLOG4\nothing, 2020-06-25 13:10:22,FALSE,CLOG4,A,TRUE,FALSE,FALSE,nothing,false,,
River Logs,06250128.AVI,Organized_data_Nov_2020\CLOG2\on_log\lizard_uid, 2020-06-25 13:39:36,FALSE,CLOG2,A,FALSE,FALSE,TRUE,lizard_uid,false,,
River Logs,06250129.AVI,Organized_data_Nov_2020\CLOG2\nothing, 2020-06-25 13:40:52,FALSE,CLOG2,A,TRUE,FALSE,FALSE,nothing,false,,
River Logs,06250130.AVI,Organized_data_Nov_2020\CLOG2\nothing, 2020-06-25 14:08:28,FALSE,CLOG2,A,TRUE,FALSE,FALSE,nothing,false,,
River Logs,06250048.AVI,Organized_data_Nov_2020\PLOG5\A\on_log\squirrel_monkey, 2020-06-25 14:12:10,FALSE,PLOG5,A,FALSE,FALSE,TRUE,squirrel_monkey,true,,
River Logs,RCNX0078.AVI,Organized_data_Nov_2020\PLOG5\B\on_log\squirrel_monkey, 2020-06-25 14:12:38,FALSE,PLOG5,B,FALSE,FALSE,TRUE,squirrel_monkey,true,,
River Logs,06250131.AVI,Organized_data_Nov_2020\CLOG2\nothing, 2020-06-25 14:15:40,FALSE,CLOG2,A,TRUE,FALSE,FALSE,nothing,false,,
River Logs,06250132.AVI,Organized_data_Nov_2020\CLOG2\nothing, 2020-06-25 14:18:22,FALSE,CLOG2,A,TRUE,FALSE,FALSE,nothing,false,,
River Logs,EK000141.AVI,Organized_data_Nov_2020\PLOG2\A\nothing, 2020-06-25 14:26:22,FALSE,PLOG2,A,TRUE,FALSE,FALSE,nothing,false,,
River Logs,06250133.AVI,Organized_data_Nov_2020\CLOG2\nothing, 2020-06-25 14:29:06,FALSE,CLOG2,A,TRUE,FALSE,FALSE,nothing,false,,
River Logs,06250134.AVI,Organized_data_Nov_2020\CLOG2\on_log\lizard_uid, 2020-06-25 14:40:46,FALSE,CLOG2,A,FALSE,FALSE,TRUE,lizard_uid,false,,
River Logs,06250135.AVI,Organized_data_Nov_2020\CLOG2\on_log\lizard_uid, 2020-06-25 14:42:42,FALSE,CLOG2,A,FALSE,FALSE,TRUE,lizard_uid,false,,
River Logs,06250136.AVI,Organized_data_Nov_2020\CLOG2\on_log\lizard_uid, 2020-06-25 14:44:40,FALSE,CLOG2,A,FALSE,FALSE,TRUE,lizard_uid,false,,
River Logs,06250137.AVI,Organized_data_Nov_2020\CLOG2\on_log\lizard_uid, 2020-06-25 14:52:56,FALSE,CLOG2,A,FALSE,FALSE,TRUE,lizard_uid,false,,
River Logs,06250138.AVI,Organized_data_Nov_2020\CLOG2\on_log\lizard_uid, 2020-06-25 14:57:26,FALSE,CLOG2,A,FALSE,FALSE,TRUE,lizard_uid,false,,
River Logs,06250139.AVI,Organized_data_Nov_2020\CLOG2\on_log\lizard_uid, 2020-06-25 15:05:58,FALSE,CLOG2,A,FALSE,FALSE,TRUE,lizard_uid,false,,
River Logs,06250140.AVI,Organized_data_Nov_2020\CLOG2\on_log\lizard_uid, 2020-06-25 15:09:20,FALSE,CLOG2,A,FALSE,FALSE,TRUE,lizard_uid,false,,
River Logs,06250141.AVI,Organized_data_Nov_2020\CLOG2\on_log\lizard_uid, 2020-06-25 15:10:18,FALSE,CLOG2,A,FALSE,FALSE,TRUE,lizard_uid,false,,
River Logs,06250142.AVI,Organized_data_Nov_2020\CLOG2\on_log\lizard_uid, 2020-06-25 15:16:20,FALSE,CLOG2,A,FALSE,FALSE,TRUE,lizard_uid,false,,
River Logs,06250143.AVI,Organized_data_Nov_2020\CLOG2\on_log\lizard_uid, 2020-06-25 15:24:34,FALSE,CLOG2,A,FALSE,FALSE,TRUE,lizard_uid,false,,
River Logs,06250144.AVI,Organized_data_Nov_2020\CLOG2\on_log\lizard_uid, 2020-06-25 15:27:50,FALSE,CLOG2,A,FALSE,FALSE,TRUE,lizard_uid,false,,
River Logs,06250145.AVI,Organized_data_Nov_2020\CLOG2\on_log\lizard_uid, 2020-06-25 15:30:00,FALSE,CLOG2,A,FALSE,FALSE,TRUE,lizard_uid,false,,
River Logs,06250146.AVI,Organized_data_Nov_2020\CLOG2\on_log\lizard_uid, 2020-06-25 15:33:28,FALSE,CLOG2,A,FALSE,FALSE,TRUE,lizard_uid,false,,
River Logs,06250044.AVI,Organized_data_Nov_2020\CLOG1\people, 2020-06-25 18:52:48,FALSE,CLOG1,A,FALSE,FALSE,FALSE,people,false,,
River Logs,06250045.AVI,Organized_data_Nov_2020\CLOG1\people, 2020-06-25 18:55:50,FALSE,CLOG1,A,FALSE,FALSE,FALSE,people,false,,
River Logs,06250046.AVI,Organized_data_Nov_2020\CLOG1\people, 2020-06-25 19:11:12,FALSE,CLOG1,A,FALSE,FALSE,FALSE,people,false,,
River Logs,06250047.AVI,Organized_data_Nov_2020\CLOG1\people, 2020-06-25 19:14:54,FALSE,CLOG1,A,FALSE,FALSE,FALSE,people,false,,
River Logs,EK000142.AVI,Organized_data_Nov_2020\PLOG2\A\nothing, 2020-06-25 20:37:32,FALSE,PLOG2,A,TRUE,FALSE,FALSE,nothing,false,,
River Logs,RCNX0079.AVI,Organized_data_Nov_2020\PLOG5\B\on_log\opossum_common, 2020-06-25 21:15:22,FALSE,PLOG5,B,FALSE,FALSE,TRUE,opossum_common,true,,
River Logs,06250147.AVI,Organized_data_Nov_2020\CLOG2\on_log\opossum_common, 2020-06-25 21:22:30,FALSE,CLOG2,A,FALSE,FALSE,TRUE,opossum_common,true,,
River Logs,06250068.AVI,Organized_data_Nov_2020\PLOG6\on_log\opossum_water, 2020-06-25 21:32:46,FALSE,PLOG6,A,FALSE,FALSE,TRUE,opossum_water,false,,
River Logs,EK000010.AVI,Organized_data_Nov_2020\PLOG2\A\nothing, 2020-06-26 00:18:34,FALSE,PLOG2,A,TRUE,FALSE,FALSE,nothing,false,,
River Logs,06250048.AVI,Organized_data_Nov_2020\CLOG1\on_log\opossum_foureyed, 2020-06-26 01:04:52,FALSE,CLOG1,A,FALSE,FALSE,TRUE,opossum_foureyed,true,,
River Logs,EK000017.AVI,Organized_data_Nov_2020\PLOG7\B\nothing, 2020-06-26 01:34:10,FALSE,PLOG7,B,TRUE,FALSE,FALSE,nothing,false,,
River Logs,EK000075.AVI,Organized_data_Nov_2020\PLOG3\B\nothing, 2020-06-26 02:56:50,FALSE,PLOG3,B,TRUE,FALSE,FALSE,nothing,false,,
River Logs,RCNX0033.AVI,Organized_data_Nov_2020\CLOG7\on_log\opossum_common, 2020-06-26 03:14:08,FALSE,CLOG7,A,FALSE,FALSE,TRUE,opossum_common,true,,
River Logs,06260049.AVI,Organized_data_Nov_2020\PLOG5\A\on_log\skunk_striped, 2020-06-26 03:21:36,FALSE,PLOG5,A,FALSE,FALSE,TRUE,skunk_striped,true,,
River Logs,RCNX0080.AVI,Organized_data_Nov_2020\PLOG5\B\nothing, 2020-06-26 03:23:58,FALSE,PLOG5,B,TRUE,FALSE,FALSE,nothing,false,,
River Logs,EK000143.AVI,Organized_data_Nov_2020\PLOG2\A\on_log\paca, 2020-06-26 03:44:42,FALSE,PLOG2,A,FALSE,FALSE,TRUE,paca,false,urinating,
River Logs,EK000144.AVI,Organized_data_Nov_2020\PLOG2\A\on_log\tamandua, 2020-06-26 04:09:56,FALSE,PLOG2,A,FALSE,FALSE,TRUE,tamandua,false,,
River Logs,06260050.AVI,Organized_data_Nov_2020\PLOG5\A\on_log\skunk_striped, 2020-06-26 04:35:34,FALSE,PLOG5,A,FALSE,FALSE,TRUE,skunk_striped,true,marking,
River Logs,RCNX0081.AVI,Organized_data_Nov_2020\PLOG5\B\on_log\skunk_striped, 2020-06-26 04:36:22,FALSE,PLOG5,B,FALSE,FALSE,TRUE,skunk_striped,true,,
River Logs,06260016.MP4,Organized_data_Nov_2020\CLOG8\B\off_log\paca, 2020-06-26 05:18:28,FALSE,CLOG8,B,FALSE,FALSE,FALSE,paca,false,in river,
River Logs,RCNX0034.AVI,Organized_data_Nov_2020\CLOG7\on_log\opossum_common, 2020-06-26 05:32:52,FALSE,CLOG7,A,FALSE,FALSE,TRUE,opossum_common,true,,
River Logs,RCNX0035.AVI,Organized_data_Nov_2020\CLOG7\on_log\opossum_common, 2020-06-26 05:35:02,FALSE,CLOG7,A,FALSE,FALSE,TRUE,opossum_common,true,,
River Logs,EK000011.AVI,Organized_data_Nov_2020\PLOG2\B\on_log\tamandua, 2020-06-26 05:37:26,FALSE,PLOG2,B,FALSE,FALSE,TRUE,tamandua,true,,
River Logs,EK000145.AVI,Organized_data_Nov_2020\PLOG2\A\nothing, 2020-06-26 05:42:10,FALSE,PLOG2,A,TRUE,FALSE,FALSE,nothing,false,,
River Logs,EK000044.AVI,Organized_data_Nov_2020\CLOG4\on_log\tamandua, 2020-06-26 05:43:02,FALSE,CLOG4,A,FALSE,FALSE,TRUE,tamandua,false,,
River Logs,EK000146.AVI,Organized_data_Nov_2020\PLOG2\A\nothing, 2020-06-26 06:26:48,FALSE,PLOG2,A,TRUE,FALSE,FALSE,nothing,false,,
River Logs,EK000147.AVI,Organized_data_Nov_2020\PLOG2\A\on_log\coati, 2020-06-26 10:06:50,FALSE,PLOG2,A,FALSE,FALSE,TRUE,coati,true,,
River Logs,EK000012.AVI,Organized_data_Nov_2020\PLOG2\B\on_log\coati, 2020-06-26 10:07:04,FALSE,PLOG2,B,FALSE,FALSE,TRUE,coati,true,,
River Logs,EK000045.AVI,Organized_data_Nov_2020\CLOG4\nothing, 2020-06-26 13:20:50,FALSE,CLOG4,A,TRUE,FALSE,FALSE,nothing,false,,
River Logs,EK000148.AVI,Organized_data_Nov_2020\PLOG2\A\on_log\tayra, 2020-06-26 17:30:50,FALSE,PLOG2,A,FALSE,FALSE,TRUE,tayra,false,,
River Logs,06260017.MP4,Organized_data_Nov_2020\CLOG8\B\nothing, 2020-06-26 18:32:08,FALSE,CLOG8,B,TRUE,FALSE,FALSE,nothing,false,,
River Logs,EK000076.AVI,Organized_data_Nov_2020\PLOG3\B\nothing, 2020-06-26 21:13:24,FALSE,PLOG3,B,TRUE,FALSE,FALSE,nothing,false,,
River Logs,RCNX0082.AVI,Organized_data_Nov_2020\PLOG5\B\on_log\skunk_striped, 2020-06-26 21:20:46,FALSE,PLOG5,B,FALSE,FALSE,TRUE,skunk_striped,true,marking,
River Logs,06260051.AVI,Organized_data_Nov_2020\PLOG5\A\on_log\skunk_striped, 2020-06-26 21:20:52,FALSE,PLOG5,A,FALSE,FALSE,TRUE,skunk_striped,false,marking,
River Logs,RCNX0036.AVI,Organized_data_Nov_2020\CLOG7\on_log\opossum_common, 2020-06-26 22:04:16,FALSE,CLOG7,A,FALSE,FALSE,TRUE,opossum_common,false,,
River Logs,PICT0017.AVI,Organized_data_Nov_2020\CLOG3\B\people, 2020-06-26 23:01:20,FALSE,CLOG3,B,FALSE,FALSE,FALSE,people,false,,
River Logs,06260041.AVI,Organized_data_Nov_2020\CLOG3\A\people, 2020-06-26 23:01:26,FALSE,CLOG3,A,FALSE,FALSE,FALSE,people,false,,
River Logs,06260042.AVI,Organized_data_Nov_2020\CLOG3\A\people, 2020-06-26 23:02:16,FALSE,CLOG3,A,FALSE,FALSE,FALSE,people,false,,
River Logs,06260043.AVI,Organized_data_Nov_2020\CLOG3\A\people, 2020-06-26 23:03:10,FALSE,CLOG3,A,FALSE,FALSE,FALSE,people,false,,
River Logs,06260005.AVI,Organized_data_Nov_2020\CLOG5\B\people, 2020-06-27 00:14:50,FALSE,CLOG5,B,FALSE,FALSE,FALSE,people,false,hunting,
River Logs,PICT0018.AVI,Organized_data_Nov_2020\CLOG3\B\nothing, 2020-06-27 00:56:46,FALSE,CLOG3,B,TRUE,FALSE,FALSE,nothing,false,,
River Logs,06260044.AVI,Organized_data_Nov_2020\CLOG3\A\on_log\tamandua, 2020-06-27 00:56:54,FALSE,CLOG3,A,FALSE,FALSE,TRUE,tamandua,true,,
River Logs,06260052.AVI,Organized_data_Nov_2020\PLOG5\A\off_log\uid, 2020-06-27 01:10:32,FALSE,PLOG5,A,FALSE,FALSE,FALSE,uid,false,,
River Logs,EK000077.AVI,Organized_data_Nov_2020\PLOG3\B\nothing, 2020-06-27 01:29:44,FALSE,PLOG3,B,TRUE,FALSE,FALSE,nothing,false,,
River Logs,EK000014.AVI,Organized_data_Nov_2020\PLOG2\B\on_log\tamandua, 2020-06-27 02:07:16,FALSE,PLOG2,B,FALSE,FALSE,TRUE,tamandua,true,,
River Logs,EK000149.AVI,Organized_data_Nov_2020\PLOG2\A\on_log\tamandua, 2020-06-27 02:08:18,FALSE,PLOG2,A,FALSE,FALSE,TRUE,tamandua,false,,
River Logs,EK000015.AVI,Organized_data_Nov_2020\PLOG2\B\nothing, 2020-06-27 02:24:24,FALSE,PLOG2,B,TRUE,FALSE,FALSE,nothing,false,,
River Logs,EK000150.AVI,Organized_data_Nov_2020\PLOG2\A\nothing, 2020-06-27 02:24:24,FALSE,PLOG2,A,TRUE,FALSE,FALSE,nothing,false,,
River Logs,06270053.AVI,Organized_data_Nov_2020\PLOG5\A\on_log\skunk_striped, 2020-06-27 03:19:58,FALSE,PLOG5,A,FALSE,FALSE,TRUE,skunk_striped,true,,
River Logs,RCNX0083.AVI,Organized_data_Nov_2020\PLOG5\B\on_log\skunk_striped, 2020-06-27 03:20:42,FALSE,PLOG5,B,FALSE,FALSE,TRUE,skunk_striped,true,,
River Logs,EK000016.AVI,Organized_data_Nov_2020\PLOG2\B\on_log\ocelot, 2020-06-27 04:11:22,FALSE,PLOG2,B,FALSE,FALSE,TRUE,ocelot,true,,
River Logs,06270069.AVI,Organized_data_Nov_2020\PLOG6\nothing, 2020-06-27 04:12:16,FALSE,PLOG6,A,TRUE,FALSE,FALSE,nothing,false,,
River Logs,EK000046.AVI,Organized_data_Nov_2020\CLOG4\on_log\opossum_common, 2020-06-27 04:34:20,FALSE,CLOG4,A,FALSE,FALSE,TRUE,opossum_common,true,,
River Logs,RCNX0037.AVI,Organized_data_Nov_2020\CLOG7\on_log\opossum_common, 2020-06-27 05:25:18,FALSE,CLOG7,A,FALSE,FALSE,TRUE,opossum_common,true,,
River Logs,06270054.AVI,Organized_data_Nov_2020\PLOG5\A\nothing, 2020-06-27 05:34:20,FALSE,PLOG5,A,TRUE,FALSE,FALSE,nothing,false,,
River Logs,06270148.AVI,Organized_data_Nov_2020\CLOG2\on_log\tamandua, 2020-06-27 05:36:32,FALSE,CLOG2,A,FALSE,FALSE,TRUE,tamandua,true,,
River Logs,EK000015.AVI,Organized_data_Nov_2020\CLOG9\nothing, 2020-06-27 08:09:20,FALSE,CLOG9,A,TRUE,FALSE,FALSE,nothing,false,,
River Logs,RCNX0084.AVI,Organized_data_Nov_2020\PLOG5\B\on_log\tayra, 2020-06-27 10:13:30,FALSE,PLOG5,B,FALSE,FALSE,TRUE,tayra,true,,
River Logs,EK000151.AVI,Organized_data_Nov_2020\PLOG2\A\on_log\uid, 2020-06-27 13:48:08,FALSE,PLOG2,A,FALSE,FALSE,TRUE,uid,false,,
River Logs,EK000047.AVI,Organized_data_Nov_2020\CLOG4\on_log\tamandua, 2020-06-27 13:58:30,FALSE,CLOG4,A,FALSE,FALSE,TRUE,tamandua,false,,
River Logs,EK000018.AVI,Organized_data_Nov_2020\PLOG7\B\nothing, 2020-06-27 14:20:38,FALSE,PLOG7,B,TRUE,FALSE,FALSE,nothing,false,,
River Logs,06270149.AVI,Organized_data_Nov_2020\CLOG2\nothing, 2020-06-27 14:38:06,FALSE,CLOG2,A,TRUE,FALSE,FALSE,nothing,false,,
River Logs,06270150.AVI,Organized_data_Nov_2020\CLOG2\nothing, 2020-06-27 14:44:18,FALSE,CLOG2,A,TRUE,FALSE,FALSE,nothing,false,,
River Logs,06270055.AVI,Organized_data_Nov_2020\PLOG5\A\nothing, 2020-06-27 15:00:16,FALSE,PLOG5,A,TRUE,FALSE,FALSE,nothing,false,,
River Logs,06270151.AVI,Organized_data_Nov_2020\CLOG2\off_log\lizard_uid, 2020-06-27 17:34:44,FALSE,CLOG2,A,FALSE,FALSE,FALSE,lizard_uid,false,,
River Logs,06270152.AVI,Organized_data_Nov_2020\CLOG2\on_log\bird, 2020-06-27 18:33:12,FALSE,CLOG2,A,FALSE,FALSE,TRUE,bird,false,,
River Logs,06270153.AVI,Organized_data_Nov_2020\CLOG2\on_log\bird, 2020-06-27 18:33:58,FALSE,CLOG2,A,FALSE,FALSE,TRUE,bird,false,,
River Logs,06270049.AVI,Organized_data_Nov_2020\CLOG1\nothing, 2020-06-27 22:19:02,FALSE,CLOG1,A,TRUE,FALSE,FALSE,nothing,false,,
River Logs,06270050.AVI,Organized_data_Nov_2020\CLOG1\nothing, 2020-06-27 22:25:56,FALSE,CLOG1,A,TRUE,FALSE,FALSE,nothing,false,,
River Logs,RCNX0038.AVI,Organized_data_Nov_2020\CLOG7\on_log\opossum_common, 2020-06-27 22:49:04,FALSE,CLOG7,A,FALSE,FALSE,TRUE,opossum_common,true,,
River Logs,RCNX0039.AVI,Organized_data_Nov_2020\CLOG7\on_log\opossum_common, 2020-06-27 22:49:46,FALSE,CLOG7,A,FALSE,FALSE,TRUE,opossum_common,true,,
River Logs,EK000016.AVI,Organized_data_Nov_2020\CLOG9\nothing, 2020-06-28 00:16:30,FALSE,CLOG9,A,TRUE,FALSE,FALSE,nothing,false,,
River Logs,06280006.AVI,Organized_data_Nov_2020\CLOG5\B\on_log\tamandua, 2020-06-28 06:54:22,FALSE,CLOG5,B,FALSE,FALSE,TRUE,tamandua,true,,
River Logs,06280070.AVI,Organized_data_Nov_2020\PLOG6\on_log\agouti, 2020-06-28 09:41:38,FALSE,PLOG6,A,FALSE,FALSE,TRUE,agouti,true,,
River Logs,06280154.AVI,Organized_data_Nov_2020\CLOG2\nothing, 2020-06-28 10:55:06,FALSE,CLOG2,A,TRUE,FALSE,FALSE,nothing,false,,
River Logs,06280155.AVI,Organized_data_Nov_2020\CLOG2\on_log\lizard_uid, 2020-06-28 11:04:44,FALSE,CLOG2,A,FALSE,FALSE,TRUE,lizard_uid,false,,
River Logs,06280051.AVI,Organized_data_Nov_2020\CLOG1\nothing, 2020-06-28 11:38:20,FALSE,CLOG1,A,TRUE,FALSE,FALSE,nothing,false,,
River Logs,06280156.AVI,Organized_data_Nov_2020\CLOG2\on_log\lizard_uid, 2020-06-28 12:28:52,FALSE,CLOG2,A,FALSE,FALSE,TRUE,lizard_uid,false,,
River Logs,06280157.AVI,Organized_data_Nov_2020\CLOG2\on_log\lizard_uid, 2020-06-28 12:31:00,FALSE,CLOG2,A,FALSE,FALSE,TRUE,lizard_uid,false,,
River Logs,RCNX0085.AVI,Organized_data_Nov_2020\PLOG5\B\on_log\tayra, 2020-06-28 18:20:22,FALSE,PLOG5,B,FALSE,FALSE,TRUE,tayra,true,,
River Logs,RCNX0040.AVI,Organized_data_Nov_2020\CLOG7\on_log\opossum_common, 2020-06-28 22:36:24,FALSE,CLOG7,A,FALSE,FALSE,TRUE,opossum_common,true,,
River Logs,EK000078.AVI,Organized_data_Nov_2020\PLOG3\B\nothing, 2020-06-28 22:41:40,FALSE,PLOG3,B,TRUE,FALSE,FALSE,nothing,false,,
River Logs,EK000079.AVI,Organized_data_Nov_2020\PLOG3\B\nothing, 2020-06-28 22:53:02,FALSE,PLOG3,B,TRUE,FALSE,FALSE,nothing,false,,
River Logs,06280158.AVI,Organized_data_Nov_2020\CLOG2\on_log\rodent, 2020-06-28 23:07:20,FALSE,CLOG2,A,FALSE,FALSE,TRUE,rodent,true,,
River Logs,RCNX0041.AVI,Organized_data_Nov_2020\CLOG7\on_log\opossum_common, 2020-06-28 23:24:44,FALSE,CLOG7,A,FALSE,FALSE,TRUE,opossum_common,true,,
River Logs,EK000017.AVI,Organized_data_Nov_2020\PLOG2\B\nothing, 2020-06-29 00:12:46,FALSE,PLOG2,B,TRUE,FALSE,FALSE,nothing,false,,
River Logs,EK000152.AVI,Organized_data_Nov_2020\PLOG2\A\nothing, 2020-06-29 00:12:56,FALSE,PLOG2,A,TRUE,FALSE,FALSE,nothing,false,,
River Logs,EK000153.AVI,Organized_data_Nov_2020\PLOG2\A\on_log\tamandua, 2020-06-29 03:00:30,FALSE,PLOG2,A,FALSE,FALSE,TRUE,tamandua,true,,
River Logs,06290007.AVI,Organized_data_Nov_2020\CLOG5\B\nothing, 2020-06-29 05:38:52,FALSE,CLOG5,B,TRUE,FALSE,FALSE,nothing,false,,
River Logs,06290071.AVI,Organized_data_Nov_2020\PLOG6\on_log\skunk_striped, 2020-06-29 05:47:54,FALSE,PLOG6,A,FALSE,FALSE,TRUE,skunk_striped,true,marking,
River Logs,06290072.AVI,Organized_data_Nov_2020\PLOG6\nothing, 2020-06-29 06:23:44,FALSE,PLOG6,A,TRUE,FALSE,FALSE,nothing,false,,
River Logs,06290045.AVI,Organized_data_Nov_2020\CLOG3\A\on_log\bird, 2020-06-29 09:24:44,FALSE,CLOG3,A,FALSE,FALSE,TRUE,bird,false,,
River Logs,EK000018.AVI,Organized_data_Nov_2020\PLOG2\B\on_log\coati, 2020-06-29 09:59:22,FALSE,PLOG2,B,FALSE,FALSE,TRUE,coati,true,,
River Logs,EK000154.AVI,Organized_data_Nov_2020\PLOG2\A\on_log\uid, 2020-06-29 09:59:22,FALSE,PLOG2,A,FALSE,FALSE,TRUE,uid,false,,
River Logs,06290159.AVI,Organized_data_Nov_2020\CLOG2\on_log\lizard_uid, 2020-06-29 11:57:10,FALSE,CLOG2,A,FALSE,FALSE,TRUE,lizard_uid,false,,
River Logs,06290160.AVI,Organized_data_Nov_2020\CLOG2\on_log\lizard_uid, 2020-06-29 11:58:08,FALSE,CLOG2,A,FALSE,FALSE,TRUE,lizard_uid,false,,
River Logs,06290161.AVI,Organized_data_Nov_2020\CLOG2\on_log\lizard_uid, 2020-06-29 11:59:06,FALSE,CLOG2,A,FALSE,FALSE,TRUE,lizard_uid,false,,
River Logs,06290162.AVI,Organized_data_Nov_2020\CLOG2\on_log\lizard_uid, 2020-06-29 12:01:24,FALSE,CLOG2,A,FALSE,FALSE,TRUE,lizard_uid,false,,
River Logs,06290163.AVI,Organized_data_Nov_2020\CLOG2\on_log\iguana_green, 2020-06-29 12:05:34,FALSE,CLOG2,A,FALSE,FALSE,TRUE,iguana_green,false,,
River Logs,06290164.AVI,Organized_data_Nov_2020\CLOG2\on_log\lizard_uid, 2020-06-29 12:36:22,FALSE,CLOG2,A,FALSE,FALSE,TRUE,lizard_uid,false,,
River Logs,EK000019.AVI,Organized_data_Nov_2020\PLOG2\B\on_log\coati, 2020-06-29 12:41:26,FALSE,PLOG2,B,FALSE,FALSE,TRUE,coati,true,,
River Logs,06290165.AVI,Organized_data_Nov_2020\CLOG2\on_log\lizard_uid, 2020-06-29 12:49:44,FALSE,CLOG2,A,FALSE,FALSE,TRUE,lizard_uid,false,,
River Logs,06290166.AVI,Organized_data_Nov_2020\CLOG2\nothing, 2020-06-29 13:02:54,FALSE,CLOG2,A,TRUE,FALSE,FALSE,nothing,false,,
River Logs,06290167.AVI,Organized_data_Nov_2020\CLOG2\nothing, 2020-06-29 13:19:44,FALSE,CLOG2,A,TRUE,FALSE,FALSE,nothing,false,,
River Logs,06290168.AVI,Organized_data_Nov_2020\CLOG2\nothing, 2020-06-29 13:27:56,FALSE,CLOG2,A,TRUE,FALSE,FALSE,nothing,false,,
River Logs,06290169.AVI,Organized_data_Nov_2020\CLOG2\on_log\lizard_uid, 2020-06-29 13:29:02,FALSE,CLOG2,A,FALSE,FALSE,TRUE,lizard_uid,false,,
River Logs,06290170.AVI,Organized_data_Nov_2020\CLOG2\on_log\lizard_uid, 2020-06-29 13:32:42,FALSE,CLOG2,A,FALSE,FALSE,TRUE,lizard_uid,false,,
River Logs,06290171.AVI,Organized_data_Nov_2020\CLOG2\nothing, 2020-06-29 13:43:42,FALSE,CLOG2,A,TRUE,FALSE,FALSE,nothing,false,,
River Logs,06290172.AVI,Organized_data_Nov_2020\CLOG2\on_log\lizard_uid, 2020-06-29 14:02:10,FALSE,CLOG2,A,FALSE,FALSE,TRUE,lizard_uid,false,,
River Logs,06290052.AVI,Organized_data_Nov_2020\CLOG1\nothing, 2020-06-29 14:14:34,FALSE,CLOG1,A,TRUE,FALSE,FALSE,nothing,false,,
River Logs,06290173.AVI,Organized_data_Nov_2020\CLOG2\nothing, 2020-06-29 14:44:54,FALSE,CLOG2,A,TRUE,FALSE,FALSE,nothing,false,,
River Logs,06290174.AVI,Organized_data_Nov_2020\CLOG2\nothing, 2020-06-29 14:45:48,FALSE,CLOG2,A,TRUE,FALSE,FALSE,nothing,false,,
River Logs,06290056.AVI,Organized_data_Nov_2020\PLOG5\A\nothing, 2020-06-29 15:04:30,FALSE,PLOG5,A,TRUE,FALSE,FALSE,nothing,false,,
River Logs,RCNX0086.AVI,Organized_data_Nov_2020\PLOG5\B\on_log\coati, 2020-06-29 15:14:30,FALSE,PLOG5,B,FALSE,FALSE,TRUE,coati,true,,
River Logs,06290175.AVI,Organized_data_Nov_2020\CLOG2\nothing, 2020-06-29 15:42:52,FALSE,CLOG2,A,TRUE,FALSE,FALSE,nothing,false,,
River Logs,RCNX0087.AVI,Organized_data_Nov_2020\PLOG5\B\nothing, 2020-06-29 15:58:04,FALSE,PLOG5,B,TRUE,FALSE,FALSE,nothing,false,,
River Logs,06290176.AVI,Organized_data_Nov_2020\CLOG2\on_log\lizard_uid, 2020-06-29 16:10:56,FALSE,CLOG2,A,FALSE,FALSE,TRUE,lizard_uid,false,,
River Logs,RCNX0042.AVI,Organized_data_Nov_2020\CLOG7\on_log\coati, 2020-06-29 19:38:06,FALSE,CLOG7,A,FALSE,FALSE,TRUE,coati,true,marking,
River Logs,RCNX0043.AVI,Organized_data_Nov_2020\CLOG7\on_log\opossum_common, 2020-06-29 20:58:40,FALSE,CLOG7,A,FALSE,FALSE,TRUE,opossum_common,true,,
River Logs,06290073.AVI,Organized_data_Nov_2020\PLOG6\on_log\skunk_striped, 2020-06-29 21:41:36,FALSE,PLOG6,A,FALSE,FALSE,TRUE,skunk_striped,true,marking,
River Logs,EK000080.AVI,Organized_data_Nov_2020\PLOG3\B\nothing, 2020-06-29 21:58:34,FALSE,PLOG3,B,TRUE,FALSE,FALSE,nothing,false,,
River Logs,EK000081.AVI,Organized_data_Nov_2020\PLOG3\B\nothing, 2020-06-29 22:26:36,FALSE,PLOG3,B,TRUE,FALSE,FALSE,nothing,false,,
River Logs,06300177.AVI,Organized_data_Nov_2020\CLOG2\on_log\rodent, 2020-06-30 02:15:24,FALSE,CLOG2,A,FALSE,FALSE,TRUE,rodent,true,,
River Logs,06300053.AVI,Organized_data_Nov_2020\CLOG1\nothing, 2020-06-30 02:32:38,FALSE,CLOG1,A,TRUE,FALSE,FALSE,nothing,false,,
River Logs,RCNX0044.AVI,Organized_data_Nov_2020\CLOG7\on_log\tamandua, 2020-06-30 02:59:02,FALSE,CLOG7,A,FALSE,FALSE,TRUE,tamandua,true,,
River Logs,06300046.AVI,Organized_data_Nov_2020\CLOG3\A\on_log\tamandua, 2020-06-30 03:05:20,FALSE,CLOG3,A,FALSE,FALSE,TRUE,tamandua,true,,
River Logs,EK000048.AVI,Organized_data_Nov_2020\CLOG4\on_log\tamandua, 2020-06-30 03:33:22,FALSE,CLOG4,A,FALSE,FALSE,TRUE,tamandua,true,,
River Logs,06300057.AVI,Organized_data_Nov_2020\PLOG5\A\off_log\uid, 2020-06-30 05:57:42,FALSE,PLOG5,A,FALSE,FALSE,FALSE,paca,false,,
River Logs,EK000020.AVI,Organized_data_Nov_2020\PLOG2\B\on_log\tamandua, 2020-06-30 07:17:26,FALSE,PLOG2,B,FALSE,FALSE,TRUE,tamandua,true,,
River Logs,06300008.AVI,Organized_data_Nov_2020\CLOG5\B\on_log\coati, 2020-06-30 08:22:24,FALSE,CLOG5,B,FALSE,FALSE,TRUE,coati,true,,
River Logs,06300009.AVI,Organized_data_Nov_2020\CLOG5\B\on_log\coati, 2020-06-30 08:37:36,FALSE,CLOG5,B,FALSE,FALSE,TRUE,coati,true,,
River Logs,06300074.AVI,Organized_data_Nov_2020\PLOG6\nothing, 2020-06-30 10:38:10,FALSE,PLOG6,A,TRUE,FALSE,FALSE,nothing,false,,
River Logs,06300047.AVI,Organized_data_Nov_2020\CLOG3\A\nothing, 2020-06-30 10:58:26,FALSE,CLOG3,A,TRUE,FALSE,FALSE,nothing,false,,
River Logs,EK000019.AVI,Organized_data_Nov_2020\PLOG7\B\on_log\bird, 2020-06-30 11:14:54,FALSE,PLOG7,B,FALSE,FALSE,TRUE,bird,false,,
River Logs,06300048.AVI,Organized_data_Nov_2020\CLOG3\A\on_log\iguana_green, 2020-06-30 11:19:00,FALSE,CLOG3,A,FALSE,FALSE,TRUE,iguana_green,false,,
River Logs,06300058.AVI,Organized_data_Nov_2020\PLOG5\A\on_log\lizard_uid, 2020-06-30 11:20:18,FALSE,PLOG5,A,FALSE,FALSE,TRUE,lizard_uid,false,,
River Logs,06300059.AVI,Organized_data_Nov_2020\PLOG5\A\on_log\lizard_uid, 2020-06-30 11:21:32,FALSE,PLOG5,A,FALSE,FALSE,TRUE,lizard_uid,false,,
River Logs,06300178.AVI,Organized_data_Nov_2020\CLOG2\nothing, 2020-06-30 12:28:40,FALSE,CLOG2,A,TRUE,FALSE,FALSE,nothing,false,,
River Logs,06300179.AVI,Organized_data_Nov_2020\CLOG2\nothing, 2020-06-30 12:30:36,FALSE,CLOG2,A,TRUE,FALSE,FALSE,nothing,false,,
River Logs,06300049.AVI,Organized_data_Nov_2020\CLOG3\A\on_log\bird, 2020-06-30 12:52:18,FALSE,CLOG3,A,FALSE,FALSE,TRUE,bird,false,,
River Logs,06300180.AVI,Organized_data_Nov_2020\CLOG2\nothing, 2020-06-30 13:45:14,FALSE,CLOG2,A,TRUE,FALSE,FALSE,nothing,false,,
River Logs,06300181.AVI,Organized_data_Nov_2020\CLOG2\nothing, 2020-06-30 13:48:14,FALSE,CLOG2,A,TRUE,FALSE,FALSE,nothing,false,,
River Logs,06300182.AVI,Organized_data_Nov_2020\CLOG2\nothing, 2020-06-30 14:07:36,FALSE,CLOG2,A,TRUE,FALSE,FALSE,nothing,false,,
River Logs,06300183.AVI,Organized_data_Nov_2020\CLOG2\nothing, 2020-06-30 14:31:10,FALSE,CLOG2,A,TRUE,FALSE,FALSE,nothing,false,,
River Logs,EK000155.AVI,Organized_data_Nov_2020\PLOG2\A\nothing, 2020-06-30 14:32:48,FALSE,PLOG2,A,TRUE,FALSE,FALSE,nothing,false,,
River Logs,06300184.AVI,Organized_data_Nov_2020\CLOG2\nothing, 2020-06-30 14:32:56,FALSE,CLOG2,A,TRUE,FALSE,FALSE,nothing,false,,
River Logs,06300185.AVI,Organized_data_Nov_2020\CLOG2\nothing, 2020-06-30 14:33:42,FALSE,CLOG2,A,TRUE,FALSE,FALSE,nothing,false,,
River Logs,EK000156.AVI,Organized_data_Nov_2020\PLOG2\A\nothing, 2020-06-30 14:34:48,FALSE,PLOG2,A,TRUE,FALSE,FALSE,nothing,false,,
River Logs,06300186.AVI,Organized_data_Nov_2020\CLOG2\nothing, 2020-06-30 14:36:00,FALSE,CLOG2,A,TRUE,FALSE,FALSE,nothing,false,,
River Logs,06300187.AVI,Organized_data_Nov_2020\CLOG2\nothing, 2020-06-30 14:45:24,FALSE,CLOG2,A,TRUE,FALSE,FALSE,nothing,false,,
River Logs,EK000157.AVI,Organized_data_Nov_2020\PLOG2\A\nothing, 2020-06-30 14:49:42,FALSE,PLOG2,A,TRUE,FALSE,FALSE,nothing,false,,
River Logs,06300188.AVI,Organized_data_Nov_2020\CLOG2\nothing, 2020-06-30 14:56:06,FALSE,CLOG2,A,TRUE,FALSE,FALSE,nothing,false,,
River Logs,EK000020.AVI,Organized_data_Nov_2020\PLOG7\B\nothing, 2020-06-30 15:19:06,FALSE,PLOG7,B,TRUE,FALSE,FALSE,nothing,false,,
River Logs,06300189.AVI,Organized_data_Nov_2020\CLOG2\nothing, 2020-06-30 15:24:20,FALSE,CLOG2,A,TRUE,FALSE,FALSE,nothing,false,,
River Logs,06300190.AVI,Organized_data_Nov_2020\CLOG2\nothing, 2020-06-30 15:47:00,FALSE,CLOG2,A,TRUE,FALSE,FALSE,nothing,false,,
River Logs,06300191.AVI,Organized_data_Nov_2020\CLOG2\nothing, 2020-06-30 16:31:34,FALSE,CLOG2,A,TRUE,FALSE,FALSE,nothing,false,,
River Logs,06300010.AVI,Organized_data_Nov_2020\CLOG5\B\on_log\lizard_uid, 2020-06-30 16:58:32,FALSE,CLOG5,B,FALSE,FALSE,TRUE,lizard_uid,false,,
River Logs,06300054.AVI,Organized_data_Nov_2020\CLOG1\on_log\lizard_uid, 2020-06-30 19:29:08,FALSE,CLOG1,A,FALSE,FALSE,TRUE,lizard_uid,false,,
River Logs,EK000082.AVI,Organized_data_Nov_2020\PLOG3\B\nothing, 2020-06-30 21:27:44,FALSE,PLOG3,B,TRUE,FALSE,FALSE,nothing,false,,
River Logs,EK000083.AVI,Organized_data_Nov_2020\PLOG3\B\nothing, 2020-06-30 21:36:16,FALSE,PLOG3,B,TRUE,FALSE,FALSE,nothing,false,,
River Logs,EK000158.AVI,Organized_data_Nov_2020\PLOG2\A\on_log\opossum_common, 2020-06-30 22:03:42,FALSE,PLOG2,A,FALSE,FALSE,TRUE,opossum_common,true,,
River Logs,EK000159.AVI,Organized_data_Nov_2020\PLOG2\A\on_log\opossum_common, 2020-06-30 23:15:32,FALSE,PLOG2,A,FALSE,FALSE,TRUE,opossum_common,true,,
River Logs,RCNX0088.AVI,Organized_data_Nov_2020\PLOG5\B\on_log\skunk_striped, 2020-06-30 23:22:42,FALSE,PLOG5,B,FALSE,FALSE,TRUE,skunk_striped,true,marking,
River Logs,06300075.AVI,Organized_data_Nov_2020\PLOG6\nothing, 2020-06-30 23:28:22,FALSE,PLOG6,A,TRUE,FALSE,FALSE,nothing,false,,
River Logs,EK000160.AVI,Organized_data_Nov_2020\PLOG2\A\on_log\opossum_common, 2020-06-30 23:37:02,FALSE,PLOG2,A,FALSE,FALSE,TRUE,opossum_common,true,,
River Logs,RCNX0089.AVI,Organized_data_Nov_2020\PLOG5\B\on_log\ocelot, 2020-06-30 23:51:58,FALSE,PLOG5,B,FALSE,FALSE,TRUE,ocelot,true,,
River Logs,RCNX0090.AVI,Organized_data_Nov_2020\PLOG5\B\on_log\ocelot, 2020-06-30 23:57:58,FALSE,PLOG5,B,FALSE,FALSE,TRUE,ocelot,true,,
River Logs,EK000161.AVI,Organized_data_Nov_2020\PLOG2\A\nothing, 2020-07-01 01:25:44,FALSE,PLOG2,A,TRUE,FALSE,FALSE,nothing,false,,
River Logs,EK000162.AVI,Organized_data_Nov_2020\PLOG2\A\nothing, 2020-07-01 01:34:48,FALSE,PLOG2,A,TRUE,FALSE,FALSE,nothing,false,,
River Logs,EK000049.AVI,Organized_data_Nov_2020\CLOG4\nothing, 2020-07-01 02:28:04,FALSE,CLOG4,A,TRUE,FALSE,FALSE,nothing,false,,
River Logs,RCNX0045.AVI,Organized_data_Nov_2020\CLOG7\on_log\opossum_common, 2020-07-01 02:38:22,FALSE,CLOG7,A,FALSE,FALSE,TRUE,opossum_common,true,,
River Logs,EK000084.AVI,Organized_data_Nov_2020\PLOG3\B\nothing, 2020-07-01 04:01:52,FALSE,PLOG3,B,TRUE,FALSE,FALSE,nothing,false,,
River Logs,RCNX0046.AVI,Organized_data_Nov_2020\CLOG7\on_log\opossum_common, 2020-07-01 04:09:38,FALSE,CLOG7,A,FALSE,FALSE,TRUE,opossum_common,true,,
River Logs,07010076.AVI,Organized_data_Nov_2020\PLOG6\nothing, 2020-07-01 06:15:56,FALSE,PLOG6,A,TRUE,FALSE,FALSE,nothing,false,,
River Logs,07010077.AVI,Organized_data_Nov_2020\PLOG6\nothing, 2020-07-01 06:18:28,FALSE,PLOG6,A,TRUE,FALSE,FALSE,nothing,false,,
River Logs,EK000163.AVI,Organized_data_Nov_2020\PLOG2\A\on_log\uid, 2020-07-01 06:22:58,FALSE,PLOG2,A,FALSE,FALSE,TRUE,uid,false,,
River Logs,07010050.AVI,Organized_data_Nov_2020\CLOG3\A\nothing, 2020-07-01 08:08:12,FALSE,CLOG3,A,TRUE,FALSE,FALSE,nothing,false,,
River Logs,07010192.AVI,Organized_data_Nov_2020\CLOG2\nothing, 2020-07-01 12:05:40,FALSE,CLOG2,A,TRUE,FALSE,FALSE,nothing,false,,
River Logs,EK000021.AVI,Organized_data_Nov_2020\PLOG2\B\nothing, 2020-07-01 12:10:42,FALSE,PLOG2,B,TRUE,FALSE,FALSE,nothing,false,,
River Logs,EK000022.AVI,Organized_data_Nov_2020\PLOG2\B\nothing, 2020-07-01 12:11:32,FALSE,PLOG2,B,TRUE,FALSE,FALSE,nothing,false,,
River Logs,EK000023.AVI,Organized_data_Nov_2020\PLOG2\B\nothing, 2020-07-01 12:19:06,FALSE,PLOG2,B,TRUE,FALSE,FALSE,nothing,false,,
River Logs,07010193.AVI,Organized_data_Nov_2020\CLOG2\nothing, 2020-07-01 12:20:30,FALSE,CLOG2,A,TRUE,FALSE,FALSE,nothing,false,,
River Logs,07010051.AVI,Organized_data_Nov_2020\CLOG3\A\nothing, 2020-07-01 12:24:18,FALSE,CLOG3,A,TRUE,FALSE,FALSE,nothing,false,,
River Logs,07010194.AVI,Organized_data_Nov_2020\CLOG2\on_log\lizard_uid, 2020-07-01 12:27:22,FALSE,CLOG2,A,FALSE,FALSE,TRUE,lizard_uid,false,,
River Logs,07010195.AVI,Organized_data_Nov_2020\CLOG2\on_log\lizard_uid, 2020-07-01 12:30:38,FALSE,CLOG2,A,FALSE,FALSE,TRUE,lizard_uid,false,,
River Logs,07010196.AVI,Organized_data_Nov_2020\CLOG2\nothing, 2020-07-01 12:35:30,FALSE,CLOG2,A,TRUE,FALSE,FALSE,nothing,false,,
River Logs,07010197.AVI,Organized_data_Nov_2020\CLOG2\nothing, 2020-07-01 12:39:36,FALSE,CLOG2,A,TRUE,FALSE,FALSE,nothing,false,,
River Logs,07010198.AVI,Organized_data_Nov_2020\CLOG2\nothing, 2020-07-01 12:42:08,FALSE,CLOG2,A,TRUE,FALSE,FALSE,nothing,false,,
River Logs,RCNX0091.AVI,Organized_data_Nov_2020\PLOG5\B\on_log\coati, 2020-07-01 12:42:22,FALSE,PLOG5,B,FALSE,FALSE,TRUE,coati,true,,
River Logs,07010199.AVI,Organized_data_Nov_2020\CLOG2\on_log\lizard_uid, 2020-07-01 12:51:34,FALSE,CLOG2,A,FALSE,FALSE,TRUE,lizard_uid,false,,
River Logs,07010200.AVI,Organized_data_Nov_2020\CLOG2\nothing, 2020-07-01 12:53:08,FALSE,CLOG2,A,TRUE,FALSE,FALSE,nothing,false,,
River Logs,07010201.AVI,Organized_data_Nov_2020\CLOG2\nothing, 2020-07-01 13:00:38,FALSE,CLOG2,A,TRUE,FALSE,FALSE,nothing,false,,
River Logs,07010202.AVI,Organized_data_Nov_2020\CLOG2\nothing, 2020-07-01 13:02:14,FALSE,CLOG2,A,TRUE,FALSE,FALSE,nothing,false,,
River Logs,07010203.AVI,Organized_data_Nov_2020\CLOG2\nothing, 2020-07-01 13:07:56,FALSE,CLOG2,A,TRUE,FALSE,FALSE,nothing,false,,
River Logs,07010204.AVI,Organized_data_Nov_2020\CLOG2\on_log\lizard_uid, 2020-07-01 13:08:42,FALSE,CLOG2,A,FALSE,FALSE,TRUE,lizard_uid,false,,
River Logs,07010052.AVI,Organized_data_Nov_2020\CLOG3\A\nothing, 2020-07-01 13:17:16,FALSE,CLOG3,A,TRUE,FALSE,FALSE,nothing,false,,
River Logs,EK000024.AVI,Organized_data_Nov_2020\PLOG2\B\nothing, 2020-07-01 13:18:48,FALSE,PLOG2,B,TRUE,FALSE,FALSE,nothing,false,,
River Logs,07010205.AVI,Organized_data_Nov_2020\CLOG2\nothing, 2020-07-01 13:22:14,FALSE,CLOG2,A,TRUE,FALSE,FALSE,nothing,false,,
River Logs,07010206.AVI,Organized_data_Nov_2020\CLOG2\nothing, 2020-07-01 13:23:08,FALSE,CLOG2,A,TRUE,FALSE,FALSE,nothing,false,,
River Logs,07010207.AVI,Organized_data_Nov_2020\CLOG2\on_log\lizard_uid, 2020-07-01 13:28:56,FALSE,CLOG2,A,FALSE,FALSE,TRUE,lizard_uid,false,,
River Logs,07010208.AVI,Organized_data_Nov_2020\CLOG2\nothing, 2020-07-01 13:30:58,FALSE,CLOG2,A,TRUE,FALSE,FALSE,nothing,false,,
River Logs,EK000021.AVI,Organized_data_Nov_2020\PLOG7\B\nothing, 2020-07-01 13:33:54,FALSE,PLOG7,B,TRUE,FALSE,FALSE,nothing,false,,
River Logs,07010209.AVI,Organized_data_Nov_2020\CLOG2\nothing, 2020-07-01 13:36:50,FALSE,CLOG2,A,TRUE,FALSE,FALSE,nothing,false,,
River Logs,07010053.AVI,Organized_data_Nov_2020\CLOG3\A\nothing, 2020-07-01 13:36:54,FALSE,CLOG3,A,TRUE,FALSE,FALSE,nothing,false,,
River Logs,EK000085.AVI,Organized_data_Nov_2020\PLOG3\B\on_log\bird, 2020-07-01 13:38:06,FALSE,PLOG3,B,FALSE,FALSE,TRUE,bird,false,,
River Logs,07010210.AVI,Organized_data_Nov_2020\CLOG2\nothing, 2020-07-01 13:40:30,FALSE,CLOG2,A,TRUE,FALSE,FALSE,nothing,false,,
River Logs,07010211.AVI,Organized_data_Nov_2020\CLOG2\nothing, 2020-07-01 13:51:58,FALSE,CLOG2,A,TRUE,FALSE,FALSE,nothing,false,,
River Logs,07010212.AVI,Organized_data_Nov_2020\CLOG2\nothing, 2020-07-01 13:54:48,FALSE,CLOG2,A,TRUE,FALSE,FALSE,nothing,false,,
River Logs,EK000022.AVI,Organized_data_Nov_2020\PLOG7\B\nothing, 2020-07-01 13:58:40,FALSE,PLOG7,B,TRUE,FALSE,FALSE,nothing,false,,
River Logs,07010213.AVI,Organized_data_Nov_2020\CLOG2\nothing, 2020-07-01 14:01:16,FALSE,CLOG2,A,TRUE,FALSE,FALSE,nothing,false,,
River Logs,EK000025.AVI,Organized_data_Nov_2020\PLOG2\B\nothing, 2020-07-01 14:05:44,FALSE,PLOG2,B,TRUE,FALSE,FALSE,nothing,false,,
River Logs,07010214.AVI,Organized_data_Nov_2020\CLOG2\nothing, 2020-07-01 14:07:52,FALSE,CLOG2,A,TRUE,FALSE,FALSE,nothing,false,,
River Logs,EK000023.AVI,Organized_data_Nov_2020\PLOG7\B\nothing, 2020-07-01 14:28:18,FALSE,PLOG7,B,TRUE,FALSE,FALSE,nothing,false,,
River Logs,07010215.AVI,Organized_data_Nov_2020\CLOG2\nothing, 2020-07-01 14:29:46,FALSE,CLOG2,A,TRUE,FALSE,FALSE,nothing,false,,
River Logs,07010216.AVI,Organized_data_Nov_2020\CLOG2\nothing, 2020-07-01 14:49:46,FALSE,CLOG2,A,TRUE,FALSE,FALSE,nothing,false,,
River Logs,07010217.AVI,Organized_data_Nov_2020\CLOG2\nothing, 2020-07-01 15:01:08,FALSE,CLOG2,A,TRUE,FALSE,FALSE,nothing,false,,
River Logs,RCNX0092.AVI,Organized_data_Nov_2020\PLOG5\B\on_log\bird, 2020-07-01 15:03:58,FALSE,PLOG5,B,FALSE,FALSE,TRUE,bird,false,,
River Logs,07010218.AVI,Organized_data_Nov_2020\CLOG2\nothing, 2020-07-01 15:12:36,FALSE,CLOG2,A,TRUE,FALSE,FALSE,nothing,false,,
River Logs,07010219.AVI,Organized_data_Nov_2020\CLOG2\nothing, 2020-07-01 15:30:54,FALSE,CLOG2,A,TRUE,FALSE,FALSE,nothing,false,,
River Logs,07010220.AVI,Organized_data_Nov_2020\CLOG2\nothing, 2020-07-01 15:44:02,FALSE,CLOG2,A,TRUE,FALSE,FALSE,nothing,false,,
River Logs,07010221.AVI,Organized_data_Nov_2020\CLOG2\nothing, 2020-07-01 15:47:22,FALSE,CLOG2,A,TRUE,FALSE,FALSE,nothing,false,,
River Logs,07010222.AVI,Organized_data_Nov_2020\CLOG2\nothing, 2020-07-01 15:49:10,FALSE,CLOG2,A,TRUE,FALSE,FALSE,nothing,false,,
River Logs,EK000164.AVI,Organized_data_Nov_2020\PLOG2\A\on_log\coati, 2020-07-01 16:40:56,FALSE,PLOG2,A,FALSE,FALSE,TRUE,coati,false,,
River Logs,07010011.AVI,Organized_data_Nov_2020\CLOG5\B\nothing, 2020-07-01 17:02:56,FALSE,CLOG5,B,TRUE,FALSE,FALSE,nothing,false,,
River Logs,EK000050.AVI,Organized_data_Nov_2020\CLOG4\on_log\tayra, 2020-07-01 17:06:34,FALSE,CLOG4,A,FALSE,FALSE,TRUE,tayra,false,,
River Logs,EK000165.AVI,Organized_data_Nov_2020\PLOG2\A\on_log\tayra, 2020-07-01 18:00:42,FALSE,PLOG2,A,FALSE,FALSE,TRUE,tayra,true,,
River Logs,RCNX0093.AVI,Organized_data_Nov_2020\PLOG5\B\on_log\coati, 2020-07-01 19:07:30,FALSE,PLOG5,B,FALSE,FALSE,TRUE,coati,true,,
River Logs,RCNX0094.AVI,Organized_data_Nov_2020\PLOG5\B\on_log\skunk_striped, 2020-07-01 21:57:10,FALSE,PLOG5,B,FALSE,FALSE,TRUE,skunk_striped,true,marking,
River Logs,07010055.AVI,Organized_data_Nov_2020\CLOG1\people, 2020-07-01 22:19:12,FALSE,CLOG1,A,FALSE,FALSE,FALSE,people,false,bucket and net,
River Logs,EK000086.AVI,Organized_data_Nov_2020\PLOG3\B\nothing, 2020-07-01 22:48:48,FALSE,PLOG3,B,TRUE,FALSE,FALSE,nothing,false,,
River Logs,EK000026.AVI,Organized_data_Nov_2020\PLOG2\B\nothing, 2020-07-02 00:19:46,FALSE,PLOG2,B,TRUE,FALSE,FALSE,nothing,false,,
River Logs,EK000166.AVI,Organized_data_Nov_2020\PLOG2\A\on_log\agouti, 2020-07-02 00:28:40,FALSE,PLOG2,A,FALSE,FALSE,TRUE,rodent,true,,
River Logs,EK000027.AVI,Organized_data_Nov_2020\PLOG2\B\on_log\opossum_common, 2020-07-02 00:34:36,FALSE,PLOG2,B,FALSE,FALSE,TRUE,opossum_common,true,,
River Logs,EK000167.AVI,Organized_data_Nov_2020\PLOG2\A\nothing, 2020-07-02 00:35:12,FALSE,PLOG2,A,TRUE,FALSE,FALSE,nothing,false,,
River Logs,07010018.MP4,Organized_data_Nov_2020\CLOG8\B\on_log\opossum_common, 2020-07-02 00:41:14,FALSE,CLOG8,B,FALSE,FALSE,TRUE,opossum_common,true,,
River Logs,EK000087.AVI,Organized_data_Nov_2020\PLOG3\B\nothing, 2020-07-02 01:09:50,FALSE,PLOG3,B,TRUE,FALSE,FALSE,nothing,false,,
River Logs,EK000088.AVI,Organized_data_Nov_2020\PLOG3\B\nothing, 2020-07-02 01:13:24,FALSE,PLOG3,B,TRUE,FALSE,FALSE,nothing,false,,
River Logs,EK000168.AVI,Organized_data_Nov_2020\PLOG2\A\nothing, 2020-07-02 01:34:34,FALSE,PLOG2,A,TRUE,FALSE,FALSE,nothing,false,,
River Logs,EK000028.AVI,Organized_data_Nov_2020\PLOG2\B\nothing, 2020-07-02 01:47:14,FALSE,PLOG2,B,TRUE,FALSE,FALSE,nothing,false,,
River Logs,EK000169.AVI,Organized_data_Nov_2020\PLOG2\A\on_log\uid, 2020-07-02 01:47:46,FALSE,PLOG2,A,FALSE,FALSE,TRUE,uid,false,,
River Logs,EK000170.AVI,Organized_data_Nov_2020\PLOG2\A\nothing, 2020-07-02 02:29:16,FALSE,PLOG2,A,TRUE,FALSE,FALSE,nothing,false,,
River Logs,EK000029.AVI,Organized_data_Nov_2020\PLOG2\B\nothing, 2020-07-02 02:32:56,FALSE,PLOG2,B,TRUE,FALSE,FALSE,nothing,false,,
River Logs,EK000171.AVI,Organized_data_Nov_2020\PLOG2\A\on_log\opossum_common, 2020-07-02 02:37:28,FALSE,PLOG2,A,FALSE,FALSE,TRUE,opossum_common,true,,
River Logs,EK000172.AVI,Organized_data_Nov_2020\PLOG2\A\on_log\opossum_common, 2020-07-02 02:46:30,FALSE,PLOG2,A,FALSE,FALSE,TRUE,opossum_common,true,,
River Logs,EK000089.AVI,Organized_data_Nov_2020\PLOG3\B\nothing, 2020-07-02 02:47:44,FALSE,PLOG3,B,TRUE,FALSE,FALSE,nothing,false,,
River Logs,07020060.AVI,Organized_data_Nov_2020\PLOG5\A\on_log\puma, 2020-07-02 02:50:04,FALSE,PLOG5,A,FALSE,FALSE,TRUE,puma,true,,
River Logs,RCNX0095 - copia.AVI,Organized_data_Nov_2020\PLOG5\B\on_log\puma, 2020-07-02 02:50:42,FALSE,PLOG5,B,FALSE,FALSE,TRUE,puma,true,,
River Logs,RCNX0095.AVI,Organized_data_Nov_2020\PLOG5\B\on_log\puma, 2020-07-02 02:50:42,FALSE,PLOG5,B,FALSE,FALSE,TRUE,puma,true,,
River Logs,EK000173.AVI,Organized_data_Nov_2020\PLOG2\A\nothing, 2020-07-02 02:51:04,FALSE,PLOG2,A,TRUE,FALSE,FALSE,nothing,false,,
River Logs,EK000174.AVI,Organized_data_Nov_2020\PLOG2\A\on_log\opossum_common, 2020-07-02 03:01:18,FALSE,PLOG2,A,FALSE,FALSE,TRUE,opossum_common,true,,
River Logs,EK000175.AVI,Organized_data_Nov_2020\PLOG2\A\nothing, 2020-07-02 03:09:00,FALSE,PLOG2,A,TRUE,FALSE,FALSE,nothing,false,,
River Logs,EK000030.AVI,Organized_data_Nov_2020\PLOG2\B\nothing, 2020-07-02 03:10:20,FALSE,PLOG2,B,TRUE,FALSE,FALSE,nothing,false,,
River Logs,EK000176.AVI,Organized_data_Nov_2020\PLOG2\A\on_log\opossum_common, 2020-07-02 03:10:20,FALSE,PLOG2,A,FALSE,FALSE,TRUE,opossum_common,true,,
River Logs,EK000031.AVI,Organized_data_Nov_2020\PLOG2\B\on_log\opossum_common, 2020-07-02 03:23:36,FALSE,PLOG2,B,FALSE,FALSE,TRUE,opossum_common,true,,
River Logs,EK000177.AVI,Organized_data_Nov_2020\PLOG2\A\nothing, 2020-07-02 03:24:06,FALSE,PLOG2,A,TRUE,FALSE,FALSE,nothing,false,,
River Logs,EK000090.AVI,Organized_data_Nov_2020\PLOG3\B\nothing, 2020-07-02 03:47:20,FALSE,PLOG3,B,TRUE,FALSE,FALSE,nothing,false,,
River Logs,EK000178.AVI,Organized_data_Nov_2020\PLOG2\A\nothing, 2020-07-02 04:45:00,FALSE,PLOG2,A,TRUE,FALSE,FALSE,nothing,false,,
River Logs,EK000179.AVI,Organized_data_Nov_2020\PLOG2\A\on_log\opossum_common, 2020-07-02 05:14:12,FALSE,PLOG2,A,FALSE,FALSE,TRUE,opossum_common,true,,
River Logs,EK000032.AVI,Organized_data_Nov_2020\PLOG2\B\nothing, 2020-07-02 05:14:18,FALSE,PLOG2,B,TRUE,FALSE,FALSE,nothing,false,,
River Logs,07020078.AVI,Organized_data_Nov_2020\PLOG6\on_log\opossum_water, 2020-07-02 05:48:56,FALSE,PLOG6,A,FALSE,FALSE,TRUE,opossum_foureyed,true,,
River Logs,RCNX0096.AVI,Organized_data_Nov_2020\PLOG5\B\on_log\tamandua, 2020-07-02 07:14:00,FALSE,PLOG5,B,FALSE,FALSE,TRUE,tamandua,true,,
River Logs,07020079.AVI,Organized_data_Nov_2020\PLOG6\nothing, 2020-07-02 10:22:00,FALSE,PLOG6,A,TRUE,FALSE,FALSE,nothing,false,,
River Logs,EK000051.AVI,Organized_data_Nov_2020\CLOG4\on_log\bird, 2020-07-02 10:46:08,FALSE,CLOG4,A,FALSE,FALSE,TRUE,bird,false,,
River Logs,RCNX0048.AVI,Organized_data_Nov_2020\CLOG7\on_log\tamandua, 2020-07-02 11:56:46,FALSE,CLOG7,A,FALSE,FALSE,TRUE,tamandua,true,,
River Logs,07020223.AVI,Organized_data_Nov_2020\CLOG2\on_log\lizard_uid, 2020-07-02 12:47:14,FALSE,CLOG2,A,FALSE,FALSE,TRUE,lizard_uid,false,,
River Logs,07020012.AVI,Organized_data_Nov_2020\CLOG5\B\off_log\agouti, 2020-07-02 13:42:52,FALSE,CLOG5,B,FALSE,FALSE,FALSE,agouti,false,,
River Logs,EK000017.AVI,Organized_data_Nov_2020\CLOG9\nothing, 2020-07-02 14:27:58,FALSE,CLOG9,A,TRUE,FALSE,FALSE,nothing,false,,
River Logs,07020224.AVI,Organized_data_Nov_2020\CLOG2\nothing, 2020-07-02 14:35:02,FALSE,CLOG2,A,TRUE,FALSE,FALSE,nothing,false,,
River Logs,EK000180.AVI,Organized_data_Nov_2020\PLOG2\A\nothing, 2020-07-02 22:02:56,FALSE,PLOG2,A,TRUE,FALSE,FALSE,nothing,false,,
River Logs,07020061.AVI,Organized_data_Nov_2020\PLOG5\A\on_log\puma, 2020-07-02 22:40:56,FALSE,PLOG5,A,FALSE,FALSE,TRUE,puma,true,,
River Logs,RCNX0097 - copia.AVI,Organized_data_Nov_2020\PLOG5\B\on_log\puma, 2020-07-02 22:41:36,FALSE,PLOG5,B,FALSE,FALSE,TRUE,puma,true,,
River Logs,RCNX0097.AVI,Organized_data_Nov_2020\PLOG5\B\on_log\puma, 2020-07-02 22:41:36,FALSE,PLOG5,B,FALSE,FALSE,TRUE,puma,true,,
River Logs,07020054.AVI,Organized_data_Nov_2020\CLOG3\A\nothing, 2020-07-02 23:42:44,FALSE,CLOG3,A,TRUE,FALSE,FALSE,nothing,false,,
River Logs,EK000091.AVI,Organized_data_Nov_2020\PLOG3\B\nothing, 2020-07-03 00:38:00,FALSE,PLOG3,B,TRUE,FALSE,FALSE,nothing,false,,
River Logs,EK000033.AVI,Organized_data_Nov_2020\PLOG2\B\on_log\tamandua, 2020-07-03 01:39:16,FALSE,PLOG2,B,FALSE,FALSE,TRUE,tamandua,false,,
River Logs,EK000181.AVI,Organized_data_Nov_2020\PLOG2\A\nothing, 2020-07-03 01:41:32,FALSE,PLOG2,A,TRUE,FALSE,FALSE,nothing,false,,
River Logs,07020013.AVI,Organized_data_Nov_2020\CLOG5\B\nothing, 2020-07-03 01:54:14,FALSE,CLOG5,B,TRUE,FALSE,FALSE,nothing,false,,
River Logs,EK000092.AVI,Organized_data_Nov_2020\PLOG3\B\nothing, 2020-07-03 03:32:36,FALSE,PLOG3,B,TRUE,FALSE,FALSE,nothing,false,,
River Logs,EK000093.AVI,Organized_data_Nov_2020\PLOG3\B\nothing, 2020-07-03 05:08:10,FALSE,PLOG3,B,TRUE,FALSE,FALSE,nothing,false,,
River Logs,EK000094.AVI,Organized_data_Nov_2020\PLOG3\B\nothing, 2020-07-03 10:48:36,FALSE,PLOG3,B,TRUE,FALSE,FALSE,nothing,false,,
River Logs,07030225.AVI,Organized_data_Nov_2020\CLOG2\nothing, 2020-07-03 13:32:56,FALSE,CLOG2,A,TRUE,FALSE,FALSE,nothing,false,,
River Logs,EK000139.AVI,Organized_data_Nov_2020\PLOG4\nothing, 2020-07-03 13:51:34,FALSE,PLOG4,A,TRUE,FALSE,FALSE,nothing,false,,
River Logs,07030226.AVI,Organized_data_Nov_2020\CLOG2\nothing, 2020-07-03 14:16:38,FALSE,CLOG2,A,TRUE,FALSE,FALSE,nothing,false,,
River Logs,EK000024.AVI,Organized_data_Nov_2020\PLOG7\B\nothing, 2020-07-03 14:39:46,FALSE,PLOG7,B,TRUE,FALSE,FALSE,nothing,false,,
River Logs,EK000182.AVI,Organized_data_Nov_2020\PLOG2\A\nothing, 2020-07-03 14:42:38,FALSE,PLOG2,A,TRUE,FALSE,FALSE,nothing,false,,
River Logs,EK000025.AVI,Organized_data_Nov_2020\PLOG7\B\nothing, 2020-07-03 14:42:56,FALSE,PLOG7,B,TRUE,FALSE,FALSE,nothing,false,,
River Logs,07030227.AVI,Organized_data_Nov_2020\CLOG2\nothing, 2020-07-03 14:44:36,FALSE,CLOG2,A,TRUE,FALSE,FALSE,nothing,false,,
River Logs,07030228.AVI,Organized_data_Nov_2020\CLOG2\nothing, 2020-07-03 14:46:36,FALSE,CLOG2,A,TRUE,FALSE,FALSE,nothing,false,,
River Logs,07030229.AVI,Organized_data_Nov_2020\CLOG2\nothing, 2020-07-03 14:48:26,FALSE,CLOG2,A,TRUE,FALSE,FALSE,nothing,false,,
River Logs,07030230.AVI,Organized_data_Nov_2020\CLOG2\nothing, 2020-07-03 15:05:24,FALSE,CLOG2,A,TRUE,FALSE,FALSE,nothing,false,,
River Logs,07030231.AVI,Organized_data_Nov_2020\CLOG2\nothing, 2020-07-03 15:17:14,FALSE,CLOG2,A,TRUE,FALSE,FALSE,nothing,false,,
River Logs,07030232.AVI,Organized_data_Nov_2020\CLOG2\nothing, 2020-07-03 15:26:38,FALSE,CLOG2,A,TRUE,FALSE,FALSE,nothing,false,,
River Logs,07030233.AVI,Organized_data_Nov_2020\CLOG2\nothing, 2020-07-03 15:35:26,FALSE,CLOG2,A,TRUE,FALSE,FALSE,nothing,false,,
River Logs,EK000026.AVI,Organized_data_Nov_2020\PLOG7\B\nothing, 2020-07-03 16:15:50,FALSE,PLOG7,B,TRUE,FALSE,FALSE,nothing,false,,
River Logs,07030234.AVI,Organized_data_Nov_2020\CLOG2\nothing, 2020-07-03 16:54:50,FALSE,CLOG2,A,TRUE,FALSE,FALSE,nothing,false,,
River Logs,07030235.AVI,Organized_data_Nov_2020\CLOG2\on_log\lizard_uid, 2020-07-03 17:12:20,FALSE,CLOG2,A,FALSE,FALSE,TRUE,lizard_uid,false,,
River Logs,07030236.AVI,Organized_data_Nov_2020\CLOG2\nothing, 2020-07-03 17:19:00,FALSE,CLOG2,A,TRUE,FALSE,FALSE,nothing,false,,
River Logs,EK000052.AVI,Organized_data_Nov_2020\CLOG4\nothing, 2020-07-03 17:55:38,FALSE,CLOG4,A,TRUE,FALSE,FALSE,nothing,false,,
River Logs,07030014.AVI,Organized_data_Nov_2020\CLOG5\B\nothing, 2020-07-03 18:53:24,FALSE,CLOG5,B,TRUE,FALSE,FALSE,nothing,false,,
River Logs,EK000183.AVI,Organized_data_Nov_2020\PLOG2\A\nothing, 2020-07-03 21:17:32,FALSE,PLOG2,A,TRUE,FALSE,FALSE,nothing,false,,
River Logs,07030080.AVI,Organized_data_Nov_2020\PLOG6\nothing, 2020-07-03 23:40:48,FALSE,PLOG6,A,TRUE,FALSE,FALSE,nothing,false,,
River Logs,EK000034.AVI,Organized_data_Nov_2020\PLOG2\B\nothing, 2020-07-03 23:58:16,FALSE,PLOG2,B,TRUE,FALSE,FALSE,nothing,false,,
River Logs,EK000184.AVI,Organized_data_Nov_2020\PLOG2\A\nothing, 2020-07-03 23:58:24,FALSE,PLOG2,A,TRUE,FALSE,FALSE,nothing,false,,
River Logs,07030062.AVI,Organized_data_Nov_2020\PLOG5\A\on_log\puma, 2020-07-04 01:42:16,FALSE,PLOG5,A,FALSE,FALSE,TRUE,puma,true,,
River Logs,RCNX0098.AVI,Organized_data_Nov_2020\PLOG5\B\on_log\puma, 2020-07-04 01:43:06,FALSE,PLOG5,B,FALSE,FALSE,TRUE,puma,true,,
River Logs,EK000027.AVI,Organized_data_Nov_2020\PLOG7\B\nothing, 2020-07-04 03:21:40,FALSE,PLOG7,B,TRUE,FALSE,FALSE,nothing,false,,
River Logs,EK000028.AVI,Organized_data_Nov_2020\PLOG7\B\nothing, 2020-07-04 03:32:12,FALSE,PLOG7,B,TRUE,FALSE,FALSE,nothing,false,,
River Logs,EK000095.AVI,Organized_data_Nov_2020\PLOG3\B\nothing, 2020-07-04 03:51:46,FALSE,PLOG3,B,TRUE,FALSE,FALSE,nothing,false,,
River Logs,EK000029.AVI,Organized_data_Nov_2020\PLOG7\B\on_log\opossum_foureyed, 2020-07-04 04:52:10,FALSE,PLOG7,B,FALSE,FALSE,TRUE,rodent,false,,
River Logs,EK000030.AVI,Organized_data_Nov_2020\PLOG7\B\on_log\opossum_foureyed, 2020-07-04 04:53:50,FALSE,PLOG7,B,FALSE,FALSE,TRUE,rodent,false,,
River Logs,07040081.AVI,Organized_data_Nov_2020\PLOG6\nothing, 2020-07-04 05:03:22,FALSE,PLOG6,A,TRUE,FALSE,FALSE,nothing,false,,
River Logs,EK000096.AVI,Organized_data_Nov_2020\PLOG3\B\nothing, 2020-07-04 05:03:36,FALSE,PLOG3,B,TRUE,FALSE,FALSE,nothing,false,,
River Logs,RCNX0099.AVI,Organized_data_Nov_2020\PLOG5\B\on_log\skunk_striped, 2020-07-04 05:46:08,FALSE,PLOG5,B,FALSE,FALSE,TRUE,skunk_striped,true,,
River Logs,EK000035.AVI,Organized_data_Nov_2020\PLOG2\B\on_log\tamandua, 2020-07-04 06:37:16,FALSE,PLOG2,B,FALSE,FALSE,TRUE,tamandua,false,foraging,
River Logs,EK000185.AVI,Organized_data_Nov_2020\PLOG2\A\nothing, 2020-07-04 06:45:28,FALSE,PLOG2,A,TRUE,FALSE,FALSE,nothing,false,,
River Logs,EK000053.AVI,Organized_data_Nov_2020\CLOG4\on_log\tamandua, 2020-07-04 09:13:40,FALSE,CLOG4,A,FALSE,FALSE,TRUE,tamandua,false,,
River Logs,EK000031.AVI,Organized_data_Nov_2020\PLOG7\B\nothing, 2020-07-04 09:17:02,FALSE,PLOG7,B,TRUE,FALSE,FALSE,nothing,false,,
River Logs,EK000032.AVI,Organized_data_Nov_2020\PLOG7\B\nothing, 2020-07-04 09:47:16,FALSE,PLOG7,B,TRUE,FALSE,FALSE,nothing,false,,
River Logs,EK000033.AVI,Organized_data_Nov_2020\PLOG7\B\nothing, 2020-07-04 10:02:08,FALSE,PLOG7,B,TRUE,FALSE,FALSE,nothing,false,,
River Logs,EK000054.AVI,Organized_data_Nov_2020\CLOG4\on_log\otter, 2020-07-04 10:10:38,FALSE,CLOG4,A,FALSE,FALSE,TRUE,otter,false,jumping off,
River Logs,07040063.AVI,Organized_data_Nov_2020\PLOG5\A\nothing, 2020-07-04 11:28:02,FALSE,PLOG5,A,TRUE,FALSE,FALSE,nothing,false,,
River Logs,07040064.AVI,Organized_data_Nov_2020\PLOG5\A\nothing, 2020-07-04 11:37:20,FALSE,PLOG5,A,TRUE,FALSE,FALSE,nothing,false,,
River Logs,07040237.AVI,Organized_data_Nov_2020\CLOG2\on_log\lizard_uid, 2020-07-04 11:40:52,FALSE,CLOG2,A,FALSE,FALSE,TRUE,lizard_uid,false,,
River Logs,RCNX0100.AVI,Organized_data_Nov_2020\PLOG5\B\on_log\coati, 2020-07-04 11:50:52,FALSE,PLOG5,B,FALSE,FALSE,TRUE,coati,true,,
River Logs,EK000034.AVI,Organized_data_Nov_2020\PLOG7\B\nothing, 2020-07-04 12:00:42,FALSE,PLOG7,B,TRUE,FALSE,FALSE,nothing,false,,
River Logs,EK000035.AVI,Organized_data_Nov_2020\PLOG7\B\nothing, 2020-07-04 12:04:36,FALSE,PLOG7,B,TRUE,FALSE,FALSE,nothing,false,,
River Logs,07040238.AVI,Organized_data_Nov_2020\CLOG2\on_log\lizard_uid, 2020-07-04 12:09:42,FALSE,CLOG2,A,FALSE,FALSE,TRUE,lizard_uid,false,,
River Logs,07040239.AVI,Organized_data_Nov_2020\CLOG2\on_log\lizard_uid, 2020-07-04 12:17:32,FALSE,CLOG2,A,FALSE,FALSE,TRUE,lizard_uid,false,,
River Logs,EK000036.AVI,Organized_data_Nov_2020\PLOG7\B\nothing, 2020-07-04 12:23:48,FALSE,PLOG7,B,TRUE,FALSE,FALSE,nothing,false,,
River Logs,07040240.AVI,Organized_data_Nov_2020\CLOG2\on_log\lizard_uid, 2020-07-04 12:36:42,FALSE,CLOG2,A,FALSE,FALSE,TRUE,lizard_uid,false,,
River Logs,07040241.AVI,Organized_data_Nov_2020\CLOG2\on_log\lizard_uid, 2020-07-04 13:00:18,FALSE,CLOG2,A,FALSE,FALSE,TRUE,lizard_uid,false,,
River Logs,EK000037.AVI,Organized_data_Nov_2020\PLOG7\B\nothing, 2020-07-04 14:02:12,FALSE,PLOG7,B,TRUE,FALSE,FALSE,nothing,false,,
River Logs,07040056.AVI,Organized_data_Nov_2020\CLOG1\nothing, 2020-07-04 14:15:16,FALSE,CLOG1,A,TRUE,FALSE,FALSE,nothing,false,,
River Logs,07040055.AVI,Organized_data_Nov_2020\CLOG3\A\nothing, 2020-07-04 14:27:42,FALSE,CLOG3,A,TRUE,FALSE,FALSE,nothing,false,,
River Logs,07040056.AVI,Organized_data_Nov_2020\CLOG3\A\nothing, 2020-07-04 15:21:18,FALSE,CLOG3,A,TRUE,FALSE,FALSE,nothing,false,,
River Logs,EK000186.AVI,Organized_data_Nov_2020\PLOG2\A\on_log\tayra, 2020-07-04 16:26:22,FALSE,PLOG2,A,FALSE,FALSE,TRUE,tayra,true,,
River Logs,EK000097.AVI,Organized_data_Nov_2020\PLOG3\B\nothing, 2020-07-04 20:50:36,FALSE,PLOG3,B,TRUE,FALSE,FALSE,nothing,false,,
River Logs,07040242.AVI,Organized_data_Nov_2020\CLOG2\nothing, 2020-07-04 20:56:10,FALSE,CLOG2,A,TRUE,FALSE,FALSE,nothing,false,,
River Logs,07040243.AVI,Organized_data_Nov_2020\CLOG2\on_log\rodent, 2020-07-04 22:19:04,FALSE,CLOG2,A,FALSE,FALSE,TRUE,rodent,true,,
River Logs,EK000187.AVI,Organized_data_Nov_2020\PLOG2\A\nothing, 2020-07-04 22:29:36,FALSE,PLOG2,A,TRUE,FALSE,FALSE,nothing,false,,
River Logs,EK000036.AVI,Organized_data_Nov_2020\PLOG2\B\on_log\tamandua, 2020-07-05 02:11:18,FALSE,PLOG2,B,FALSE,FALSE,TRUE,tamandua,false,foraging,
River Logs,EK000188.AVI,Organized_data_Nov_2020\PLOG2\A\on_log\tamandua, 2020-07-05 02:12:56,FALSE,PLOG2,A,FALSE,FALSE,TRUE,tamandua,false,,
River Logs,07050057.AVI,Organized_data_Nov_2020\CLOG3\A\on_log\bird, 2020-07-05 02:21:32,FALSE,CLOG3,A,FALSE,FALSE,TRUE,bird,false,,
River Logs,EK000037.AVI,Organized_data_Nov_2020\PLOG2\B\on_log\opossum_common, 2020-07-05 03:56:12,FALSE,PLOG2,B,FALSE,FALSE,TRUE,opossum_common,true,,
River Logs,EK000189.AVI,Organized_data_Nov_2020\PLOG2\A\on_log\tamandua, 2020-07-05 03:56:32,FALSE,PLOG2,A,FALSE,FALSE,TRUE,tamandua,false,,
River Logs,EK000038.AVI,Organized_data_Nov_2020\PLOG7\B\nothing, 2020-07-05 04:21:54,FALSE,PLOG7,B,TRUE,FALSE,FALSE,nothing,false,,
River Logs,EK000039.AVI,Organized_data_Nov_2020\PLOG7\B\nothing, 2020-07-05 06:50:14,FALSE,PLOG7,B,TRUE,FALSE,FALSE,nothing,false,,
River Logs,EK000040.AVI,Organized_data_Nov_2020\PLOG7\B\on_log\ocelot, 2020-07-05 07:22:34,FALSE,PLOG7,B,FALSE,FALSE,TRUE,ocelot,true,,
River Logs,EK000018.AVI,Organized_data_Nov_2020\CLOG9\off_log\bird, 2020-07-05 08:10:26,FALSE,CLOG9,A,FALSE,FALSE,FALSE,bird,false,,
River Logs,RCNX0101.AVI,Organized_data_Nov_2020\PLOG5\B\on_log\tayra, 2020-07-05 08:10:44,FALSE,PLOG5,B,FALSE,FALSE,TRUE,tayra,true,,
River Logs,EK000055.AVI,Organized_data_Nov_2020\CLOG4\nothing, 2020-07-05 08:13:38,FALSE,CLOG4,A,TRUE,FALSE,FALSE,bird,false,,
River Logs,EK000041.AVI,Organized_data_Nov_2020\PLOG7\B\nothing, 2020-07-05 08:30:48,FALSE,PLOG7,B,TRUE,FALSE,FALSE,nothing,false,,
River Logs,EK000042.AVI,Organized_data_Nov_2020\PLOG7\B\nothing, 2020-07-05 09:00:16,FALSE,PLOG7,B,TRUE,FALSE,FALSE,nothing,false,,
River Logs,EK000043.AVI,Organized_data_Nov_2020\PLOG7\B\nothing, 2020-07-05 09:24:40,FALSE,PLOG7,B,TRUE,FALSE,FALSE,nothing,false,,
River Logs,EK000044.AVI,Organized_data_Nov_2020\PLOG7\B\on_log\agouti, 2020-07-05 10:27:56,FALSE,PLOG7,B,FALSE,FALSE,TRUE,rodent,true,,
River Logs,EK000056.AVI,Organized_data_Nov_2020\CLOG4\on_log\coati, 2020-07-05 13:26:16,FALSE,CLOG4,A,FALSE,FALSE,TRUE,coati,true,,
River Logs,07050244.AVI,Organized_data_Nov_2020\CLOG2\nothing, 2020-07-05 13:38:50,FALSE,CLOG2,A,TRUE,FALSE,FALSE,nothing,false,,
River Logs,07050245.AVI,Organized_data_Nov_2020\CLOG2\nothing, 2020-07-05 13:42:38,FALSE,CLOG2,A,TRUE,FALSE,FALSE,nothing,false,,
River Logs,07050019.MP4,Organized_data_Nov_2020\CLOG8\B\off_log\puma, 2020-07-05 14:00:50,FALSE,CLOG8,B,FALSE,FALSE,FALSE,puma,false,,
River Logs,EK000045.AVI,Organized_data_Nov_2020\PLOG7\B\on_log\squirrel_uid, 2020-07-05 14:07:06,FALSE,PLOG7,B,FALSE,FALSE,TRUE,squirrel_uid,false,,
River Logs,07050246.AVI,Organized_data_Nov_2020\CLOG2\nothing, 2020-07-05 14:43:10,FALSE,CLOG2,A,TRUE,FALSE,FALSE,nothing,false,,
River Logs,07050247.AVI,Organized_data_Nov_2020\CLOG2\nothing, 2020-07-05 14:57:06,FALSE,CLOG2,A,TRUE,FALSE,FALSE,nothing,false,,
River Logs,07050248.AVI,Organized_data_Nov_2020\CLOG2\nothing, 2020-07-05 15:11:32,FALSE,CLOG2,A,TRUE,FALSE,FALSE,nothing,false,,
River Logs,07050249.AVI,Organized_data_Nov_2020\CLOG2\nothing, 2020-07-05 15:16:44,FALSE,CLOG2,A,TRUE,FALSE,FALSE,nothing,false,,
River Logs,07050250.AVI,Organized_data_Nov_2020\CLOG2\nothing, 2020-07-05 15:17:52,FALSE,CLOG2,A,TRUE,FALSE,FALSE,nothing,false,,
River Logs,07050251.AVI,Organized_data_Nov_2020\CLOG2\nothing, 2020-07-05 16:08:22,FALSE,CLOG2,A,TRUE,FALSE,FALSE,nothing,false,,
River Logs,EK000057.AVI,Organized_data_Nov_2020\CLOG4\on_log\coati, 2020-07-05 16:21:50,FALSE,CLOG4,A,FALSE,FALSE,TRUE,coati,false,,
River Logs,07050252.AVI,Organized_data_Nov_2020\CLOG2\nothing, 2020-07-05 16:24:16,FALSE,CLOG2,A,TRUE,FALSE,FALSE,nothing,false,,
River Logs,07050253.AVI,Organized_data_Nov_2020\CLOG2\nothing, 2020-07-05 16:27:22,FALSE,CLOG2,A,TRUE,FALSE,FALSE,nothing,false,,
River Logs,07050254.AVI,Organized_data_Nov_2020\CLOG2\nothing, 2020-07-05 16:42:08,FALSE,CLOG2,A,TRUE,FALSE,FALSE,nothing,false,,
River Logs,07050058.AVI,Organized_data_Nov_2020\CLOG3\A\nothing, 2020-07-05 16:53:16,FALSE,CLOG3,A,TRUE,FALSE,FALSE,nothing,false,,
River Logs,EK000046.AVI,Organized_data_Nov_2020\PLOG7\B\on_log\squirrel_uid, 2020-07-05 18:13:58,FALSE,PLOG7,B,FALSE,FALSE,TRUE,squirrel_uid,false,,
River Logs,EK000098.AVI,Organized_data_Nov_2020\PLOG3\B\nothing, 2020-07-05 21:50:54,FALSE,PLOG3,B,TRUE,FALSE,FALSE,nothing,false,,
River Logs,07060020.MP4,Organized_data_Nov_2020\CLOG8\B\on_log\opossum_common, 2020-07-06 02:48:02,FALSE,CLOG8,B,FALSE,FALSE,TRUE,opossum_common,true,,
River Logs,07060082.AVI,Organized_data_Nov_2020\PLOG6\on_log\ocelot, 2020-07-06 06:15:40,FALSE,PLOG6,A,FALSE,FALSE,TRUE,ocelot,true,,
River Logs,EK000099.AVI,Organized_data_Nov_2020\PLOG3\B\on_log\tamandua, 2020-07-06 08:03:48,FALSE,PLOG3,B,FALSE,FALSE,TRUE,tamandua,true,,
River Logs,RCNX0102.AVI,Organized_data_Nov_2020\PLOG5\B\on_log\tayra, 2020-07-06 09:48:24,FALSE,PLOG5,B,FALSE,FALSE,TRUE,tayra,true,,
River Logs,07060059.AVI,Organized_data_Nov_2020\CLOG3\A\on_log\lizard_uid, 2020-07-06 09:51:08,FALSE,CLOG3,A,FALSE,FALSE,TRUE,lizard_uid,false,,
River Logs,07060255.AVI,Organized_data_Nov_2020\CLOG2\nothing, 2020-07-06 12:30:34,FALSE,CLOG2,A,TRUE,FALSE,FALSE,nothing,false,,
River Logs,07060060.AVI,Organized_data_Nov_2020\CLOG3\A\on_log\tayra, 2020-07-06 14:01:46,FALSE,CLOG3,A,FALSE,FALSE,TRUE,jaguarundi,false,,
River Logs,07060256.AVI,Organized_data_Nov_2020\CLOG2\nothing, 2020-07-06 14:12:34,FALSE,CLOG2,A,TRUE,FALSE,FALSE,nothing,false,,
River Logs,07060257.AVI,Organized_data_Nov_2020\CLOG2\nothing, 2020-07-06 14:18:58,FALSE,CLOG2,A,TRUE,FALSE,FALSE,nothing,false,,
River Logs,07060258.AVI,Organized_data_Nov_2020\CLOG2\nothing, 2020-07-06 14:42:28,FALSE,CLOG2,A,TRUE,FALSE,FALSE,nothing,false,,
River Logs,RCNX0103.AVI,Organized_data_Nov_2020\PLOG5\B\on_log\tayra, 2020-07-06 14:57:34,FALSE,PLOG5,B,FALSE,FALSE,TRUE,tayra,true,,
River Logs,07060259.AVI,Organized_data_Nov_2020\CLOG2\nothing, 2020-07-06 14:57:44,FALSE,CLOG2,A,TRUE,FALSE,FALSE,nothing,false,,
River Logs,07060260.AVI,Organized_data_Nov_2020\CLOG2\nothing, 2020-07-06 15:05:34,FALSE,CLOG2,A,TRUE,FALSE,FALSE,nothing,false,,
River Logs,07060261.AVI,Organized_data_Nov_2020\CLOG2\nothing, 2020-07-06 15:06:32,FALSE,CLOG2,A,TRUE,FALSE,FALSE,nothing,false,,
River Logs,07060262.AVI,Organized_data_Nov_2020\CLOG2\nothing, 2020-07-06 15:21:28,FALSE,CLOG2,A,TRUE,FALSE,FALSE,nothing,false,,
River Logs,07060263.AVI,Organized_data_Nov_2020\CLOG2\nothing, 2020-07-06 15:26:20,FALSE,CLOG2,A,TRUE,FALSE,FALSE,nothing,false,,
River Logs,RCNX0049.AVI,Organized_data_Nov_2020\CLOG7\setup, 2020-07-06 15:29:48,FALSE,CLOG7,A,FALSE,TRUE,FALSE,setup,false,,
River Logs,EK000100.AVI,Organized_data_Nov_2020\PLOG3\B\on_log\coati, 2020-07-06 15:40:08,FALSE,PLOG3,B,FALSE,FALSE,TRUE,coati,true,,
River Logs,07060264.AVI,Organized_data_Nov_2020\CLOG2\nothing, 2020-07-06 15:41:36,FALSE,CLOG2,A,TRUE,FALSE,FALSE,nothing,false,,
River Logs,07060015.AVI,Organized_data_Nov_2020\CLOG5\B\nothing, 2020-07-06 16:01:08,FALSE,CLOG5,B,TRUE,FALSE,FALSE,nothing,false,,
River Logs,EK000047.AVI,Organized_data_Nov_2020\PLOG7\B\nothing, 2020-07-06 20:11:12,FALSE,PLOG7,B,TRUE,FALSE,FALSE,nothing,false,,
River Logs,EK000101.AVI,Organized_data_Nov_2020\PLOG3\B\nothing, 2020-07-06 21:01:00,FALSE,PLOG3,B,TRUE,FALSE,FALSE,nothing,false,,
River Logs,EK000048.AVI,Organized_data_Nov_2020\PLOG7\B\on_log\opossum_uid, 2020-07-06 21:15:14,FALSE,PLOG7,B,FALSE,FALSE,TRUE,rodent,false,,
River Logs,EK000102.AVI,Organized_data_Nov_2020\PLOG3\B\nothing, 2020-07-06 21:23:02,FALSE,PLOG3,B,TRUE,FALSE,FALSE,nothing,false,,
River Logs,EK000049.AVI,Organized_data_Nov_2020\PLOG7\B\nothing, 2020-07-06 21:56:46,FALSE,PLOG7,B,TRUE,FALSE,FALSE,nothing,false,,
River Logs,EK000190.AVI,Organized_data_Nov_2020\PLOG2\A\nothing, 2020-07-06 22:44:24,FALSE,PLOG2,A,TRUE,FALSE,FALSE,nothing,false,,
River Logs,EK000038.AVI,Organized_data_Nov_2020\PLOG2\B\nothing, 2020-07-06 23:27:14,FALSE,PLOG2,B,TRUE,FALSE,FALSE,nothing,false,,
River Logs,07060065.AVI,Organized_data_Nov_2020\PLOG5\A\nothing, 2020-07-07 01:12:56,FALSE,PLOG5,A,TRUE,FALSE,FALSE,nothing,false,,
River Logs,EK000058.AVI,Organized_data_Nov_2020\CLOG4\nothing, 2020-07-07 02:56:54,FALSE,CLOG4,A,TRUE,FALSE,FALSE,nothing,false,,
River Logs,07070083.AVI,Organized_data_Nov_2020\PLOG6\nothing, 2020-07-07 03:50:16,FALSE,PLOG6,A,TRUE,FALSE,FALSE,nothing,false,,
River Logs,EK000039.AVI,Organized_data_Nov_2020\PLOG2\B\on_log\tamandua, 2020-07-07 03:56:08,FALSE,PLOG2,B,FALSE,FALSE,TRUE,tamandua,true,,
River Logs,EK000191.AVI,Organized_data_Nov_2020\PLOG2\A\nothing, 2020-07-07 03:57:14,FALSE,PLOG2,A,TRUE,FALSE,FALSE,nothing,false,,
River Logs,07070061.AVI,Organized_data_Nov_2020\CLOG3\A\on_log\tamandua, 2020-07-07 04:24:24,FALSE,CLOG3,A,FALSE,FALSE,TRUE,tamandua,true,,
River Logs,EK000019.AVI,Organized_data_Nov_2020\CLOG9\on_log\tamandua, 2020-07-07 06:45:26,FALSE,CLOG9,A,FALSE,FALSE,TRUE,tamandua,true,foraging,
River Logs,sainos.AVI,Organized_data_Nov_2020\PLOG6\off_log\peccary_collared, 2020-07-07 10:54:28,FALSE,PLOG6,A,FALSE,FALSE,FALSE,peccary_collared,false,in river,
River Logs,EK000040.AVI,Organized_data_Nov_2020\PLOG2\B\nothing, 2020-07-07 11:03:42,FALSE,PLOG2,B,TRUE,FALSE,FALSE,nothing,false,,
River Logs,07070265.AVI,Organized_data_Nov_2020\CLOG2\on_log\lizard_uid, 2020-07-07 11:14:50,FALSE,CLOG2,A,FALSE,FALSE,TRUE,lizard_uid,false,,
River Logs,EK000001.AVI,Organized_data_Nov_2020\PLOG2\B\nothing, 2020-07-07 11:15:56,FALSE,PLOG2,B,TRUE,FALSE,FALSE,nothing,false,,
River Logs,EK000192.AVI,Organized_data_Nov_2020\PLOG2\A\setup, 2020-07-07 11:24:58,FALSE,PLOG2,A,FALSE,TRUE,FALSE,setup,false,,
River Logs,EK000193.AVI,Organized_data_Nov_2020\PLOG2\A\setup, 2020-07-07 11:26:06,FALSE,PLOG2,A,FALSE,TRUE,FALSE,setup,false,,
River Logs,RCNX0104.AVI,Organized_data_Nov_2020\PLOG5\B\nothing, 2020-07-07 11:28:04,FALSE,PLOG5,B,TRUE,FALSE,FALSE,nothing,false,,
River Logs,EK000001 (2).AVI,Organized_data_Nov_2020\PLOG2\A\setup, 2020-07-07 11:42:40,FALSE,PLOG2,A,FALSE,TRUE,FALSE,setup,false,,
River Logs,EK000002.AVI,Organized_data_Nov_2020\PLOG2\A\setup, 2020-07-07 11:43:26,FALSE,PLOG2,A,FALSE,TRUE,FALSE,setup,false,,
River Logs,PICT0142.AVI,Organized_data_Nov_2020\CLOG6\B\nothing, 2020-07-07 12:12:40,FALSE,CLOG6,B,TRUE,FALSE,FALSE,nothing,false,,
River Logs,PICT0143.AVI,Organized_data_Nov_2020\CLOG6\B\nothing, 2020-07-07 12:13:30,FALSE,CLOG6,B,TRUE,FALSE,FALSE,nothing,false,,
River Logs,07070001.AVI,Organized_data_Nov_2020\PLOG3\A\nothing, 2020-07-07 12:13:36,FALSE,PLOG3,A,TRUE,FALSE,FALSE,nothing,false,,
River Logs,PICT0144.AVI,Organized_data_Nov_2020\CLOG6\B\nothing, 2020-07-07 12:14:16,FALSE,CLOG6,B,TRUE,FALSE,FALSE,nothing,false,,
River Logs,PICT0145.AVI,Organized_data_Nov_2020\CLOG6\B\nothing, 2020-07-07 12:15:02,FALSE,CLOG6,B,TRUE,FALSE,FALSE,nothing,false,,
River Logs,07070002.AVI,Organized_data_Nov_2020\PLOG3\A\nothing, 2020-07-07 12:15:24,FALSE,PLOG3,A,TRUE,FALSE,FALSE,nothing,false,,
River Logs,PICT0146.AVI,Organized_data_Nov_2020\CLOG6\B\nothing, 2020-07-07 12:15:46,FALSE,CLOG6,B,TRUE,FALSE,FALSE,nothing,false,,
River Logs,PICT0147.AVI,Organized_data_Nov_2020\CLOG6\B\nothing, 2020-07-07 12:17:04,FALSE,CLOG6,B,TRUE,FALSE,FALSE,nothing,false,,
River Logs,PICT0148.AVI,Organized_data_Nov_2020\CLOG6\B\nothing, 2020-07-07 12:17:50,FALSE,CLOG6,B,TRUE,FALSE,FALSE,nothing,false,,
River Logs,PICT0149.AVI,Organized_data_Nov_2020\CLOG6\B\nothing, 2020-07-07 12:18:36,FALSE,CLOG6,B,TRUE,FALSE,FALSE,nothing,false,,
River Logs,PICT0150.AVI,Organized_data_Nov_2020\CLOG6\B\nothing, 2020-07-07 12:19:22,FALSE,CLOG6,B,TRUE,FALSE,FALSE,nothing,false,,
River Logs,PICT0151.AVI,Organized_data_Nov_2020\CLOG6\B\nothing, 2020-07-07 12:20:08,FALSE,CLOG6,B,TRUE,FALSE,FALSE,nothing,false,,
River Logs,PICT0152.AVI,Organized_data_Nov_2020\CLOG6\B\nothing, 2020-07-07 12:20:52,FALSE,CLOG6,B,TRUE,FALSE,FALSE,nothing,false,,
River Logs,PICT0153.AVI,Organized_data_Nov_2020\CLOG6\B\nothing, 2020-07-07 12:21:38,FALSE,CLOG6,B,TRUE,FALSE,FALSE,nothing,false,,
River Logs,PICT0154.AVI,Organized_data_Nov_2020\CLOG6\B\nothing, 2020-07-07 12:22:24,FALSE,CLOG6,B,TRUE,FALSE,FALSE,nothing,false,,
River Logs,PICT0155.AVI,Organized_data_Nov_2020\CLOG6\B\nothing, 2020-07-07 12:23:10,FALSE,CLOG6,B,TRUE,FALSE,FALSE,nothing,false,,
River Logs,PICT0156.AVI,Organized_data_Nov_2020\CLOG6\B\nothing, 2020-07-07 12:23:56,FALSE,CLOG6,B,TRUE,FALSE,FALSE,nothing,false,,
River Logs,PICT0157.AVI,Organized_data_Nov_2020\CLOG6\B\nothing, 2020-07-07 12:24:40,FALSE,CLOG6,B,TRUE,FALSE,FALSE,nothing,false,,
River Logs,PICT0158.AVI,Organized_data_Nov_2020\CLOG6\B\nothing, 2020-07-07 12:25:26,FALSE,CLOG6,B,TRUE,FALSE,FALSE,nothing,false,,
River Logs,PICT0159.AVI,Organized_data_Nov_2020\CLOG6\B\nothing, 2020-07-07 12:26:12,FALSE,CLOG6,B,TRUE,FALSE,FALSE,nothing,false,,
River Logs,PICT0160.AVI,Organized_data_Nov_2020\CLOG6\B\nothing, 2020-07-07 12:26:58,FALSE,CLOG6,B,TRUE,FALSE,FALSE,nothing,false,,
River Logs,PICT0161.AVI,Organized_data_Nov_2020\CLOG6\B\nothing, 2020-07-07 12:27:48,FALSE,CLOG6,B,TRUE,FALSE,FALSE,nothing,false,,
River Logs,PICT0162.AVI,Organized_data_Nov_2020\CLOG6\B\nothing, 2020-07-07 12:28:32,FALSE,CLOG6,B,TRUE,FALSE,FALSE,nothing,false,,
River Logs,PICT0163.AVI,Organized_data_Nov_2020\CLOG6\B\nothing, 2020-07-07 12:29:50,FALSE,CLOG6,B,TRUE,FALSE,FALSE,nothing,false,,
River Logs,PICT0164.AVI,Organized_data_Nov_2020\CLOG6\B\nothing, 2020-07-07 12:30:38,FALSE,CLOG6,B,TRUE,FALSE,FALSE,nothing,false,,
River Logs,PICT0165.AVI,Organized_data_Nov_2020\CLOG6\B\nothing, 2020-07-07 12:31:24,FALSE,CLOG6,B,TRUE,FALSE,FALSE,nothing,false,,
River Logs,PICT0166.AVI,Organized_data_Nov_2020\CLOG6\B\nothing, 2020-07-07 12:32:08,FALSE,CLOG6,B,TRUE,FALSE,FALSE,nothing,false,,
River Logs,PICT0167.AVI,Organized_data_Nov_2020\CLOG6\B\nothing, 2020-07-07 12:32:54,FALSE,CLOG6,B,TRUE,FALSE,FALSE,nothing,false,,
River Logs,PICT0168.AVI,Organized_data_Nov_2020\CLOG6\B\nothing, 2020-07-07 12:33:40,FALSE,CLOG6,B,TRUE,FALSE,FALSE,nothing,false,,
River Logs,PICT0169.AVI,Organized_data_Nov_2020\CLOG6\B\nothing, 2020-07-07 12:34:26,FALSE,CLOG6,B,TRUE,FALSE,FALSE,nothing,false,,
River Logs,PICT0170.AVI,Organized_data_Nov_2020\CLOG6\B\nothing, 2020-07-07 12:35:12,FALSE,CLOG6,B,TRUE,FALSE,FALSE,nothing,false,,
River Logs,PICT0171.AVI,Organized_data_Nov_2020\CLOG6\B\nothing, 2020-07-07 12:35:58,FALSE,CLOG6,B,TRUE,FALSE,FALSE,nothing,false,,
River Logs,PICT0172.AVI,Organized_data_Nov_2020\CLOG6\B\nothing, 2020-07-07 12:36:42,FALSE,CLOG6,B,TRUE,FALSE,FALSE,nothing,false,,
River Logs,PICT0173.AVI,Organized_data_Nov_2020\CLOG6\B\nothing, 2020-07-07 12:37:28,FALSE,CLOG6,B,TRUE,FALSE,FALSE,nothing,false,,
River Logs,PICT0174.AVI,Organized_data_Nov_2020\CLOG6\B\nothing, 2020-07-07 12:38:14,FALSE,CLOG6,B,TRUE,FALSE,FALSE,nothing,false,,
River Logs,PICT0175.AVI,Organized_data_Nov_2020\CLOG6\B\nothing, 2020-07-07 12:39:00,FALSE,CLOG6,B,TRUE,FALSE,FALSE,nothing,false,,
River Logs,PICT0176.AVI,Organized_data_Nov_2020\CLOG6\B\nothing, 2020-07-07 12:39:46,FALSE,CLOG6,B,TRUE,FALSE,FALSE,nothing,false,,
River Logs,PICT0177.AVI,Organized_data_Nov_2020\CLOG6\B\nothing, 2020-07-07 12:40:32,FALSE,CLOG6,B,TRUE,FALSE,FALSE,nothing,false,,
River Logs,PICT0178.AVI,Organized_data_Nov_2020\CLOG6\B\nothing, 2020-07-07 12:41:18,FALSE,CLOG6,B,TRUE,FALSE,FALSE,nothing,false,,
River Logs,PICT0179.AVI,Organized_data_Nov_2020\CLOG6\B\nothing, 2020-07-07 12:42:02,FALSE,CLOG6,B,TRUE,FALSE,FALSE,nothing,false,,
River Logs,PICT0180.AVI,Organized_data_Nov_2020\CLOG6\B\nothing, 2020-07-07 12:42:48,FALSE,CLOG6,B,TRUE,FALSE,FALSE,nothing,false,,
River Logs,PICT0181.AVI,Organized_data_Nov_2020\CLOG6\B\nothing, 2020-07-07 12:43:34,FALSE,CLOG6,B,TRUE,FALSE,FALSE,nothing,false,,
River Logs,PICT0182.AVI,Organized_data_Nov_2020\CLOG6\B\nothing, 2020-07-07 12:44:20,FALSE,CLOG6,B,TRUE,FALSE,FALSE,nothing,false,,
River Logs,07070057.AVI,Organized_data_Nov_2020\CLOG1\nothing, 2020-07-07 12:44:26,FALSE,CLOG1,A,TRUE,FALSE,FALSE,nothing,false,,
River Logs,PICT0183.AVI,Organized_data_Nov_2020\CLOG6\B\nothing, 2020-07-07 12:45:04,FALSE,CLOG6,B,TRUE,FALSE,FALSE,nothing,false,,
River Logs,PICT0184.AVI,Organized_data_Nov_2020\CLOG6\B\nothing, 2020-07-07 12:45:50,FALSE,CLOG6,B,TRUE,FALSE,FALSE,nothing,false,,
River Logs,PICT0185.AVI,Organized_data_Nov_2020\CLOG6\B\nothing, 2020-07-07 12:46:36,FALSE,CLOG6,B,TRUE,FALSE,FALSE,nothing,false,,
River Logs,PICT0186.AVI,Organized_data_Nov_2020\CLOG6\B\nothing, 2020-07-07 12:47:22,FALSE,CLOG6,B,TRUE,FALSE,FALSE,nothing,false,,
River Logs,PICT0187.AVI,Organized_data_Nov_2020\CLOG6\B\nothing, 2020-07-07 12:48:08,FALSE,CLOG6,B,TRUE,FALSE,FALSE,nothing,false,,
River Logs,PICT0188.AVI,Organized_data_Nov_2020\CLOG6\B\nothing, 2020-07-07 12:48:54,FALSE,CLOG6,B,TRUE,FALSE,FALSE,nothing,false,,
River Logs,PICT0189.AVI,Organized_data_Nov_2020\CLOG6\B\nothing, 2020-07-07 12:49:28,FALSE,CLOG6,B,TRUE,FALSE,FALSE,nothing,false,,
River Logs,PICT0190.AVI,Organized_data_Nov_2020\CLOG6\B\nothing, 2020-07-07 12:52:56,FALSE,CLOG6,B,TRUE,FALSE,FALSE,nothing,false,,
River Logs,EK000140.AVI,Organized_data_Nov_2020\PLOG4\nothing, 2020-07-07 13:05:50,FALSE,PLOG4,A,TRUE,FALSE,FALSE,nothing,false,,
River Logs,07070266.AVI,Organized_data_Nov_2020\CLOG2\on_log\iguana_green, 2020-07-07 13:27:56,FALSE,CLOG2,A,FALSE,FALSE,TRUE,iguana_green,false,,
River Logs,07070267.AVI,Organized_data_Nov_2020\CLOG2\on_log\iguana_green, 2020-07-07 13:29:04,FALSE,CLOG2,A,FALSE,FALSE,TRUE,iguana_green,false,,
River Logs,07070268.AVI,Organized_data_Nov_2020\CLOG2\on_log\iguana_green, 2020-07-07 13:32:08,FALSE,CLOG2,A,FALSE,FALSE,TRUE,iguana_green,false,,
River Logs,07070269.AVI,Organized_data_Nov_2020\CLOG2\on_log\iguana_green, 2020-07-07 13:36:46,FALSE,CLOG2,A,FALSE,FALSE,TRUE,iguana_green,false,,
River Logs,07070270.AVI,Organized_data_Nov_2020\CLOG2\on_log\iguana_green, 2020-07-07 13:37:56,FALSE,CLOG2,A,FALSE,FALSE,TRUE,iguana_green,false,,
River Logs,07070271.AVI,Organized_data_Nov_2020\CLOG2\on_log\bird, 2020-07-07 13:40:20,FALSE,CLOG2,A,FALSE,FALSE,TRUE,bird,false,,
River Logs,07070272.AVI,Organized_data_Nov_2020\CLOG2\nothing, 2020-07-07 13:41:22,FALSE,CLOG2,A,TRUE,FALSE,FALSE,nothing,false,,
River Logs,07070273.AVI,Organized_data_Nov_2020\CLOG2\nothing, 2020-07-07 13:47:26,FALSE,CLOG2,A,TRUE,FALSE,FALSE,nothing,false,,
River Logs,07070274.AVI,Organized_data_Nov_2020\CLOG2\nothing, 2020-07-07 13:55:20,FALSE,CLOG2,A,TRUE,FALSE,FALSE,nothing,false,,
River Logs,07070016.AVI,Organized_data_Nov_2020\CLOG5\B\nothing, 2020-07-07 14:01:12,FALSE,CLOG5,B,TRUE,FALSE,FALSE,nothing,false,,
River Logs,07070275.AVI,Organized_data_Nov_2020\CLOG2\nothing, 2020-07-07 14:11:42,FALSE,CLOG2,A,TRUE,FALSE,FALSE,nothing,false,,
River Logs,07070276.AVI,Organized_data_Nov_2020\CLOG2\on_log\lizard_uid, 2020-07-07 14:13:02,FALSE,CLOG2,A,FALSE,FALSE,TRUE,lizard_uid,false,,
River Logs,07070085.AVI,Organized_data_Nov_2020\PLOG6\off_log\agouti, 2020-07-07 14:19:26,FALSE,PLOG6,A,FALSE,FALSE,FALSE,agouti,false,,
River Logs,07070086.AVI,Organized_data_Nov_2020\PLOG6\off_log\agouti, 2020-07-07 14:21:06,FALSE,PLOG6,A,FALSE,FALSE,FALSE,agouti,false,marking,
River Logs,07070277.AVI,Organized_data_Nov_2020\CLOG2\nothing, 2020-07-07 14:54:22,FALSE,CLOG2,A,TRUE,FALSE,FALSE,nothing,false,,
River Logs,EK000050.AVI,Organized_data_Nov_2020\PLOG7\B\nothing, 2020-07-07 15:27:06,FALSE,PLOG7,B,TRUE,FALSE,FALSE,nothing,false,,
River Logs,EK000002 (2).AVI,Organized_data_Nov_2020\PLOG2\B\nothing, 2020-07-07 15:31:20,FALSE,PLOG2,B,TRUE,FALSE,FALSE,nothing,false,,
River Logs,EK000051.AVI,Organized_data_Nov_2020\PLOG7\B\nothing, 2020-07-07 15:42:06,FALSE,PLOG7,B,TRUE,FALSE,FALSE,nothing,false,,
River Logs,EK000052.AVI,Organized_data_Nov_2020\PLOG7\B\nothing, 2020-07-07 15:51:20,FALSE,PLOG7,B,TRUE,FALSE,FALSE,nothing,false,,
River Logs,EK000053.AVI,Organized_data_Nov_2020\PLOG7\B\on_log\tayra, 2020-07-07 16:33:06,FALSE,PLOG7,B,FALSE,FALSE,TRUE,tayra,false,,
River Logs,EK000054.AVI,Organized_data_Nov_2020\PLOG7\B\nothing, 2020-07-07 17:08:24,FALSE,PLOG7,B,TRUE,FALSE,FALSE,nothing,false,,
River Logs,07070087.AVI,Organized_data_Nov_2020\PLOG6\nothing, 2020-07-07 17:14:28,FALSE,PLOG6,A,TRUE,FALSE,FALSE,nothing,false,,
River Logs,EK000055.AVI,Organized_data_Nov_2020\PLOG7\B\nothing, 2020-07-07 19:09:10,FALSE,PLOG7,B,TRUE,FALSE,FALSE,nothing,false,,
River Logs,EK000056.AVI,Organized_data_Nov_2020\PLOG7\B\nothing, 2020-07-07 19:55:10,FALSE,PLOG7,B,TRUE,FALSE,FALSE,nothing,false,,
River Logs,EK000057.AVI,Organized_data_Nov_2020\PLOG7\B\nothing, 2020-07-07 20:02:46,FALSE,PLOG7,B,TRUE,FALSE,FALSE,nothing,false,,
River Logs,07070088.AVI,Organized_data_Nov_2020\PLOG6\nothing, 2020-07-07 21:20:04,FALSE,PLOG6,A,TRUE,FALSE,FALSE,nothing,false,,
River Logs,EK000058.AVI,Organized_data_Nov_2020\PLOG7\B\nothing, 2020-07-08 03:19:50,FALSE,PLOG7,B,TRUE,FALSE,FALSE,nothing,false,,
River Logs,07080003.AVI,Organized_data_Nov_2020\PLOG3\A\nothing, 2020-07-08 04:14:32,FALSE,PLOG3,A,TRUE,FALSE,FALSE,nothing,false,,
River Logs,07080004.AVI,Organized_data_Nov_2020\PLOG3\A\nothing, 2020-07-08 05:26:10,FALSE,PLOG3,A,TRUE,FALSE,FALSE,nothing,false,,
River Logs,EK000020.AVI,Organized_data_Nov_2020\CLOG9\nothing, 2020-07-08 05:35:34,FALSE,CLOG9,A,TRUE,FALSE,FALSE,nothing,false,,
River Logs,07080005.AVI,Organized_data_Nov_2020\PLOG3\A\nothing, 2020-07-08 05:52:58,FALSE,PLOG3,A,TRUE,FALSE,FALSE,nothing,false,,
River Logs,07080017.AVI,Organized_data_Nov_2020\CLOG5\B\nothing, 2020-07-08 05:59:38,FALSE,CLOG5,B,TRUE,FALSE,FALSE,nothing,false,,
River Logs,EK000003 (2).AVI,Organized_data_Nov_2020\PLOG2\A\nothing, 2020-07-08 06:38:22,FALSE,PLOG2,A,TRUE,FALSE,FALSE,nothing,false,,
River Logs,EK000004 (2).AVI,Organized_data_Nov_2020\PLOG2\A\nothing, 2020-07-08 07:50:32,FALSE,PLOG2,A,TRUE,FALSE,FALSE,nothing,false,,
River Logs,07080089.AVI,Organized_data_Nov_2020\PLOG6\on_log\squirrel_uid, 2020-07-08 08:22:40,FALSE,PLOG6,A,FALSE,FALSE,TRUE,squirrel_uid,false,,
River Logs,PICT0019.AVI,Organized_data_Nov_2020\CLOG3\B\nothing, 2020-07-08 08:34:16,FALSE,CLOG3,B,TRUE,FALSE,FALSE,nothing,false,,
River Logs,07080062.AVI,Organized_data_Nov_2020\CLOG3\A\on_log\ocelot, 2020-07-08 08:34:20,FALSE,CLOG3,A,FALSE,FALSE,TRUE,ocelot,true,,
River Logs,RCNX0105.AVI,Organized_data_Nov_2020\PLOG5\B\on_log\tamandua, 2020-07-08 08:38:02,FALSE,PLOG5,B,FALSE,FALSE,TRUE,tamandua,true,,
River Logs,EK000059.AVI,Organized_data_Nov_2020\PLOG7\B\nothing, 2020-07-08 10:01:36,FALSE,PLOG7,B,TRUE,FALSE,FALSE,nothing,false,,
River Logs,EK000001 (2).AVI,Organized_data_Nov_2020\PLOG4\setup, 2020-07-08 10:17:10,FALSE,PLOG4,A,FALSE,TRUE,FALSE,setup,false,,
River Logs,EK000002.AVI,Organized_data_Nov_2020\PLOG4\setup, 2020-07-08 10:17:58,FALSE,PLOG4,A,FALSE,TRUE,FALSE,setup,false,,
River Logs,07080066.AVI,Organized_data_Nov_2020\PLOG5\A\setup, 2020-07-08 10:23:18,FALSE,PLOG5,A,FALSE,TRUE,FALSE,setup,false,,
River Logs,RCNX0106.AVI,Organized_data_Nov_2020\PLOG5\B\setup, 2020-07-08 10:46:00,FALSE,PLOG5,B,FALSE,TRUE,FALSE,setup,false,,
River Logs,EK000060.AVI,Organized_data_Nov_2020\PLOG7\B\on_log\squirrel_uid, 2020-07-08 11:07:10,FALSE,PLOG7,B,FALSE,FALSE,TRUE,squirrel_uid,false,,
River Logs,EK000061.AVI,Organized_data_Nov_2020\PLOG7\B\nothing, 2020-07-08 11:13:40,FALSE,PLOG7,B,TRUE,FALSE,FALSE,nothing,false,,
River Logs,EK000062.AVI,Organized_data_Nov_2020\PLOG7\B\nothing, 2020-07-08 15:25:44,FALSE,PLOG7,B,TRUE,FALSE,FALSE,nothing,false,,
River Logs,RCNX0004.AVI,Organized_data_Nov_2020\PLOG5\B\on_log\skunk_striped, 2020-07-08 22:02:18,FALSE,PLOG5,B,FALSE,FALSE,TRUE,skunk_striped,true,,
River Logs,07080058.AVI,Organized_data_Nov_2020\CLOG1\nothing, 2020-07-08 22:12:12,FALSE,CLOG1,A,TRUE,FALSE,FALSE,nothing,false,,
River Logs,07080090.AVI,Organized_data_Nov_2020\PLOG6\on_log\rodent, 2020-07-09 00:47:08,FALSE,PLOG6,A,FALSE,FALSE,TRUE,rodent,false,,
River Logs,EK000063.AVI,Organized_data_Nov_2020\PLOG7\B\nothing, 2020-07-09 01:51:56,FALSE,PLOG7,B,TRUE,FALSE,FALSE,nothing,false,,
River Logs,EK000064.AVI,Organized_data_Nov_2020\PLOG7\B\nothing, 2020-07-09 01:57:26,FALSE,PLOG7,B,TRUE,FALSE,FALSE,nothing,false,,
River Logs,EK000005.AVI,Organized_data_Nov_2020\PLOG2\A\on_log\tamandua, 2020-07-09 03:12:24,FALSE,PLOG2,A,FALSE,FALSE,TRUE,tamandua,false,,
River Logs,RCNX0008.AVI,Organized_data_Nov_2020\PLOG5\B\nothing, 2020-07-09 06:33:10,FALSE,PLOG5,B,TRUE,FALSE,FALSE,nothing,false,,
River Logs,RCNX0012.AVI,Organized_data_Nov_2020\PLOG5\B\on_log\coati, 2020-07-09 09:11:40,FALSE,PLOG5,B,FALSE,FALSE,TRUE,coati,true,,
River Logs,EK000065.AVI,Organized_data_Nov_2020\PLOG7\B\nothing, 2020-07-09 12:38:44,FALSE,PLOG7,B,TRUE,FALSE,FALSE,nothing,false,,
River Logs,07090091.AVI,Organized_data_Nov_2020\PLOG6\nothing, 2020-07-09 14:26:42,FALSE,PLOG6,A,TRUE,FALSE,FALSE,nothing,false,,
River Logs,07090092.AVI,Organized_data_Nov_2020\PLOG6\nothing, 2020-07-09 16:10:30,FALSE,PLOG6,A,TRUE,FALSE,FALSE,nothing,false,,
River Logs,EK000066.AVI,Organized_data_Nov_2020\PLOG7\B\nothing, 2020-07-09 17:50:02,FALSE,PLOG7,B,TRUE,FALSE,FALSE,nothing,false,,
River Logs,EK000067.AVI,Organized_data_Nov_2020\PLOG7\B\nothing, 2020-07-09 18:34:44,FALSE,PLOG7,B,TRUE,FALSE,FALSE,nothing,false,,
River Logs,EK000068.AVI,Organized_data_Nov_2020\PLOG7\B\on_log\coati, 2020-07-09 20:20:18,FALSE,PLOG7,B,FALSE,FALSE,TRUE,coati,true,,
River Logs,EK000069.AVI,Organized_data_Nov_2020\PLOG7\B\nothing, 2020-07-09 20:36:14,FALSE,PLOG7,B,TRUE,FALSE,FALSE,nothing,false,,
River Logs,EK000006.AVI,Organized_data_Nov_2020\PLOG2\A\nothing, 2020-07-09 20:37:20,FALSE,PLOG2,A,TRUE,FALSE,FALSE,nothing,false,,
River Logs,EK000070.AVI,Organized_data_Nov_2020\PLOG7\B\nothing, 2020-07-09 20:39:28,FALSE,PLOG7,B,TRUE,FALSE,FALSE,nothing,false,,
River Logs,EK000071.AVI,Organized_data_Nov_2020\PLOG7\B\nothing, 2020-07-09 20:43:54,FALSE,PLOG7,B,TRUE,FALSE,FALSE,nothing,false,,
River Logs,EK000007.AVI,Organized_data_Nov_2020\PLOG2\A\on_log\paca, 2020-07-10 00:46:16,FALSE,PLOG2,A,FALSE,FALSE,TRUE,paca,false,,
River Logs,EK000008.AVI,Organized_data_Nov_2020\PLOG2\A\on_log\rodent, 2020-07-10 01:04:56,FALSE,PLOG2,A,FALSE,FALSE,TRUE,rodent,false,,
River Logs,EK000072.AVI,Organized_data_Nov_2020\PLOG7\B\nothing, 2020-07-10 01:26:44,FALSE,PLOG7,B,TRUE,FALSE,FALSE,nothing,false,,
River Logs,EK000073.AVI,Organized_data_Nov_2020\PLOG7\B\nothing, 2020-07-10 01:29:32,FALSE,PLOG7,B,TRUE,FALSE,FALSE,nothing,false,,
River Logs,EK000003 (2).AVI,Organized_data_Nov_2020\PLOG2\B\on_log\ocelot, 2020-07-10 01:57:02,FALSE,PLOG2,B,FALSE,FALSE,TRUE,ocelot,true,,
River Logs,EK000009.AVI,Organized_data_Nov_2020\PLOG2\A\on_log\ocelot, 2020-07-10 01:58:20,FALSE,PLOG2,A,FALSE,FALSE,TRUE,ocelot,true,,
River Logs,07100093.AVI,Organized_data_Nov_2020\PLOG6\nothing, 2020-07-10 02:13:48,FALSE,PLOG6,A,TRUE,FALSE,FALSE,nothing,false,,
River Logs,07100278.AVI,Organized_data_Nov_2020\CLOG2\on_log\opossum_common, 2020-07-10 02:22:08,FALSE,CLOG2,A,FALSE,FALSE,TRUE,opossum_foureyed,true,,
River Logs,RCNX0016.AVI,Organized_data_Nov_2020\PLOG5\B\on_log\ocelot, 2020-07-10 04:42:20,FALSE,PLOG5,B,FALSE,FALSE,TRUE,ocelot,true,,
River Logs,07100094.AVI,Organized_data_Nov_2020\PLOG6\nothing, 2020-07-10 06:08:44,FALSE,PLOG6,A,TRUE,FALSE,FALSE,nothing,false,,
River Logs,EK000008.AVI,Organized_data_Nov_2020\PLOG4\on_log\tamandua, 2020-07-10 06:26:56,FALSE,PLOG4,A,FALSE,FALSE,TRUE,tamandua,true,,
River Logs,RCNX0020.AVI,Organized_data_Nov_2020\PLOG5\B\nothing, 2020-07-10 06:34:14,FALSE,PLOG5,B,TRUE,FALSE,FALSE,nothing,false,,
River Logs,07100095.AVI,Organized_data_Nov_2020\PLOG6\nothing, 2020-07-10 06:43:10,FALSE,PLOG6,A,TRUE,FALSE,FALSE,nothing,false,,
River Logs,RCNX0024.AVI,Organized_data_Nov_2020\PLOG5\B\nothing, 2020-07-10 07:10:26,FALSE,PLOG5,B,TRUE,FALSE,FALSE,nothing,false,,
River Logs,EK000009.AVI,Organized_data_Nov_2020\PLOG4\on_log\squirrel_uid, 2020-07-10 07:47:56,FALSE,PLOG4,A,FALSE,FALSE,TRUE,squirrel_uid,true,,
River Logs,EK000010.AVI,Organized_data_Nov_2020\PLOG2\A\on_log\tayra, 2020-07-10 07:48:54,FALSE,PLOG2,A,FALSE,FALSE,TRUE,tayra,false,,
River Logs,EK000010.AVI,Organized_data_Nov_2020\PLOG4\on_log\tayra, 2020-07-10 08:13:32,FALSE,PLOG4,A,FALSE,FALSE,TRUE,tayra,true,,
River Logs,EK000011.AVI,Organized_data_Nov_2020\PLOG4\nothing, 2020-07-10 08:53:20,FALSE,PLOG4,A,TRUE,FALSE,FALSE,nothing,false,,
River Logs,07100279.AVI,Organized_data_Nov_2020\CLOG2\on_log\bird, 2020-07-10 10:09:22,FALSE,CLOG2,A,FALSE,FALSE,TRUE,curassow_great,false,,
River Logs,RCNX0028.AVI,Organized_data_Nov_2020\PLOG5\B\on_log\tamandua, 2020-07-10 11:10:18,FALSE,PLOG5,B,FALSE,FALSE,TRUE,tamandua,true,,
River Logs,EK000012.AVI,Organized_data_Nov_2020\PLOG4\on_log\coati, 2020-07-10 11:31:50,FALSE,PLOG4,A,FALSE,FALSE,TRUE,coati,true,,
River Logs,07100280.AVI,Organized_data_Nov_2020\CLOG2\nothing, 2020-07-10 11:53:06,FALSE,CLOG2,A,TRUE,FALSE,FALSE,nothing,false,,
River Logs,07100096.AVI,Organized_data_Nov_2020\PLOG6\setup, 2020-07-10 13:08:30,FALSE,PLOG6,A,FALSE,TRUE,FALSE,setup,false,,
River Logs,07100001.AVI,Organized_data_Nov_2020\PLOG6\setup, 2020-07-10 13:17:42,FALSE,PLOG6,A,FALSE,TRUE,FALSE,setup,false,,
River Logs,07100002.AVI,Organized_data_Nov_2020\PLOG6\setup, 2020-07-10 13:18:30,FALSE,PLOG6,A,FALSE,TRUE,FALSE,setup,false,,
River Logs,07100003.AVI,Organized_data_Nov_2020\PLOG6\setup, 2020-07-10 13:19:26,FALSE,PLOG6,A,FALSE,TRUE,FALSE,setup,false,,
River Logs,EK000074.AVI,Organized_data_Nov_2020\PLOG7\B\setup, 2020-07-10 13:38:20,FALSE,PLOG7,B,FALSE,TRUE,FALSE,setup,false,,
River Logs,EK000001 (2).AVI,Organized_data_Nov_2020\PLOG7\A\setup, 2020-07-10 13:48:18,FALSE,PLOG7,A,FALSE,TRUE,FALSE,setup,false,,
River Logs,EK000002 (2).AVI,Organized_data_Nov_2020\PLOG7\A\setup, 2020-07-10 13:49:14,FALSE,PLOG7,A,FALSE,TRUE,FALSE,setup,false,,
River Logs,EK000001.AVI,Organized_data_Nov_2020\PLOG7\B\setup, 2020-07-10 14:04:50,FALSE,PLOG7,B,FALSE,TRUE,FALSE,setup,false,,
River Logs,EK000002.AVI,Organized_data_Nov_2020\PLOG7\B\setup, 2020-07-10 14:05:06,FALSE,PLOG7,B,FALSE,TRUE,FALSE,setup,false,,
River Logs,07100004.AVI,Organized_data_Nov_2020\PLOG6\setup, 2020-07-10 14:18:52,FALSE,PLOG6,A,FALSE,TRUE,FALSE,setup,false,,
River Logs,07100018.AVI,Organized_data_Nov_2020\CLOG5\B\nothing, 2020-07-10 14:35:52,FALSE,CLOG5,B,TRUE,FALSE,FALSE,nothing,false,,
River Logs,07100019.AVI,Organized_data_Nov_2020\CLOG5\B\nothing, 2020-07-10 14:42:52,FALSE,CLOG5,B,TRUE,FALSE,FALSE,nothing,false,,
River Logs,07100020.AVI,Organized_data_Nov_2020\CLOG5\B\nothing, 2020-07-10 15:05:06,FALSE,CLOG5,B,TRUE,FALSE,FALSE,nothing,false,,
River Logs,EK000003.AVI,Organized_data_Nov_2020\PLOG7\A\on_log\squirrel_uid, 2020-07-10 15:38:26,FALSE,PLOG7,A,FALSE,FALSE,TRUE,squirrel_uid,true,,
River Logs,EK000004.AVI,Organized_data_Nov_2020\PLOG7\A\on_log\skunk_striped, 2020-07-10 23:14:38,FALSE,PLOG7,A,FALSE,FALSE,TRUE,skunk_striped,true,,
River Logs,07100005.AVI,Organized_data_Nov_2020\PLOG6\nothing, 2020-07-11 01:28:32,FALSE,PLOG6,A,TRUE,FALSE,FALSE,uid,false,,
River Logs,RCNX0032.AVI,Organized_data_Nov_2020\PLOG5\B\nothing, 2020-07-11 01:31:56,FALSE,PLOG5,B,TRUE,FALSE,FALSE,nothing,false,,
River Logs,07110281.AVI,Organized_data_Nov_2020\CLOG2\on_log\tamandua, 2020-07-11 04:28:42,FALSE,CLOG2,A,FALSE,FALSE,TRUE,tamandua,true,,
River Logs,07110006.AVI,Organized_data_Nov_2020\PLOG6\on_log\skunk_striped, 2020-07-11 06:00:44,FALSE,PLOG6,A,FALSE,FALSE,TRUE,skunk_striped,true,,
River Logs,07110282.AVI,Organized_data_Nov_2020\CLOG2\on_log\bird, 2020-07-11 07:27:12,FALSE,CLOG2,A,FALSE,FALSE,TRUE,curassow_great,false,,
River Logs,07110283.AVI,Organized_data_Nov_2020\CLOG2\nothing, 2020-07-11 07:27:58,FALSE,CLOG2,A,TRUE,FALSE,FALSE,nothing,false,,
River Logs,PICT0020.AVI,Organized_data_Nov_2020\CLOG3\B\nothing, 2020-07-11 07:35:28,FALSE,CLOG3,B,TRUE,FALSE,FALSE,uid,false,,
River Logs,07110063.AVI,Organized_data_Nov_2020\CLOG3\A\nothing, 2020-07-11 07:36:02,FALSE,CLOG3,A,TRUE,FALSE,FALSE,nothing,false,,
River Logs,EK000014.AVI,Organized_data_Nov_2020\PLOG4\on_log\tayra, 2020-07-11 08:08:10,FALSE,PLOG4,A,FALSE,FALSE,TRUE,tayra,true,,
River Logs,07110284.AVI,Organized_data_Nov_2020\CLOG2\on_log\bird, 2020-07-11 08:22:42,FALSE,CLOG2,A,FALSE,FALSE,TRUE,curassow_great,false,,
River Logs,07110285.AVI,Organized_data_Nov_2020\CLOG2\on_log\bird, 2020-07-11 08:23:28,FALSE,CLOG2,A,FALSE,FALSE,TRUE,curassow_great,false,,
River Logs,EK000015.AVI,Organized_data_Nov_2020\PLOG4\on_log\tayra, 2020-07-11 08:56:48,FALSE,PLOG4,A,FALSE,FALSE,TRUE,tayra,false,,
River Logs,07110059.AVI,Organized_data_Nov_2020\CLOG1\setup, 2020-07-11 09:23:02,FALSE,CLOG1,A,FALSE,TRUE,FALSE,setup,false,,
River Logs,07110060.AVI,Organized_data_Nov_2020\CLOG1\setup, 2020-07-11 09:24:38,FALSE,CLOG1,A,FALSE,TRUE,FALSE,setup,false,,
River Logs,07110007.AVI,Organized_data_Nov_2020\PLOG6\nothing, 2020-07-11 09:27:30,FALSE,PLOG6,A,TRUE,FALSE,FALSE,nothing,false,,
River Logs,07110001.AVI,Organized_data_Nov_2020\CLOG1\setup, 2020-07-11 09:35:02,FALSE,CLOG1,A,FALSE,TRUE,FALSE,setup,false,,
River Logs,07110002.AVI,Organized_data_Nov_2020\CLOG1\setup, 2020-07-11 09:36:14,FALSE,CLOG1,A,FALSE,TRUE,FALSE,setup,false,,
River Logs,PICT0021.AVI,Organized_data_Nov_2020\CLOG3\B\setup, 2020-07-11 09:48:08,FALSE,CLOG3,B,FALSE,TRUE,FALSE,setup,false,,
River Logs,07110064.AVI,Organized_data_Nov_2020\CLOG3\A\setup, 2020-07-11 09:48:28,FALSE,CLOG3,A,FALSE,TRUE,FALSE,setup,false,,
River Logs,PICT0022.AVI,Organized_data_Nov_2020\CLOG3\B\setup, 2020-07-11 09:49:30,FALSE,CLOG3,B,FALSE,TRUE,FALSE,setup,false,,
River Logs,07110065.AVI,Organized_data_Nov_2020\CLOG3\A\setup, 2020-07-11 10:02:54,FALSE,CLOG3,A,FALSE,TRUE,FALSE,setup,false,,
River Logs,EK000004.AVI,Organized_data_Nov_2020\PLOG2\B\on_log\agouti, 2020-07-11 10:11:42,FALSE,PLOG2,B,FALSE,FALSE,TRUE,agouti,false,,
River Logs,07110001.AVI,Organized_data_Nov_2020\CLOG3\A\setup, 2020-07-11 10:16:38,FALSE,CLOG3,A,FALSE,TRUE,FALSE,setup,false,,
River Logs,07110002.AVI,Organized_data_Nov_2020\CLOG3\A\setup, 2020-07-11 10:17:30,FALSE,CLOG3,A,FALSE,TRUE,FALSE,setup,false,,
River Logs,07110003.AVI,Organized_data_Nov_2020\CLOG3\A\setup, 2020-07-11 10:18:20,FALSE,CLOG3,A,FALSE,TRUE,FALSE,setup,false,,
River Logs,EK000059.AVI,Organized_data_Nov_2020\CLOG4\setup, 2020-07-11 10:52:04,FALSE,CLOG4,A,FALSE,TRUE,FALSE,setup,false,,
River Logs,EK000001 (2).AVI,Organized_data_Nov_2020\CLOG4\setup, 2020-07-11 11:10:30,FALSE,CLOG4,A,FALSE,TRUE,FALSE,setup,false,,
River Logs,EK000002 (2).AVI,Organized_data_Nov_2020\CLOG4\setup, 2020-07-11 11:11:30,FALSE,CLOG4,A,FALSE,TRUE,FALSE,setup,false,,
River Logs,07110021.AVI,Organized_data_Nov_2020\CLOG5\B\setup, 2020-07-11 11:18:20,FALSE,CLOG5,B,FALSE,TRUE,FALSE,setup,false,,
River Logs,07110022.AVI,Organized_data_Nov_2020\CLOG5\B\setup, 2020-07-11 11:19:34,FALSE,CLOG5,B,FALSE,TRUE,FALSE,setup,false,,
River Logs,07110002.AVI,Organized_data_Nov_2020\CLOG5\B\nothing, 2020-07-11 11:31:40,FALSE,CLOG5,B,TRUE,FALSE,FALSE,nothing,false,,
River Logs,07110003.AVI,Organized_data_Nov_2020\CLOG5\B\nothing, 2020-07-11 11:32:32,FALSE,CLOG5,B,TRUE,FALSE,FALSE,nothing,false,,
River Logs,07110004.AVI,Organized_data_Nov_2020\CLOG5\B\nothing, 2020-07-11 11:33:52,FALSE,CLOG5,B,TRUE,FALSE,FALSE,nothing,false,,
River Logs,07110005.AVI,Organized_data_Nov_2020\CLOG5\B\nothing, 2020-07-11 11:34:48,FALSE,CLOG5,B,TRUE,FALSE,FALSE,nothing,false,,
River Logs,07110286.AVI,Organized_data_Nov_2020\CLOG2\nothing, 2020-07-11 12:32:38,FALSE,CLOG2,A,TRUE,FALSE,FALSE,nothing,false,,
River Logs,EK000005.AVI,Organized_data_Nov_2020\PLOG7\A\nothing, 2020-07-11 14:02:10,FALSE,PLOG7,A,TRUE,FALSE,FALSE,nothing,false,,
River Logs,07110003.AVI,Organized_data_Nov_2020\CLOG1\nothing, 2020-07-11 14:19:40,FALSE,CLOG1,A,TRUE,FALSE,FALSE,nothing,false,,
River Logs,EK000021.AVI,Organized_data_Nov_2020\CLOG9\nothing, 2020-07-11 15:03:18,FALSE,CLOG9,A,TRUE,FALSE,FALSE,nothing,false,,
River Logs,07110004.AVI,Organized_data_Nov_2020\CLOG1\nothing, 2020-07-11 15:07:10,FALSE,CLOG1,A,TRUE,FALSE,FALSE,nothing,false,,
River Logs,RCNX0036.AVI,Organized_data_Nov_2020\PLOG5\B\nothing, 2020-07-11 18:13:50,FALSE,PLOG5,B,TRUE,FALSE,FALSE,nothing,false,,
River Logs,EK000006.AVI,Organized_data_Nov_2020\PLOG7\A\on_log\skunk_striped, 2020-07-11 22:56:44,FALSE,PLOG7,A,FALSE,FALSE,TRUE,skunk_striped,true,,
River Logs,07110001.AVI,Organized_data_Nov_2020\CLOG2\nothing, 2020-07-12 01:17:18,FALSE,CLOG2,A,TRUE,FALSE,FALSE,nothing,false,,
River Logs,EK000005.AVI,Organized_data_Nov_2020\PLOG2\B\nothing, 2020-07-12 01:59:24,FALSE,PLOG2,B,TRUE,FALSE,FALSE,nothing,false,,
River Logs,EK000011.AVI,Organized_data_Nov_2020\PLOG2\A\nothing, 2020-07-12 01:59:34,FALSE,PLOG2,A,TRUE,FALSE,FALSE,nothing,false,,
River Logs,EK000012.AVI,Organized_data_Nov_2020\PLOG2\A\nothing, 2020-07-12 02:00:32,FALSE,PLOG2,A,TRUE,FALSE,FALSE,nothing,false,,
River Logs,07120004.AVI,Organized_data_Nov_2020\CLOG3\A\on_log\tamandua, 2020-07-12 02:10:52,FALSE,CLOG3,A,FALSE,FALSE,TRUE,tamandua,true,,
River Logs,EK000007.AVI,Organized_data_Nov_2020\PLOG7\A\on_log\skunk_striped, 2020-07-12 04:47:24,FALSE,PLOG7,A,FALSE,FALSE,TRUE,skunk_striped,true,,
River Logs,EK000006.AVI,Organized_data_Nov_2020\PLOG2\B\nothing, 2020-07-12 05:11:34,FALSE,PLOG2,B,TRUE,FALSE,FALSE,nothing,false,,
River Logs,07120008.AVI,Organized_data_Nov_2020\PLOG6\on_log\tamandua, 2020-07-12 05:59:24,FALSE,PLOG6,A,FALSE,FALSE,TRUE,tamandua,true,,
River Logs,07120009.AVI,Organized_data_Nov_2020\PLOG6\on_log\tamandua, 2020-07-12 06:03:22,FALSE,PLOG6,A,FALSE,FALSE,TRUE,tamandua,true,,
River Logs,EK000017.AVI,Organized_data_Nov_2020\PLOG4\nothing, 2020-07-12 08:14:32,FALSE,PLOG4,A,TRUE,FALSE,FALSE,nothing,false,,
River Logs,EK000018 (2).AVI,Organized_data_Nov_2020\PLOG4\nothing, 2020-07-12 08:24:34,FALSE,PLOG4,A,TRUE,FALSE,FALSE,nothing,false,,
River Logs,EK000007 (2).AVI,Organized_data_Nov_2020\PLOG2\B\on_log\tamandua, 2020-07-12 08:31:02,FALSE,PLOG2,B,FALSE,FALSE,TRUE,tamandua,true,,
River Logs,EK000013.AVI,Organized_data_Nov_2020\PLOG2\A\nothing, 2020-07-12 08:32:14,FALSE,PLOG2,A,TRUE,FALSE,FALSE,nothing,false,,
River Logs,EK000020.AVI,Organized_data_Nov_2020\PLOG4\on_log\squirrel_uid, 2020-07-12 09:18:32,FALSE,PLOG4,A,FALSE,FALSE,TRUE,squirrel_uid,true,,
River Logs,EK000021.AVI,Organized_data_Nov_2020\PLOG4\on_log\squirrel_uid, 2020-07-12 09:23:38,FALSE,PLOG4,A,FALSE,FALSE,TRUE,squirrel_uid,false,,
River Logs,EK000022 (2).AVI,Organized_data_Nov_2020\PLOG4\nothing, 2020-07-12 09:26:18,FALSE,PLOG4,A,TRUE,FALSE,FALSE,nothing,false,,
River Logs,EK000003.AVI,Organized_data_Nov_2020\PLOG7\B\on_log\curassow_great, 2020-07-12 09:48:26,FALSE,PLOG7,B,FALSE,FALSE,TRUE,curassow_great,true,,
River Logs,EK000023 (2).AVI,Organized_data_Nov_2020\PLOG4\uid, 2020-07-12 09:49:00,FALSE,PLOG4,A,FALSE,FALSE,FALSE,nothing,false,,
River Logs,EK000024 (2).AVI,Organized_data_Nov_2020\PLOG4\nothing, 2020-07-12 10:24:56,FALSE,PLOG4,A,TRUE,FALSE,FALSE,nothing,false,,
River Logs,EK000026 (2).AVI,Organized_data_Nov_2020\PLOG4\uid, 2020-07-12 10:51:34,FALSE,PLOG4,A,FALSE,FALSE,FALSE,nothing,false,,
River Logs,EK000027 (2).AVI,Organized_data_Nov_2020\PLOG4\nothing, 2020-07-12 10:57:16,FALSE,PLOG4,A,TRUE,FALSE,FALSE,nothing,false,,
River Logs,07120002.AVI,Organized_data_Nov_2020\CLOG2\nothing, 2020-07-12 11:28:42,FALSE,CLOG2,A,TRUE,FALSE,FALSE,nothing,false,,
River Logs,RCNX0040.AVI,Organized_data_Nov_2020\PLOG5\B\on_log\bird, 2020-07-12 11:29:14,FALSE,PLOG5,B,FALSE,FALSE,TRUE,bird,false,,
River Logs,07120003.AVI,Organized_data_Nov_2020\CLOG2\nothing, 2020-07-12 11:54:36,FALSE,CLOG2,A,TRUE,FALSE,FALSE,nothing,false,,
River Logs,07120004.AVI,Organized_data_Nov_2020\CLOG2\nothing, 2020-07-12 12:13:00,FALSE,CLOG2,A,TRUE,FALSE,FALSE,nothing,false,,
River Logs,07120005.AVI,Organized_data_Nov_2020\CLOG2\nothing, 2020-07-12 12:18:56,FALSE,CLOG2,A,TRUE,FALSE,FALSE,nothing,false,,
River Logs,07120006.AVI,Organized_data_Nov_2020\CLOG2\nothing, 2020-07-12 12:28:30,FALSE,CLOG2,A,TRUE,FALSE,FALSE,nothing,false,,
River Logs,07120007.AVI,Organized_data_Nov_2020\CLOG2\nothing, 2020-07-12 12:30:02,FALSE,CLOG2,A,TRUE,FALSE,FALSE,nothing,false,,
River Logs,EK000008.AVI,Organized_data_Nov_2020\PLOG2\B\nothing, 2020-07-12 12:30:14,FALSE,PLOG2,B,TRUE,FALSE,FALSE,nothing,false,,
River Logs,07120008.AVI,Organized_data_Nov_2020\CLOG2\nothing, 2020-07-12 12:33:06,FALSE,CLOG2,A,TRUE,FALSE,FALSE,nothing,false,,
River Logs,EK000009 (2).AVI,Organized_data_Nov_2020\PLOG2\B\nothing, 2020-07-12 12:40:14,FALSE,PLOG2,B,TRUE,FALSE,FALSE,nothing,false,,
River Logs,07120005.AVI,Organized_data_Nov_2020\CLOG3\A\nothing, 2020-07-12 12:43:04,FALSE,CLOG3,A,TRUE,FALSE,FALSE,nothing,false,,
River Logs,07120006.AVI,Organized_data_Nov_2020\CLOG3\A\nothing, 2020-07-12 12:45:04,FALSE,CLOG3,A,TRUE,FALSE,FALSE,nothing,false,,
River Logs,EK000010.AVI,Organized_data_Nov_2020\PLOG2\B\nothing, 2020-07-12 12:45:56,FALSE,PLOG2,B,TRUE,FALSE,FALSE,nothing,false,,
River Logs,07120009.AVI,Organized_data_Nov_2020\CLOG2\nothing, 2020-07-12 12:54:10,FALSE,CLOG2,A,TRUE,FALSE,FALSE,nothing,false,,
River Logs,07120010.AVI,Organized_data_Nov_2020\CLOG2\nothing, 2020-07-12 12:54:54,FALSE,CLOG2,A,TRUE,FALSE,FALSE,nothing,false,,
River Logs,07120011.AVI,Organized_data_Nov_2020\CLOG2\nothing, 2020-07-12 12:55:52,FALSE,CLOG2,A,TRUE,FALSE,FALSE,nothing,false,,
River Logs,07120007.AVI,Organized_data_Nov_2020\CLOG3\A\nothing, 2020-07-12 12:56:22,FALSE,CLOG3,A,TRUE,FALSE,FALSE,nothing,false,,
River Logs,07120008.AVI,Organized_data_Nov_2020\CLOG3\A\nothing, 2020-07-12 12:58:28,FALSE,CLOG3,A,TRUE,FALSE,FALSE,nothing,false,,
River Logs,07120012.AVI,Organized_data_Nov_2020\CLOG2\nothing, 2020-07-12 13:00:02,FALSE,CLOG2,A,TRUE,FALSE,FALSE,nothing,false,,
River Logs,07120013.AVI,Organized_data_Nov_2020\CLOG2\nothing, 2020-07-12 13:02:24,FALSE,CLOG2,A,TRUE,FALSE,FALSE,nothing,false,,
River Logs,07120014.AVI,Organized_data_Nov_2020\CLOG2\nothing, 2020-07-12 13:10:40,FALSE,CLOG2,A,TRUE,FALSE,FALSE,nothing,false,,
River Logs,07120015.AVI,Organized_data_Nov_2020\CLOG2\nothing, 2020-07-12 13:17:42,FALSE,CLOG2,A,TRUE,FALSE,FALSE,nothing,false,,
River Logs,07120016.AVI,Organized_data_Nov_2020\CLOG2\nothing, 2020-07-12 13:20:14,FALSE,CLOG2,A,TRUE,FALSE,FALSE,nothing,false,,
River Logs,07120017.AVI,Organized_data_Nov_2020\CLOG2\nothing, 2020-07-12 13:23:56,FALSE,CLOG2,A,TRUE,FALSE,FALSE,nothing,false,,
River Logs,EK000003.AVI,Organized_data_Nov_2020\CLOG4\on_log\tayra, 2020-07-12 13:27:22,FALSE,CLOG4,A,FALSE,FALSE,TRUE,tayra,false,,
River Logs,RCNX0044.AVI,Organized_data_Nov_2020\PLOG5\B\people, 2020-07-12 13:34:32,FALSE,PLOG5,B,FALSE,FALSE,FALSE,people,true,,
River Logs,07120018.AVI,Organized_data_Nov_2020\CLOG2\nothing, 2020-07-12 13:38:38,FALSE,CLOG2,A,TRUE,FALSE,FALSE,nothing,false,,
River Logs,07120019.AVI,Organized_data_Nov_2020\CLOG2\nothing, 2020-07-12 13:40:20,FALSE,CLOG2,A,TRUE,FALSE,FALSE,nothing,false,,
River Logs,07120020.AVI,Organized_data_Nov_2020\CLOG2\nothing, 2020-07-12 13:41:20,FALSE,CLOG2,A,TRUE,FALSE,FALSE,nothing,false,,
River Logs,07120021.AVI,Organized_data_Nov_2020\CLOG2\nothing, 2020-07-12 13:44:06,FALSE,CLOG2,A,TRUE,FALSE,FALSE,nothing,false,,
River Logs,EK000014.AVI,Organized_data_Nov_2020\PLOG2\A\nothing, 2020-07-12 13:44:32,FALSE,PLOG2,A,TRUE,FALSE,FALSE,nothing,false,,
River Logs,07120022.AVI,Organized_data_Nov_2020\CLOG2\nothing, 2020-07-12 13:45:26,FALSE,CLOG2,A,TRUE,FALSE,FALSE,nothing,false,,
River Logs,07120023.AVI,Organized_data_Nov_2020\CLOG2\nothing, 2020-07-12 13:46:38,FALSE,CLOG2,A,TRUE,FALSE,FALSE,nothing,false,,
River Logs,07120024.AVI,Organized_data_Nov_2020\CLOG2\on_log\lizard_uid, 2020-07-12 14:06:22,FALSE,CLOG2,A,FALSE,FALSE,TRUE,lizard_uid,false,,
River Logs,EK000004.AVI,Organized_data_Nov_2020\CLOG4\nothing, 2020-07-12 14:08:50,FALSE,CLOG4,A,TRUE,FALSE,FALSE,nothing,false,,
River Logs,07120025.AVI,Organized_data_Nov_2020\CLOG2\nothing, 2020-07-12 14:54:10,FALSE,CLOG2,A,TRUE,FALSE,FALSE,nothing,false,,
River Logs,07120026.AVI,Organized_data_Nov_2020\CLOG2\nothing, 2020-07-12 15:35:48,FALSE,CLOG2,A,TRUE,FALSE,FALSE,nothing,false,,
River Logs,07120027.AVI,Organized_data_Nov_2020\CLOG2\nothing, 2020-07-12 15:38:38,FALSE,CLOG2,A,true,false,FALSE,nothing,false,,
River Logs,RCNX0048.AVI,Organized_data_Nov_2020\PLOG5\B\nothing, 2020-07-12 15:42:52,FALSE,PLOG5,B,TRUE,FALSE,FALSE,nothing,false,,
River Logs,PICT0191.AVI,Organized_data_Nov_2020\CLOG6\B\nothing, 2020-07-12 16:51:38,FALSE,CLOG6,B,TRUE,FALSE,FALSE,nothing,false,,
River Logs,PICT0192.AVI,Organized_data_Nov_2020\CLOG6\B\nothing, 2020-07-12 16:53:32,FALSE,CLOG6,B,TRUE,FALSE,FALSE,nothing,false,,
River Logs,PICT0193.AVI,Organized_data_Nov_2020\CLOG6\B\nothing, 2020-07-12 16:54:34,FALSE,CLOG6,B,TRUE,FALSE,FALSE,nothing,false,,
River Logs,EK000008.AVI,Organized_data_Nov_2020\PLOG7\A\nothing, 2020-07-12 17:32:22,FALSE,PLOG7,A,TRUE,FALSE,FALSE,nothing,false,,
River Logs,RCNX0052.AVI,Organized_data_Nov_2020\PLOG5\B\nothing, 2020-07-12 17:39:38,FALSE,PLOG5,B,TRUE,FALSE,FALSE,nothing,false,,
River Logs,07120028.AVI,Organized_data_Nov_2020\CLOG2\people, 2020-07-12 22:36:38,FALSE,CLOG2,A,FALSE,FALSE,FALSE,people,false,,
River Logs,RCNX0056.AVI,Organized_data_Nov_2020\PLOG5\B\on_log\puma, 2020-07-13 00:11:24,FALSE,PLOG5,B,FALSE,FALSE,TRUE,puma,true,,
River Logs,EK000033 (2).AVI,Organized_data_Nov_2020\PLOG4\nothing, 2020-07-13 01:22:58,FALSE,PLOG4,A,TRUE,FALSE,FALSE,nothing,false,,
River Logs,EK000037.AVI,Organized_data_Nov_2020\PLOG4\nothing, 2020-07-13 01:26:46,FALSE,PLOG4,A,TRUE,FALSE,FALSE,nothing,false,,
River Logs,EK000038.AVI,Organized_data_Nov_2020\PLOG4\nothing, 2020-07-13 01:27:30,FALSE,PLOG4,A,TRUE,FALSE,FALSE,nothing,false,,
River Logs,EK000039 (2).AVI,Organized_data_Nov_2020\PLOG4\nothing, 2020-07-13 01:28:18,FALSE,PLOG4,A,TRUE,FALSE,FALSE,nothing,false,,
River Logs,EK000040.AVI,Organized_data_Nov_2020\PLOG4\nothing, 2020-07-13 01:29:00,FALSE,PLOG4,A,TRUE,FALSE,FALSE,nothing,false,,
River Logs,EK000042.AVI,Organized_data_Nov_2020\PLOG4\nothing, 2020-07-13 01:30:44,FALSE,PLOG4,A,TRUE,FALSE,FALSE,nothing,false,,
River Logs,EK000045 (2).AVI,Organized_data_Nov_2020\PLOG4\nothing, 2020-07-13 01:34:20,FALSE,PLOG4,A,TRUE,FALSE,FALSE,nothing,false,,
River Logs,EK000046 (2).AVI,Organized_data_Nov_2020\PLOG4\nothing, 2020-07-13 01:35:52,FALSE,PLOG4,A,TRUE,FALSE,FALSE,nothing,false,,
River Logs,EK000052 (2).AVI,Organized_data_Nov_2020\PLOG4\nothing, 2020-07-13 01:41:04,FALSE,PLOG4,A,TRUE,FALSE,FALSE,nothing,false,,
River Logs,EK000053 (2).AVI,Organized_data_Nov_2020\PLOG4\nothing, 2020-07-13 01:43:56,FALSE,PLOG4,A,TRUE,FALSE,FALSE,nothing,false,,
River Logs,EK000054.AVI,Organized_data_Nov_2020\PLOG4\nothing, 2020-07-13 01:45:08,FALSE,PLOG4,A,TRUE,FALSE,FALSE,nothing,false,,
River Logs,EK000055.AVI,Organized_data_Nov_2020\PLOG4\nothing, 2020-07-13 01:46:34,FALSE,PLOG4,A,TRUE,FALSE,FALSE,nothing,false,,
River Logs,EK000056.AVI,Organized_data_Nov_2020\PLOG4\nothing, 2020-07-13 01:47:26,FALSE,PLOG4,A,TRUE,FALSE,FALSE,nothing,false,,
River Logs,EK000057 (2).AVI,Organized_data_Nov_2020\PLOG4\nothing, 2020-07-13 01:50:44,FALSE,PLOG4,A,TRUE,FALSE,FALSE,nothing,false,,
River Logs,07130029.AVI,Organized_data_Nov_2020\CLOG2\nothing, 2020-07-13 02:04:00,FALSE,CLOG2,A,TRUE,FALSE,FALSE,nothing,false,,
River Logs,EK000069 (2).AVI,Organized_data_Nov_2020\PLOG4\nothing, 2020-07-13 02:05:10,FALSE,PLOG4,A,TRUE,FALSE,FALSE,nothing,false,,
River Logs,EK000070.AVI,Organized_data_Nov_2020\PLOG4\nothing, 2020-07-13 02:06:06,FALSE,PLOG4,A,TRUE,FALSE,FALSE,nothing,false,,
River Logs,EK000071 (2).AVI,Organized_data_Nov_2020\PLOG4\nothing, 2020-07-13 02:07:02,FALSE,PLOG4,A,TRUE,FALSE,FALSE,nothing,false,,
River Logs,EK000074.AVI,Organized_data_Nov_2020\PLOG4\nothing, 2020-07-13 02:09:20,FALSE,PLOG4,A,TRUE,FALSE,FALSE,nothing,false,,
River Logs,EK000077 (2).AVI,Organized_data_Nov_2020\PLOG4\nothing, 2020-07-13 02:11:46,FALSE,PLOG4,A,TRUE,FALSE,FALSE,nothing,false,,
River Logs,EK000078 (2).AVI,Organized_data_Nov_2020\PLOG4\nothing, 2020-07-13 02:12:30,FALSE,PLOG4,A,TRUE,FALSE,FALSE,nothing,false,,
River Logs,EK000084 (2).AVI,Organized_data_Nov_2020\PLOG4\nothing, 2020-07-13 02:17:16,FALSE,PLOG4,A,TRUE,FALSE,FALSE,nothing,false,,
River Logs,EK000085 (2).AVI,Organized_data_Nov_2020\PLOG4\nothing, 2020-07-13 02:18:00,FALSE,PLOG4,A,TRUE,FALSE,FALSE,nothing,false,,
River Logs,EK000089 (2).AVI,Organized_data_Nov_2020\PLOG4\nothing, 2020-07-13 02:21:10,FALSE,PLOG4,A,TRUE,FALSE,FALSE,nothing,false,,
River Logs,EK000098.AVI,Organized_data_Nov_2020\PLOG4\nothing, 2020-07-13 02:32:00,FALSE,PLOG4,A,TRUE,FALSE,FALSE,nothing,false,,
River Logs,EK000099 (2).AVI,Organized_data_Nov_2020\PLOG4\nothing, 2020-07-13 02:32:44,FALSE,PLOG4,A,TRUE,FALSE,FALSE,nothing,false,,
River Logs,RCNX0060.AVI,Organized_data_Nov_2020\PLOG5\B\on_log\opossum_common, 2020-07-13 03:02:14,FALSE,PLOG5,B,FALSE,FALSE,TRUE,opossum_common,true,,
River Logs,07130010.AVI,Organized_data_Nov_2020\PLOG6\on_log\curassow_great, 2020-07-13 07:43:42,FALSE,PLOG6,A,FALSE,FALSE,TRUE,curassow_great,false,,
River Logs,07130021.MP4,Organized_data_Nov_2020\CLOG8\B\setup, 2020-07-13 10:02:10,FALSE,CLOG8,B,FALSE,TRUE,FALSE,setup,false,,
River Logs,EK000022.AVI,Organized_data_Nov_2020\CLOG9\setup, 2020-07-13 10:18:42,FALSE,CLOG9,A,FALSE,TRUE,FALSE,setup,false,,
River Logs,EK000023.AVI,Organized_data_Nov_2020\CLOG9\setup, 2020-07-13 10:19:26,FALSE,CLOG9,A,FALSE,TRUE,FALSE,setup,false,,
River Logs,EK000001 (2).AVI,Organized_data_Nov_2020\CLOG9\setup, 2020-07-13 10:37:08,FALSE,CLOG9,A,FALSE,TRUE,FALSE,setup,false,,
River Logs,EK000002 (2).AVI,Organized_data_Nov_2020\CLOG9\setup, 2020-07-13 10:37:50,FALSE,CLOG9,A,FALSE,TRUE,FALSE,setup,false,,
River Logs,EK000003.AVI,Organized_data_Nov_2020\CLOG9\setup, 2020-07-13 10:38:34,FALSE,CLOG9,A,FALSE,TRUE,FALSE,setup,false,,
River Logs,07130022.MP4,Organized_data_Nov_2020\CLOG8\B\setup, 2020-07-13 10:51:38,FALSE,CLOG8,B,FALSE,TRUE,FALSE,setup,false,,
River Logs,EK000004 (2).AVI,Organized_data_Nov_2020\CLOG9\nothing, 2020-07-13 11:02:16,FALSE,CLOG9,A,TRUE,FALSE,FALSE,nothing,false,,
River Logs,07130001.MP4,Organized_data_Nov_2020\CLOG8\A\setup, 2020-07-13 11:27:24,FALSE,CLOG8,A,FALSE,TRUE,FALSE,setup,false,,
River Logs,07130002.MP4,Organized_data_Nov_2020\CLOG8\A\setup, 2020-07-13 11:28:10,FALSE,CLOG8,A,FALSE,TRUE,FALSE,setup,false,,
River Logs,07130003.MP4,Organized_data_Nov_2020\CLOG8\A\setup, 2020-07-13 11:28:46,FALSE,CLOG8,A,FALSE,TRUE,FALSE,setup,false,,
River Logs,07130004.MP4,Organized_data_Nov_2020\CLOG8\A\setup, 2020-07-13 11:30:48,FALSE,CLOG8,A,FALSE,TRUE,FALSE,setup,false,,
River Logs,07130005.MP4,Organized_data_Nov_2020\CLOG8\A\setup, 2020-07-13 11:31:44,FALSE,CLOG8,A,FALSE,TRUE,FALSE,setup,false,,
River Logs,EK000009.AVI,Organized_data_Nov_2020\PLOG7\A\nothing, 2020-07-13 11:42:10,FALSE,PLOG7,A,TRUE,FALSE,FALSE,nothing,false,,
River Logs,EK000010.AVI,Organized_data_Nov_2020\PLOG7\A\nothing, 2020-07-13 11:46:56,FALSE,PLOG7,A,TRUE,FALSE,FALSE,nothing,false,,
River Logs,RCNX0001 (2).AVI,Organized_data_Nov_2020\CLOG7\setup, 2020-07-13 11:47:36,FALSE,CLOG7,A,FALSE,TRUE,FALSE,setup,false,,
River Logs,EK000004 (2).AVI,Organized_data_Nov_2020\PLOG7\B\nothing, 2020-07-13 11:47:38,FALSE,PLOG7,B,TRUE,FALSE,FALSE,nothing,false,,
River Logs,RCNX0002 (2).AVI,Organized_data_Nov_2020\CLOG7\setup, 2020-07-13 11:48:24,FALSE,CLOG7,A,FALSE,TRUE,FALSE,setup,false,,
River Logs,RCNX0003.AVI,Organized_data_Nov_2020\CLOG7\setup, 2020-07-13 11:49:12,FALSE,CLOG7,A,FALSE,TRUE,FALSE,setup,false,,
River Logs,07130030.AVI,Organized_data_Nov_2020\CLOG2\on_log\lizard_uid, 2020-07-13 11:53:36,FALSE,CLOG2,A,FALSE,FALSE,TRUE,lizard_uid,false,,
River Logs,07130013.MP4,Organized_data_Nov_2020\CLOG6\A\setup, 2020-07-13 11:58:04,FALSE,CLOG6,A,FALSE,TRUE,FALSE,setup,false,,
River Logs,07130031.AVI,Organized_data_Nov_2020\CLOG2\on_log\lizard_uid, 2020-07-13 12:01:16,FALSE,CLOG2,A,FALSE,FALSE,TRUE,lizard_uid,false,,
River Logs,07130032.AVI,Organized_data_Nov_2020\CLOG2\nothing, 2020-07-13 12:04:04,FALSE,CLOG2,A,TRUE,FALSE,FALSE,nothing,false,,
River Logs,07130001.MP4,Organized_data_Nov_2020\CLOG10\setup, 2020-07-13 12:28:32,FALSE,CLOG10,A,FALSE,TRUE,FALSE,setup,false,,
River Logs,07130002.MP4,Organized_data_Nov_2020\CLOG10\setup, 2020-07-13 12:29:20,FALSE,CLOG10,A,FALSE,TRUE,FALSE,setup,false,,
River Logs,RCNX0064.AVI,Organized_data_Nov_2020\PLOG5\B\on_log\tamandua, 2020-07-13 12:52:38,FALSE,PLOG5,B,FALSE,FALSE,TRUE,tamandua,true,,
River Logs,07130003.MP4,Organized_data_Nov_2020\CLOG10\nothing, 2020-07-13 12:59:32,FALSE,CLOG10,A,TRUE,FALSE,FALSE,nothing,false,,
River Logs,07130004.MP4,Organized_data_Nov_2020\CLOG10\off_log\bird, 2020-07-13 13:34:36,FALSE,CLOG10,A,FALSE,FALSE,FALSE,bird,false,,
River Logs,EK000011.AVI,Organized_data_Nov_2020\PLOG7\A\nothing, 2020-07-13 16:49:12,FALSE,PLOG7,A,TRUE,FALSE,FALSE,nothing,false,,
River Logs,EK000012.AVI,Organized_data_Nov_2020\PLOG7\A\nothing, 2020-07-13 16:53:20,FALSE,PLOG7,A,TRUE,FALSE,FALSE,nothing,false,,
River Logs,RCNX0068.AVI,Organized_data_Nov_2020\PLOG5\B\nothing, 2020-07-13 18:42:50,FALSE,PLOG5,B,TRUE,FALSE,FALSE,nothing,false,,
River Logs,07130005.MP4,Organized_data_Nov_2020\CLOG10\off_log\coati, 2020-07-13 19:21:16,FALSE,CLOG10,A,FALSE,FALSE,FALSE,coati,false,,
River Logs,EK000011.AVI,Organized_data_Nov_2020\PLOG2\B\nothing, 2020-07-13 21:56:56,FALSE,PLOG2,B,TRUE,FALSE,FALSE,nothing,false,,
River Logs,07130011.AVI,Organized_data_Nov_2020\PLOG6\on_log\rodent, 2020-07-13 22:56:42,FALSE,PLOG6,A,FALSE,FALSE,TRUE,rodent,true,,
River Logs,RCNX0072 (2).AVI,Organized_data_Nov_2020\PLOG5\B\nothing, 2020-07-13 22:58:00,FALSE,PLOG5,B,TRUE,FALSE,FALSE,nothing,false,,
River Logs,07130033.AVI,Organized_data_Nov_2020\CLOG2\nothing, 2020-07-13 23:16:58,FALSE,CLOG2,A,TRUE,FALSE,FALSE,nothing,false,,
River Logs,RCNX0076.AVI,Organized_data_Nov_2020\PLOG5\B\on_log\skunk_striped, 2020-07-13 23:26:26,FALSE,PLOG5,B,FALSE,FALSE,TRUE,skunk_striped,false,,
River Logs,07130034.AVI,Organized_data_Nov_2020\CLOG2\on_log\tamandua, 2020-07-13 23:50:48,FALSE,CLOG2,A,FALSE,FALSE,TRUE,tamandua,true,,
River Logs,EK000012.AVI,Organized_data_Nov_2020\PLOG2\B\on_log\tamandua, 2020-07-14 01:04:32,FALSE,PLOG2,B,FALSE,FALSE,TRUE,tamandua,false,,
River Logs,EK000015.AVI,Organized_data_Nov_2020\PLOG2\A\on_log\tamandua, 2020-07-14 01:07:00,FALSE,PLOG2,A,FALSE,FALSE,TRUE,tamandua,false,,
River Logs,EK000013.AVI,Organized_data_Nov_2020\PLOG7\A\nothing, 2020-07-14 02:13:06,FALSE,PLOG7,A,TRUE,FALSE,FALSE,nothing,false,,
River Logs,EK000118.AVI,Organized_data_Nov_2020\PLOG4\nothing, 2020-07-14 02:22:20,FALSE,PLOG4,A,TRUE,FALSE,FALSE,nothing,false,,
River Logs,EK000120.AVI,Organized_data_Nov_2020\PLOG4\nothing, 2020-07-14 02:42:14,FALSE,PLOG4,A,TRUE,FALSE,FALSE,nothing,false,,
River Logs,EK000122.AVI,Organized_data_Nov_2020\PLOG4\nothing, 2020-07-14 02:42:22,FALSE,PLOG4,A,TRUE,FALSE,FALSE,nothing,false,,
River Logs,EK000125 (2).AVI,Organized_data_Nov_2020\PLOG4\nothing, 2020-07-14 04:33:36,FALSE,PLOG4,A,TRUE,FALSE,FALSE,nothing,false,,
River Logs,EK000126 (2).AVI,Organized_data_Nov_2020\PLOG4\nothing, 2020-07-14 04:33:40,FALSE,PLOG4,A,TRUE,FALSE,FALSE,nothing,false,,
River Logs,EK000128 (2).AVI,Organized_data_Nov_2020\PLOG4\nothing, 2020-07-14 04:47:50,FALSE,PLOG4,A,TRUE,FALSE,FALSE,nothing,false,,
River Logs,EK000131 (2).AVI,Organized_data_Nov_2020\PLOG4\nothing, 2020-07-14 04:48:10,FALSE,PLOG4,A,TRUE,FALSE,FALSE,nothing,false,,
River Logs,EK000134.AVI,Organized_data_Nov_2020\PLOG4\nothing, 2020-07-14 05:15:42,FALSE,PLOG4,A,TRUE,FALSE,FALSE,nothing,false,,
River Logs,EK000135.AVI,Organized_data_Nov_2020\PLOG4\nothing, 2020-07-14 05:15:44,FALSE,PLOG4,A,TRUE,FALSE,FALSE,nothing,false,,
River Logs,EK000138.AVI,Organized_data_Nov_2020\PLOG4\nothing, 2020-07-14 05:15:50,FALSE,PLOG4,A,TRUE,FALSE,FALSE,nothing,false,,
River Logs,EK000014.AVI,Organized_data_Nov_2020\PLOG7\A\nothing, 2020-07-14 06:16:18,FALSE,PLOG7,A,TRUE,FALSE,FALSE,nothing,false,,
River Logs,07140035.AVI,Organized_data_Nov_2020\CLOG2\on_log\lizard_uid, 2020-07-14 11:52:36,FALSE,CLOG2,A,FALSE,FALSE,TRUE,lizard_uid,false,,
River Logs,EK000141.AVI,Organized_data_Nov_2020\PLOG4\nothing, 2020-07-14 12:40:02,FALSE,PLOG4,A,TRUE,FALSE,FALSE,nothing,false,,
River Logs,EK000142.AVI,Organized_data_Nov_2020\PLOG4\nothing, 2020-07-14 12:40:52,FALSE,PLOG4,A,TRUE,FALSE,FALSE,nothing,false,,
River Logs,EK000005.AVI,Organized_data_Nov_2020\CLOG4\nothing, 2020-07-14 12:42:28,FALSE,CLOG4,A,TRUE,FALSE,FALSE,nothing,false,,
River Logs,EK000143.AVI,Organized_data_Nov_2020\PLOG4\nothing, 2020-07-14 12:46:50,FALSE,PLOG4,A,TRUE,FALSE,FALSE,nothing,false,,
River Logs,EK000013.AVI,Organized_data_Nov_2020\PLOG2\B\on_log\agouti, 2020-07-14 12:56:08,FALSE,PLOG2,B,FALSE,FALSE,TRUE,agouti,true,,
River Logs,EK000144.AVI,Organized_data_Nov_2020\PLOG4\nothing, 2020-07-14 13:03:22,FALSE,PLOG4,A,TRUE,FALSE,FALSE,nothing,false,,
River Logs,EK000145.AVI,Organized_data_Nov_2020\PLOG4\nothing, 2020-07-14 14:18:44,FALSE,PLOG4,A,TRUE,FALSE,FALSE,nothing,false,,
River Logs,EK000146.AVI,Organized_data_Nov_2020\PLOG4\nothing, 2020-07-14 14:19:34,FALSE,PLOG4,A,TRUE,FALSE,FALSE,nothing,false,,
River Logs,EK000148.AVI,Organized_data_Nov_2020\PLOG4\nothing, 2020-07-14 14:22:10,FALSE,PLOG4,A,TRUE,FALSE,FALSE,nothing,false,,
River Logs,EK000149.AVI,Organized_data_Nov_2020\PLOG4\nothing, 2020-07-14 14:24:00,FALSE,PLOG4,A,TRUE,FALSE,FALSE,nothing,false,,
River Logs,EK000006 (2).AVI,Organized_data_Nov_2020\CLOG4\on_log\bird, 2020-07-14 15:15:00,FALSE,CLOG4,A,FALSE,FALSE,TRUE,bird,false,,
River Logs,EK000007.AVI,Organized_data_Nov_2020\CLOG4\nothing, 2020-07-14 15:15:52,FALSE,CLOG4,A,TRUE,FALSE,FALSE,nothing,false,,
River Logs,EK000015.AVI,Organized_data_Nov_2020\PLOG7\A\nothing, 2020-07-14 15:21:44,FALSE,PLOG7,A,TRUE,FALSE,FALSE,nothing,false,,
River Logs,RCNX0080.AVI,Organized_data_Nov_2020\PLOG5\B\on_log\coati, 2020-07-14 15:48:04,FALSE,PLOG5,B,FALSE,FALSE,TRUE,coati,true,,
River Logs,EK000016.AVI,Organized_data_Nov_2020\PLOG7\A\nothing, 2020-07-14 17:31:10,FALSE,PLOG7,A,TRUE,FALSE,FALSE,nothing,false,,
River Logs,EK000017.AVI,Organized_data_Nov_2020\PLOG7\A\nothing, 2020-07-14 17:32:04,FALSE,PLOG7,A,TRUE,FALSE,FALSE,nothing,false,,
River Logs,EK000018.AVI,Organized_data_Nov_2020\PLOG7\A\nothing, 2020-07-14 17:33:02,FALSE,PLOG7,A,TRUE,FALSE,FALSE,nothing,false,,
River Logs,EK000019.AVI,Organized_data_Nov_2020\PLOG7\A\nothing, 2020-07-14 17:34:36,FALSE,PLOG7,A,TRUE,FALSE,FALSE,nothing,false,,
River Logs,RCNX0084 (2).AVI,Organized_data_Nov_2020\PLOG5\B\on_log\tayra, 2020-07-14 18:20:22,FALSE,PLOG5,B,FALSE,FALSE,TRUE,tayra,true,,
River Logs,07140006.MP4,Organized_data_Nov_2020\CLOG8\A\on_log\ocelot, 2020-07-14 20:33:50,FALSE,CLOG8,A,FALSE,FALSE,TRUE,ocelot,true,,
River Logs,RCNX0088.AVI,Organized_data_Nov_2020\PLOG5\B\nothing, 2020-07-14 20:40:00,FALSE,PLOG5,B,TRUE,FALSE,FALSE,nothing,false,,
River Logs,07140007.MP4,Organized_data_Nov_2020\CLOG8\A\on_log\ocelot, 2020-07-14 20:40:26,FALSE,CLOG8,A,FALSE,FALSE,TRUE,ocelot,true,,
River Logs,07140008.MP4,Organized_data_Nov_2020\CLOG8\A\on_log\ocelot, 2020-07-14 23:04:12,FALSE,CLOG8,A,FALSE,FALSE,TRUE,margay,true,,
River Logs,EK000008.AVI,Organized_data_Nov_2020\CLOG4\on_log\tamandua, 2020-07-15 00:05:36,FALSE,CLOG4,A,FALSE,FALSE,TRUE,tamandua,true,,
River Logs,07140006.MP4,Organized_data_Nov_2020\CLOG10\on_log\skunk_striped, 2020-07-15 01:30:24,FALSE,CLOG10,A,FALSE,FALSE,TRUE,skunk_striped,true,,
River Logs,07140009.AVI,Organized_data_Nov_2020\CLOG3\A\on_log\opossum_common, 2020-07-15 01:36:56,FALSE,CLOG3,A,FALSE,FALSE,TRUE,opossum_common,false,,
River Logs,07150005.AVI,Organized_data_Nov_2020\CLOG1\nothing, 2020-07-15 02:25:10,FALSE,CLOG1,A,TRUE,FALSE,FALSE,nothing,false,,
River Logs,07150007.MP4,Organized_data_Nov_2020\CLOG10\on_log\tamandua, 2020-07-15 05:34:44,FALSE,CLOG10,A,FALSE,FALSE,TRUE,tamandua,true,,
River Logs,EK000005.AVI,Organized_data_Nov_2020\PLOG7\B\on_log\ocelot, 2020-07-15 06:20:30,FALSE,PLOG7,B,FALSE,FALSE,TRUE,ocelot,true,,
River Logs,EK000005.AVI,Organized_data_Nov_2020\CLOG9\on_log\tamandua, 2020-07-15 06:37:18,FALSE,CLOG9,A,FALSE,FALSE,TRUE,tamandua,true,,
River Logs,EK000016.AVI,Organized_data_Nov_2020\PLOG2\A\nothing, 2020-07-15 07:43:38,FALSE,PLOG2,A,TRUE,FALSE,FALSE,nothing,false,,
River Logs,RCNX0092.AVI,Organized_data_Nov_2020\PLOG5\B\nothing, 2020-07-15 10:07:06,FALSE,PLOG5,B,TRUE,FALSE,FALSE,nothing,false,,
River Logs,07150012.AVI,Organized_data_Nov_2020\PLOG6\nothing, 2020-07-15 10:24:44,FALSE,PLOG6,A,TRUE,FALSE,FALSE,nothing,false,,
River Logs,07150008.MP4,Organized_data_Nov_2020\CLOG10\off_log\curassow_great, 2020-07-15 11:28:48,FALSE,CLOG10,A,FALSE,FALSE,FALSE,curassow_great,false,,
River Logs,07150009.MP4,Organized_data_Nov_2020\CLOG8\A\on_log\tayra, 2020-07-15 12:04:16,FALSE,CLOG8,A,FALSE,FALSE,TRUE,tayra,true,,
River Logs,EK000020.AVI,Organized_data_Nov_2020\PLOG7\A\nothing, 2020-07-15 12:23:20,FALSE,PLOG7,A,TRUE,FALSE,FALSE,nothing,false,,
River Logs,EK000001.AVI,Organized_data_Nov_2020\PLOG8\A\setup, 2020-07-15 13:19:52,FALSE,PLOG8,A,FALSE,TRUE,FALSE,setup,false,,
River Logs,EK000002.AVI,Organized_data_Nov_2020\PLOG8\A\setup, 2020-07-15 13:20:44,FALSE,PLOG8,A,FALSE,TRUE,FALSE,setup,false,,
River Logs,EK000003.AVI,Organized_data_Nov_2020\PLOG8\A\setup, 2020-07-15 13:21:56,FALSE,PLOG8,A,FALSE,TRUE,FALSE,setup,false,,
River Logs,EK000004.AVI,Organized_data_Nov_2020\PLOG8\A\setup, 2020-07-15 13:23:24,FALSE,PLOG8,A,FALSE,TRUE,FALSE,setup,false,,
River Logs,07150013.AVI,Organized_data_Nov_2020\PLOG6\on_log\bird, 2020-07-15 13:32:48,FALSE,PLOG6,A,FALSE,FALSE,TRUE,bird,false,,
River Logs,EK000150.AVI,Organized_data_Nov_2020\PLOG4\nothing, 2020-07-15 14:28:42,FALSE,PLOG4,A,TRUE,FALSE,FALSE,nothing,false,,
River Logs,EK000151.AVI,Organized_data_Nov_2020\PLOG4\nothing, 2020-07-15 14:37:34,FALSE,PLOG4,A,TRUE,FALSE,FALSE,nothing,false,,
River Logs,07150009.MP4,Organized_data_Nov_2020\CLOG10\on_log\coati, 2020-07-15 14:51:34,FALSE,CLOG10,A,FALSE,FALSE,TRUE,coati,true,,
River Logs,EK000152.AVI,Organized_data_Nov_2020\PLOG4\off_log\Linzard, 2020-07-15 14:56:30,FALSE,PLOG4,A,FALSE,FALSE,FALSE,lizard_uid,false,,
River Logs,EK000153.AVI,Organized_data_Nov_2020\PLOG4\nothing, 2020-07-15 15:01:26,FALSE,PLOG4,A,TRUE,FALSE,FALSE,nothing,false,,
River Logs,EK000154.AVI,Organized_data_Nov_2020\PLOG4\nothing, 2020-07-15 15:02:12,FALSE,PLOG4,A,TRUE,FALSE,FALSE,nothing,false,,
River Logs,EK000155.AVI,Organized_data_Nov_2020\PLOG4\nothing, 2020-07-15 15:25:46,FALSE,PLOG4,A,TRUE,FALSE,FALSE,nothing,false,,
River Logs,EK000156.AVI,Organized_data_Nov_2020\PLOG4\nothing, 2020-07-15 15:29:28,FALSE,PLOG4,A,TRUE,FALSE,FALSE,nothing,false,,
River Logs,EK000005.AVI,Organized_data_Nov_2020\PLOG8\A\nothing, 2020-07-15 15:56:42,FALSE,PLOG8,A,TRUE,FALSE,FALSE,nothing,false,,
River Logs,EK000006.AVI,Organized_data_Nov_2020\PLOG8\A\nothing, 2020-07-15 16:06:34,FALSE,PLOG8,A,TRUE,FALSE,FALSE,nothing,false,,
River Logs,EK000157.AVI,Organized_data_Nov_2020\PLOG4\nothing, 2020-07-15 16:30:48,FALSE,PLOG4,A,TRUE,FALSE,FALSE,nothing,false,,
River Logs,EK000158.AVI,Organized_data_Nov_2020\PLOG4\nothing, 2020-07-15 16:32:06,FALSE,PLOG4,A,TRUE,FALSE,FALSE,nothing,false,,
River Logs,EK000159.AVI,Organized_data_Nov_2020\PLOG4\nothing, 2020-07-15 16:46:22,FALSE,PLOG4,A,TRUE,FALSE,FALSE,nothing,false,,
River Logs,EK000160.AVI,Organized_data_Nov_2020\PLOG4\nothing, 2020-07-15 16:47:54,FALSE,PLOG4,A,TRUE,FALSE,FALSE,nothing,false,,
River Logs,EK000161.AVI,Organized_data_Nov_2020\PLOG4\nothing, 2020-07-15 16:48:50,FALSE,PLOG4,A,TRUE,FALSE,FALSE,nothing,false,,
River Logs,EK000162.AVI,Organized_data_Nov_2020\PLOG4\nothing, 2020-07-15 16:50:10,FALSE,PLOG4,A,TRUE,FALSE,FALSE,nothing,false,,
River Logs,RCNX0004 (2).AVI,Organized_data_Nov_2020\CLOG7\on_log\coati, 2020-07-15 16:54:36,FALSE,CLOG7,A,FALSE,FALSE,TRUE,coati,true,,
River Logs,EK000163.AVI,Organized_data_Nov_2020\PLOG4\nothing, 2020-07-15 16:57:22,FALSE,PLOG4,A,TRUE,FALSE,FALSE,nothing,false,,
River Logs,EK000164.AVI,Organized_data_Nov_2020\PLOG4\nothing, 2020-07-15 16:58:32,FALSE,PLOG4,A,TRUE,FALSE,FALSE,nothing,false,,
River Logs,EK000165.AVI,Organized_data_Nov_2020\PLOG4\nothing, 2020-07-15 17:08:10,FALSE,PLOG4,A,TRUE,FALSE,FALSE,nothing,false,,
River Logs,EK000166.AVI,Organized_data_Nov_2020\PLOG4\nothing, 2020-07-15 17:32:36,FALSE,PLOG4,A,TRUE,FALSE,FALSE,nothing,false,,
River Logs,07150010.AVI,Organized_data_Nov_2020\CLOG3\A\nothing, 2020-07-15 18:47:16,FALSE,CLOG3,A,TRUE,FALSE,FALSE,nothing,false,,
River Logs,PICT0001.AVI,Organized_data_Nov_2020\PLOG3\B\people, 2020-07-15 19:14:54,FALSE,PLOG3,B,FALSE,FALSE,FALSE,people,false,,
River Logs,PICT0002.AVI,Organized_data_Nov_2020\PLOG3\B\people, 2020-07-15 19:54:54,FALSE,PLOG3,B,FALSE,FALSE,FALSE,people,false,,
River Logs,RCNX0096.AVI,Organized_data_Nov_2020\PLOG5\B\nothing, 2020-07-15 20:17:02,FALSE,PLOG5,B,TRUE,FALSE,FALSE,nothing,false,,
River Logs,EK000017.AVI,Organized_data_Nov_2020\PLOG2\A\on_log\opossum_common, 2020-07-15 21:26:50,FALSE,PLOG2,A,FALSE,FALSE,TRUE,opossum_foureyed,true,,
River Logs,EK000007.AVI,Organized_data_Nov_2020\PLOG8\A\nothing, 2020-07-15 23:23:30,FALSE,PLOG8,A,TRUE,FALSE,FALSE,nothing,false,,
River Logs,EK000018.AVI,Organized_data_Nov_2020\PLOG2\A\nothing, 2020-07-16 01:09:02,FALSE,PLOG2,A,TRUE,FALSE,FALSE,nothing,false,,
River Logs,EK000019 (2).AVI,Organized_data_Nov_2020\PLOG2\A\nothing, 2020-07-16 01:29:04,FALSE,PLOG2,A,TRUE,FALSE,FALSE,nothing,false,,
River Logs,EK000020.AVI,Organized_data_Nov_2020\PLOG2\A\on_log\tamandua, 2020-07-16 02:26:38,FALSE,PLOG2,A,FALSE,FALSE,TRUE,tamandua,false,,
River Logs,EK000021.AVI,Organized_data_Nov_2020\PLOG2\A\nothing, 2020-07-16 02:27:52,FALSE,PLOG2,A,TRUE,FALSE,FALSE,nothing,false,,
River Logs,RCNX0100.AVI,Organized_data_Nov_2020\PLOG5\B\on_log\skunk_striped, 2020-07-16 04:07:04,FALSE,PLOG5,B,FALSE,FALSE,TRUE,skunk_striped,true,,
River Logs,EK000021.AVI,Organized_data_Nov_2020\PLOG7\A\nothing, 2020-07-16 04:56:32,FALSE,PLOG7,A,TRUE,FALSE,FALSE,nothing,false,,
River Logs,07160014.AVI,Organized_data_Nov_2020\PLOG6\on_log\rodent, 2020-07-16 06:34:38,FALSE,PLOG6,A,FALSE,FALSE,TRUE,rodent,true,,
River Logs,07160015.AVI,Organized_data_Nov_2020\PLOG6\on_log\squirrel_uid, 2020-07-16 08:08:48,FALSE,PLOG6,A,FALSE,FALSE,TRUE,squirrel_uid,true,,
River Logs,EK000022.AVI,Organized_data_Nov_2020\PLOG7\A\nothing, 2020-07-16 11:05:24,FALSE,PLOG7,A,TRUE,FALSE,FALSE,nothing,false,,
River Logs,EK000023.AVI,Organized_data_Nov_2020\PLOG7\A\nothing, 2020-07-16 11:20:32,FALSE,PLOG7,A,TRUE,FALSE,FALSE,nothing,false,,
River Logs,EK000024.AVI,Organized_data_Nov_2020\PLOG7\A\nothing, 2020-07-16 11:21:36,FALSE,PLOG7,A,TRUE,FALSE,FALSE,nothing,false,,
River Logs,EK000025.AVI,Organized_data_Nov_2020\PLOG7\A\nothing, 2020-07-16 11:29:44,FALSE,PLOG7,A,TRUE,FALSE,FALSE,nothing,false,,
River Logs,EK000026.AVI,Organized_data_Nov_2020\PLOG7\A\nothing, 2020-07-16 11:38:58,FALSE,PLOG7,A,TRUE,FALSE,FALSE,nothing,false,,
River Logs,EK000009.AVI,Organized_data_Nov_2020\CLOG4\on_log\lizard_uid, 2020-07-16 12:31:32,FALSE,CLOG4,A,FALSE,FALSE,TRUE,lizard_uid,false,,
River Logs,EK000027.AVI,Organized_data_Nov_2020\PLOG7\A\nothing, 2020-07-16 12:32:06,FALSE,PLOG7,A,TRUE,FALSE,FALSE,nothing,false,,
River Logs,EK000028.AVI,Organized_data_Nov_2020\PLOG7\A\nothing, 2020-07-16 12:45:06,FALSE,PLOG7,A,TRUE,FALSE,FALSE,nothing,false,,
River Logs,EK000167.AVI,Organized_data_Nov_2020\PLOG4\nothing, 2020-07-16 13:03:32,FALSE,PLOG4,A,TRUE,FALSE,FALSE,nothing,false,,
River Logs,07160010.MP4,Organized_data_Nov_2020\CLOG10\on_log\tayra, 2020-07-16 13:28:04,FALSE,CLOG10,A,FALSE,FALSE,TRUE,tayra,true,,
River Logs,EK000168.AVI,Organized_data_Nov_2020\PLOG4\nothing, 2020-07-16 13:36:32,FALSE,PLOG4,A,TRUE,FALSE,FALSE,nothing,false,,
River Logs,EK000169.AVI,Organized_data_Nov_2020\PLOG4\nothing, 2020-07-16 13:37:26,FALSE,PLOG4,A,TRUE,FALSE,FALSE,nothing,false,,
River Logs,EK000010.AVI,Organized_data_Nov_2020\CLOG4\nothing, 2020-07-16 13:38:48,FALSE,CLOG4,A,TRUE,FALSE,FALSE,nothing,false,,
River Logs,EK000029.AVI,Organized_data_Nov_2020\PLOG7\A\nothing, 2020-07-16 15:33:50,FALSE,PLOG7,A,TRUE,FALSE,FALSE,nothing,false,,
River Logs,EK000030.AVI,Organized_data_Nov_2020\PLOG7\A\nothing, 2020-07-16 15:35:00,FALSE,PLOG7,A,TRUE,FALSE,FALSE,nothing,false,,
River Logs,EK000031.AVI,Organized_data_Nov_2020\PLOG7\A\nothing, 2020-07-16 15:36:12,FALSE,PLOG7,A,TRUE,FALSE,FALSE,nothing,false,,
River Logs,EK000032.AVI,Organized_data_Nov_2020\PLOG7\A\nothing, 2020-07-16 15:38:00,FALSE,PLOG7,A,TRUE,FALSE,FALSE,nothing,false,,
River Logs,EK000033.AVI,Organized_data_Nov_2020\PLOG7\A\nothing, 2020-07-16 15:39:30,FALSE,PLOG7,A,TRUE,FALSE,FALSE,nothing,false,,
River Logs,EK000034.AVI,Organized_data_Nov_2020\PLOG7\A\nothing, 2020-07-16 15:40:26,FALSE,PLOG7,A,TRUE,FALSE,FALSE,nothing,false,,
River Logs,EK000035.AVI,Organized_data_Nov_2020\PLOG7\A\nothing, 2020-07-16 15:41:26,FALSE,PLOG7,A,TRUE,FALSE,FALSE,nothing,false,,
River Logs,EK000036.AVI,Organized_data_Nov_2020\PLOG7\A\nothing, 2020-07-16 15:42:22,FALSE,PLOG7,A,TRUE,FALSE,FALSE,nothing,false,,
River Logs,EK000037.AVI,Organized_data_Nov_2020\PLOG7\A\nothing, 2020-07-16 15:43:18,FALSE,PLOG7,A,TRUE,FALSE,FALSE,nothing,false,,
River Logs,EK000038.AVI,Organized_data_Nov_2020\PLOG7\A\nothing, 2020-07-16 15:45:16,FALSE,PLOG7,A,TRUE,FALSE,FALSE,nothing,false,,
River Logs,EK000039.AVI,Organized_data_Nov_2020\PLOG7\A\nothing, 2020-07-16 15:46:06,FALSE,PLOG7,A,TRUE,FALSE,FALSE,nothing,false,,
River Logs,EK000040.AVI,Organized_data_Nov_2020\PLOG7\A\nothing, 2020-07-16 15:47:50,FALSE,PLOG7,A,TRUE,FALSE,FALSE,nothing,false,,
River Logs,EK000041.AVI,Organized_data_Nov_2020\PLOG7\A\nothing, 2020-07-16 15:48:50,FALSE,PLOG7,A,TRUE,FALSE,FALSE,nothing,false,,
River Logs,EK000042.AVI,Organized_data_Nov_2020\PLOG7\A\nothing, 2020-07-16 15:50:46,FALSE,PLOG7,A,TRUE,FALSE,FALSE,nothing,false,,
River Logs,EK000043.AVI,Organized_data_Nov_2020\PLOG7\A\nothing, 2020-07-16 15:52:18,FALSE,PLOG7,A,TRUE,FALSE,FALSE,nothing,false,,
River Logs,EK000044.AVI,Organized_data_Nov_2020\PLOG7\A\nothing, 2020-07-16 15:53:18,FALSE,PLOG7,A,TRUE,FALSE,FALSE,nothing,false,,
River Logs,EK000045.AVI,Organized_data_Nov_2020\PLOG7\A\nothing, 2020-07-16 15:55:08,FALSE,PLOG7,A,TRUE,FALSE,FALSE,nothing,false,,
River Logs,RCNX0104 (2).AVI,Organized_data_Nov_2020\PLOG5\B\nothing, 2020-07-16 17:24:02,FALSE,PLOG5,B,TRUE,FALSE,FALSE,nothing,false,,
River Logs,EK000008.AVI,Organized_data_Nov_2020\PLOG8\A\nothing, 2020-07-16 17:59:46,FALSE,PLOG8,A,TRUE,FALSE,FALSE,nothing,false,,
River Logs,EK000046.AVI,Organized_data_Nov_2020\PLOG7\A\on_log\coati, 2020-07-16 19:15:52,FALSE,PLOG7,A,FALSE,FALSE,TRUE,coati,true,,
River Logs,EK000016.AVI,Organized_data_Nov_2020\PLOG2\B\people, 2020-07-16 21:24:48,FALSE,PLOG2,B,FALSE,FALSE,FALSE,people,false,,
River Logs,EK000022.AVI,Organized_data_Nov_2020\PLOG2\A\people, 2020-07-16 21:25:58,FALSE,PLOG2,A,FALSE,FALSE,FALSE,people,false,,
River Logs,EK000023.AVI,Organized_data_Nov_2020\PLOG2\A\people, 2020-07-16 21:26:40,FALSE,PLOG2,A,FALSE,FALSE,FALSE,people,false,,
River Logs,PICT0003.AVI,Organized_data_Nov_2020\PLOG3\B\people, 2020-07-16 21:56:22,FALSE,PLOG3,B,FALSE,FALSE,FALSE,people,false,,
River Logs,07160010.MP4,Organized_data_Nov_2020\CLOG8\A\on_log\rodent, 2020-07-16 22:56:16,FALSE,CLOG8,A,FALSE,FALSE,TRUE,rodent,false,,
River Logs,07160011.MP4,Organized_data_Nov_2020\CLOG8\A\on_log\rodent, 2020-07-16 22:57:04,FALSE,CLOG8,A,FALSE,FALSE,TRUE,rodent,true,,
River Logs,07160012.MP4,Organized_data_Nov_2020\CLOG8\A\on_log\rodent, 2020-07-16 22:58:54,FALSE,CLOG8,A,FALSE,FALSE,TRUE,rodent,true,,
River Logs,EK000009.AVI,Organized_data_Nov_2020\PLOG8\A\nothing, 2020-07-16 23:59:24,FALSE,PLOG8,A,TRUE,FALSE,FALSE,nothing,false,,
River Logs,EK000010.AVI,Organized_data_Nov_2020\PLOG8\A\nothing, 2020-07-17 00:03:28,FALSE,PLOG8,A,TRUE,FALSE,FALSE,nothing,false,,
River Logs,07160016.AVI,Organized_data_Nov_2020\PLOG6\nothing, 2020-07-17 00:20:56,FALSE,PLOG6,A,TRUE,FALSE,FALSE,uid,false,,
River Logs,EK000024.AVI,Organized_data_Nov_2020\PLOG2\A\on_log\tamandua, 2020-07-17 00:25:22,FALSE,PLOG2,A,FALSE,FALSE,TRUE,tamandua,false,,
River Logs,EK000011.AVI,Organized_data_Nov_2020\PLOG8\A\nothing, 2020-07-17 00:46:48,FALSE,PLOG8,A,TRUE,FALSE,FALSE,nothing,false,,
River Logs,07160017.AVI,Organized_data_Nov_2020\PLOG6\on_log\skunk_striped, 2020-07-17 01:11:22,FALSE,PLOG6,A,FALSE,FALSE,TRUE,skunk_striped,true,,
River Logs,07160018.AVI,Organized_data_Nov_2020\PLOG6\on_log\skunk_striped, 2020-07-17 01:14:58,FALSE,PLOG6,A,FALSE,FALSE,TRUE,skunk_striped,true,,
River Logs,07160011.AVI,Organized_data_Nov_2020\CLOG3\A\on_log\raccoon, 2020-07-17 01:48:44,FALSE,CLOG3,A,FALSE,FALSE,TRUE,racoon_crabeating,true,,
River Logs,07170012.AVI,Organized_data_Nov_2020\CLOG3\A\on_log\raccoon, 2020-07-17 02:17:02,FALSE,CLOG3,A,FALSE,FALSE,TRUE,racoon_crabeating,true,,
River Logs,EK000011.AVI,Organized_data_Nov_2020\CLOG4\on_log\tamandua, 2020-07-17 04:02:02,FALSE,CLOG4,A,FALSE,FALSE,TRUE,tamandua,true,,
River Logs,EK000012 (2).AVI,Organized_data_Nov_2020\CLOG4\on_log\tamandua, 2020-07-17 04:03:26,FALSE,CLOG4,A,FALSE,FALSE,TRUE,tamandua,true,,
River Logs,EK000047.AVI,Organized_data_Nov_2020\PLOG7\A\on_log\skunk_striped, 2020-07-17 04:08:48,FALSE,PLOG7,A,FALSE,FALSE,TRUE,skunk_striped,true,,
River Logs,EK000013 (2).AVI,Organized_data_Nov_2020\CLOG4\on_log\tamandua, 2020-07-17 04:48:26,FALSE,CLOG4,A,FALSE,FALSE,TRUE,tamandua,true,,
River Logs,EK000012.AVI,Organized_data_Nov_2020\PLOG8\A\nothing, 2020-07-17 05:29:34,FALSE,PLOG8,A,TRUE,FALSE,FALSE,nothing,false,,
River Logs,EK000014 (2).AVI,Organized_data_Nov_2020\CLOG4\on_log\tamandua, 2020-07-17 06:03:54,FALSE,CLOG4,A,FALSE,FALSE,TRUE,tamandua,true,,
River Logs,07170013.MP4,Organized_data_Nov_2020\CLOG8\A\on_log\tayra, 2020-07-17 08:06:16,FALSE,CLOG8,A,FALSE,FALSE,TRUE,tayra,true,,
River Logs,RCNX0005.AVI,Organized_data_Nov_2020\CLOG7\on_log\tayra, 2020-07-17 08:07:56,FALSE,CLOG7,A,FALSE,FALSE,TRUE,tayra,true,,
River Logs,RCNX0006.AVI,Organized_data_Nov_2020\CLOG7\on_log\coati, 2020-07-17 08:20:54,FALSE,CLOG7,A,FALSE,FALSE,TRUE,coati,true,,
River Logs,RCNX0007.AVI,Organized_data_Nov_2020\CLOG7\nothing, 2020-07-17 08:21:38,FALSE,CLOG7,A,TRUE,FALSE,FALSE,coati,false,,
River Logs,RCNX0008.AVI,Organized_data_Nov_2020\CLOG7\on_log\coati, 2020-07-17 08:23:28,FALSE,CLOG7,A,FALSE,FALSE,TRUE,coati,true,,
River Logs,RCNX0009.AVI,Organized_data_Nov_2020\CLOG7\on_log\coati, 2020-07-17 08:24:44,FALSE,CLOG7,A,FALSE,FALSE,TRUE,coati,true,,
River Logs,07170006.AVI,Organized_data_Nov_2020\CLOG1\nothing, 2020-07-17 08:32:16,FALSE,CLOG1,A,TRUE,FALSE,FALSE,nothing,false,,
River Logs,EK000013.AVI,Organized_data_Nov_2020\PLOG8\A\on_log\tamandua, 2020-07-17 08:32:18,FALSE,PLOG8,A,FALSE,FALSE,TRUE,tamandua,true,,
River Logs,07170019.AVI,Organized_data_Nov_2020\PLOG6\nothing, 2020-07-17 09:24:52,FALSE,PLOG6,A,TRUE,FALSE,FALSE,nothing,false,,
River Logs,EK000017.AVI,Organized_data_Nov_2020\PLOG2\B\on_log\tamandua, 2020-07-17 09:44:56,FALSE,PLOG2,B,FALSE,FALSE,TRUE,tamandua,true,,
River Logs,EK000025.AVI,Organized_data_Nov_2020\PLOG2\A\nothing, 2020-07-17 09:46:14,FALSE,PLOG2,A,TRUE,FALSE,FALSE,nothing,false,,
River Logs,07170014.MP4,Organized_data_Nov_2020\CLOG8\A\on_log\tayra, 2020-07-17 10:18:14,FALSE,CLOG8,A,FALSE,FALSE,TRUE,tayra,true,,
River Logs,EK000007 (2).AVI,Organized_data_Nov_2020\CLOG9\nothing, 2020-07-17 11:02:36,FALSE,CLOG9,A,TRUE,FALSE,FALSE,nothing,false,,
River Logs,RCNX0108.AVI,Organized_data_Nov_2020\PLOG5\B\nothing, 2020-07-17 13:36:58,FALSE,PLOG5,B,TRUE,FALSE,FALSE,nothing,false,,
River Logs,RCNX0112.AVI,Organized_data_Nov_2020\PLOG5\B\nothing, 2020-07-17 13:38:28,FALSE,PLOG5,B,TRUE,FALSE,FALSE,nothing,false,,
River Logs,07170013.AVI,Organized_data_Nov_2020\CLOG3\A\nothing, 2020-07-17 13:42:50,FALSE,CLOG3,A,TRUE,FALSE,FALSE,nothing,false,,
River Logs,EK000048.AVI,Organized_data_Nov_2020\PLOG7\A\nothing, 2020-07-17 13:47:48,FALSE,PLOG7,A,TRUE,FALSE,FALSE,nothing,false,,
River Logs,07170014.AVI,Organized_data_Nov_2020\CLOG3\A\nothing, 2020-07-17 13:50:46,FALSE,CLOG3,A,TRUE,FALSE,FALSE,nothing,false,,
River Logs,07170020.AVI,Organized_data_Nov_2020\PLOG6\on_log\lizard_uid, 2020-07-17 14:10:58,FALSE,PLOG6,A,FALSE,FALSE,TRUE,lizard_uid,false,,
River Logs,EK000014.AVI,Organized_data_Nov_2020\PLOG8\A\nothing, 2020-07-17 15:13:42,FALSE,PLOG8,A,TRUE,FALSE,FALSE,nothing,false,,
River Logs,EK000015.AVI,Organized_data_Nov_2020\PLOG8\A\nothing, 2020-07-17 15:51:50,FALSE,PLOG8,A,TRUE,FALSE,FALSE,nothing,false,,
River Logs,07170021.AVI,Organized_data_Nov_2020\PLOG6\nothing, 2020-07-17 16:43:38,FALSE,PLOG6,A,TRUE,FALSE,FALSE,nothing,false,,
River Logs,07170022.AVI,Organized_data_Nov_2020\PLOG6\nothing, 2020-07-17 17:56:20,FALSE,PLOG6,A,TRUE,FALSE,FALSE,nothing,false,,
River Logs,EK000016.AVI,Organized_data_Nov_2020\PLOG8\A\nothing, 2020-07-17 18:24:06,FALSE,PLOG8,A,TRUE,FALSE,FALSE,nothing,false,,
River Logs,RCNX0010.AVI,Organized_data_Nov_2020\CLOG7\on_log\coati, 2020-07-17 18:40:16,FALSE,CLOG7,A,FALSE,FALSE,TRUE,coati,true,,
River Logs,07170015.MP4,Organized_data_Nov_2020\CLOG8\A\on_log\coati, 2020-07-17 19:01:36,FALSE,CLOG8,A,FALSE,FALSE,TRUE,coati,true,marking,
River Logs,EK000017.AVI,Organized_data_Nov_2020\PLOG8\A\nothing, 2020-07-17 20:59:18,FALSE,PLOG8,A,TRUE,FALSE,FALSE,nothing,false,,
River Logs,EK000018.AVI,Organized_data_Nov_2020\PLOG8\A\nothing, 2020-07-17 21:09:34,FALSE,PLOG8,A,TRUE,FALSE,FALSE,nothing,false,,
River Logs,07170011.MP4,Organized_data_Nov_2020\CLOG10\on_log\skunk_striped, 2020-07-17 23:52:04,FALSE,CLOG10,A,FALSE,FALSE,TRUE,skunk_striped,true,,
River Logs,07170016.MP4,Organized_data_Nov_2020\CLOG8\A\on_log\tamandua, 2020-07-18 01:10:02,FALSE,CLOG8,A,FALSE,FALSE,TRUE,tamandua,true,,
River Logs,EK000015 (2).AVI,Organized_data_Nov_2020\CLOG4\on_log\tamandua, 2020-07-18 02:00:52,FALSE,CLOG4,A,FALSE,FALSE,TRUE,tamandua,true,,
River Logs,EK000018.AVI,Organized_data_Nov_2020\PLOG2\B\on_log\opossum_common, 2020-07-18 03:18:58,FALSE,PLOG2,B,FALSE,FALSE,TRUE,opossum_common,true,,
River Logs,EK000016.AVI,Organized_data_Nov_2020\CLOG4\on_log\tayra, 2020-07-18 08:09:16,FALSE,CLOG4,A,FALSE,FALSE,TRUE,tayra,false,,
River Logs,07180015.AVI,Organized_data_Nov_2020\CLOG3\A\nothing, 2020-07-18 08:30:04,FALSE,CLOG3,A,TRUE,FALSE,FALSE,nothing,false,,
River Logs,RCNX0116.AVI,Organized_data_Nov_2020\PLOG5\B\on_log\coati, 2020-07-18 09:03:02,FALSE,PLOG5,B,FALSE,FALSE,TRUE,coati,true,,
River Logs,RCNX0011.AVI,Organized_data_Nov_2020\CLOG7\on_log\coati, 2020-07-18 11:34:16,FALSE,CLOG7,A,FALSE,FALSE,TRUE,coati,true,,
River Logs,RCNX0012.AVI,Organized_data_Nov_2020\CLOG7\on_log\coati, 2020-07-18 11:35:38,FALSE,CLOG7,A,FALSE,FALSE,TRUE,coati,true,,
River Logs,RCNX0013.AVI,Organized_data_Nov_2020\CLOG7\on_log\coati, 2020-07-18 11:36:30,FALSE,CLOG7,A,FALSE,FALSE,TRUE,coati,true,,
River Logs,RCNX0014.AVI,Organized_data_Nov_2020\CLOG7\on_log\coati, 2020-07-18 11:37:20,FALSE,CLOG7,A,FALSE,FALSE,TRUE,coati,true,,
River Logs,RCNX0015 (2).AVI,Organized_data_Nov_2020\CLOG7\on_log\coati, 2020-07-18 11:51:00,FALSE,CLOG7,A,FALSE,FALSE,TRUE,coati,true,,
River Logs,07180012.MP4,Organized_data_Nov_2020\CLOG10\off_log\coati, 2020-07-18 13:39:10,FALSE,CLOG10,A,FALSE,FALSE,FALSE,coati,false,,
River Logs,RCNX0016 (2).AVI,Organized_data_Nov_2020\CLOG7\on_log\coati, 2020-07-18 14:44:00,FALSE,CLOG7,A,FALSE,FALSE,TRUE,coati,true,,
River Logs,PICT0004.AVI,Organized_data_Nov_2020\PLOG3\B\people, 2020-07-18 15:35:48,FALSE,PLOG3,B,FALSE,FALSE,FALSE,people,false,,
River Logs,EK000049.AVI,Organized_data_Nov_2020\PLOG7\A\on_log\bird, 2020-07-18 17:11:00,FALSE,PLOG7,A,FALSE,FALSE,false,bird,false,,
River Logs,EK000050.AVI,Organized_data_Nov_2020\PLOG7\A\nothing, 2020-07-18 17:14:06,FALSE,PLOG7,A,TRUE,FALSE,FALSE,nothing,false,,
River Logs,07180017.MP4,Organized_data_Nov_2020\CLOG8\A\on_log\ocelot, 2020-07-18 20:53:24,FALSE,CLOG8,A,FALSE,FALSE,TRUE,margay,true,,
River Logs,RCNX0017.AVI,Organized_data_Nov_2020\CLOG7\on_log\opossum_common, 2020-07-19 00:25:46,FALSE,CLOG7,A,FALSE,FALSE,TRUE,opossum_common,true,,
River Logs,RCNX0120.AVI,Organized_data_Nov_2020\PLOG5\B\on_log\opossum_common, 2020-07-19 02:07:30,FALSE,PLOG5,B,FALSE,FALSE,TRUE,opossum_common,true,,
River Logs,EK000026.AVI,Organized_data_Nov_2020\PLOG2\A\on_log\paca, 2020-07-19 02:58:22,FALSE,PLOG2,A,FALSE,FALSE,TRUE,paca,false,,
River Logs,EK000027.AVI,Organized_data_Nov_2020\PLOG2\A\nothing, 2020-07-19 03:45:38,FALSE,PLOG2,A,TRUE,FALSE,FALSE,nothing,false,,
River Logs,07190016.AVI,Organized_data_Nov_2020\CLOG3\A\nothing, 2020-07-19 04:14:58,FALSE,CLOG3,A,TRUE,FALSE,FALSE,nothing,false,,
River Logs,07190023.AVI,Organized_data_Nov_2020\PLOG6\on_log\skunk_striped, 2020-07-19 05:50:38,FALSE,PLOG6,A,FALSE,FALSE,TRUE,skunk_striped,true,,
River Logs,RCNX0124.AVI,Organized_data_Nov_2020\PLOG5\B\on_log\tamandua, 2020-07-19 06:39:12,FALSE,PLOG5,B,FALSE,FALSE,TRUE,tamandua,false,grooming,
River Logs,RCNX0128.AVI,Organized_data_Nov_2020\PLOG5\B\on_log\tamandua, 2020-07-19 07:11:48,FALSE,PLOG5,B,FALSE,FALSE,TRUE,tamandua,false,foraging,
River Logs,RCNX0132.AVI,Organized_data_Nov_2020\PLOG5\B\on_log\tamandua, 2020-07-19 07:12:40,FALSE,PLOG5,B,FALSE,FALSE,TRUE,tamandua,true,,
River Logs,07190024.AVI,Organized_data_Nov_2020\PLOG6\nothing, 2020-07-19 08:14:20,FALSE,PLOG6,A,TRUE,FALSE,FALSE,nothing,false,,
River Logs,RCNX0136.AVI,Organized_data_Nov_2020\PLOG5\B\nothing, 2020-07-19 13:01:16,FALSE,PLOG5,B,TRUE,FALSE,FALSE,nothing,false,,
River Logs,EK000017.AVI,Organized_data_Nov_2020\CLOG4\on_log\coati, 2020-07-19 13:58:58,FALSE,CLOG4,A,FALSE,FALSE,TRUE,coati,true,,
River Logs,RCNX0140.AVI,Organized_data_Nov_2020\PLOG5\B\nothing, 2020-07-19 14:35:08,FALSE,PLOG5,B,TRUE,FALSE,FALSE,nothing,false,,
River Logs,EK000019.AVI,Organized_data_Nov_2020\PLOG2\B\nothing, 2020-07-19 14:56:26,FALSE,PLOG2,B,TRUE,FALSE,FALSE,nothing,false,,
River Logs,EK000020.AVI,Organized_data_Nov_2020\PLOG2\B\nothing, 2020-07-19 15:00:02,FALSE,PLOG2,B,TRUE,FALSE,FALSE,nothing,false,,
River Logs,RCNX0018 (2).AVI,Organized_data_Nov_2020\CLOG7\on_log\coati, 2020-07-19 15:48:04,FALSE,CLOG7,A,FALSE,FALSE,TRUE,coati,true,,
River Logs,07190025.AVI,Organized_data_Nov_2020\PLOG6\nothing, 2020-07-19 16:05:16,FALSE,PLOG6,A,TRUE,FALSE,FALSE,nothing,false,,
River Logs,RCNX0144.AVI,Organized_data_Nov_2020\PLOG5\B\nothing, 2020-07-19 18:17:22,FALSE,PLOG5,B,TRUE,FALSE,FALSE,nothing,false,,
River Logs,RCNX0019.AVI,Organized_data_Nov_2020\CLOG7\on_log\opossum_common, 2020-07-19 20:55:44,FALSE,CLOG7,A,FALSE,FALSE,TRUE,opossum_common,true,,
River Logs,RCNX0148.AVI,Organized_data_Nov_2020\PLOG5\B\on_log\opossum_common, 2020-07-19 23:36:02,FALSE,PLOG5,B,FALSE,FALSE,TRUE,nothing,false,,
River Logs,EK000018.AVI,Organized_data_Nov_2020\CLOG4\nothing, 2020-07-20 00:28:48,FALSE,CLOG4,A,TRUE,FALSE,FALSE,nothing,false,,
River Logs,07200026.AVI,Organized_data_Nov_2020\PLOG6\on_log\rodent, 2020-07-20 05:05:08,FALSE,PLOG6,A,FALSE,FALSE,TRUE,rodent,true,,
River Logs,07200013.MP4,Organized_data_Nov_2020\CLOG10\off_log\paca, 2020-07-20 05:30:00,FALSE,CLOG10,A,FALSE,FALSE,FALSE,paca,false,in river,
River Logs,07200027.AVI,Organized_data_Nov_2020\PLOG6\nothing, 2020-07-20 07:01:26,FALSE,PLOG6,A,TRUE,FALSE,FALSE,nothing,false,,
River Logs,EK000019.AVI,Organized_data_Nov_2020\PLOG8\A\nothing, 2020-07-20 08:02:04,FALSE,PLOG8,A,TRUE,FALSE,FALSE,nothing,false,,
River Logs,RCNX0152.AVI,Organized_data_Nov_2020\PLOG5\B\on_log\coati, 2020-07-20 08:14:16,FALSE,PLOG5,B,FALSE,FALSE,TRUE,coati,true,,
River Logs,07200017.AVI,Organized_data_Nov_2020\CLOG3\A\nothing, 2020-07-20 13:22:50,FALSE,CLOG3,A,TRUE,FALSE,FALSE,nothing,false,,
River Logs,EK000051.AVI,Organized_data_Nov_2020\PLOG7\A\nothing, 2020-07-20 17:12:36,FALSE,PLOG7,A,TRUE,FALSE,FALSE,nothing,false,,
River Logs,07200007.AVI,Organized_data_Nov_2020\CLOG1\nothing, 2020-07-20 17:35:58,FALSE,CLOG1,A,TRUE,FALSE,FALSE,nothing,false,,
River Logs,07200014.MP4,Organized_data_Nov_2020\CLOG10\on_log\coati, 2020-07-20 19:28:14,FALSE,CLOG10,A,FALSE,FALSE,TRUE,coati,true,,
River Logs,RCNX0156.AVI,Organized_data_Nov_2020\PLOG5\B\on_log\skunk_striped, 2020-07-20 23:11:24,FALSE,PLOG5,B,FALSE,FALSE,TRUE,skunk_striped,true,,
River Logs,07200028.AVI,Organized_data_Nov_2020\PLOG6\on_log\skunk_striped, 2020-07-21 00:07:10,FALSE,PLOG6,A,FALSE,FALSE,TRUE,skunk_striped,true,marking,
River Logs,EK000019.AVI,Organized_data_Nov_2020\CLOG4\nothing, 2020-07-21 00:50:54,FALSE,CLOG4,A,TRUE,FALSE,FALSE,nothing,false,,
River Logs,EK000021.AVI,Organized_data_Nov_2020\PLOG2\B\on_log\ocelot, 2020-07-21 02:09:52,FALSE,PLOG2,B,FALSE,FALSE,TRUE,ocelot,true,,
River Logs,EK000028.AVI,Organized_data_Nov_2020\PLOG2\A\nothing, 2020-07-21 02:11:30,FALSE,PLOG2,A,TRUE,FALSE,FALSE,nothing,false,,
River Logs,EK000022.AVI,Organized_data_Nov_2020\PLOG2\B\on_log\ocelot, 2020-07-21 02:59:56,FALSE,PLOG2,B,FALSE,FALSE,TRUE,ocelot,true,,
River Logs,07210029.AVI,Organized_data_Nov_2020\PLOG6\nothing, 2020-07-21 06:49:44,FALSE,PLOG6,A,TRUE,FALSE,FALSE,nothing,false,,
River Logs,07210030.AVI,Organized_data_Nov_2020\PLOG6\on_log\tamandua, 2020-07-21 07:05:28,FALSE,PLOG6,A,FALSE,FALSE,TRUE,tamandua,true,,
River Logs,RCNX0160.AVI,Organized_data_Nov_2020\PLOG5\B\on_log\curassow_great, 2020-07-21 08:24:36,FALSE,PLOG5,B,FALSE,FALSE,TRUE,curassow_great,true,,
River Logs,RCNX0164.AVI,Organized_data_Nov_2020\PLOG5\B\on_log\curassow_great, 2020-07-21 08:25:36,FALSE,PLOG5,B,FALSE,FALSE,TRUE,curassow_great,false,,
River Logs,RCNX0020.AVI,Organized_data_Nov_2020\CLOG7\on_log\coati, 2020-07-21 08:34:20,FALSE,CLOG7,A,FALSE,FALSE,TRUE,coati,true,,
River Logs,RCNX0021.AVI,Organized_data_Nov_2020\CLOG7\on_log\coati, 2020-07-21 08:35:08,FALSE,CLOG7,A,FALSE,FALSE,TRUE,coati,true,,
River Logs,RCNX0022.AVI,Organized_data_Nov_2020\CLOG7\on_log\coati, 2020-07-21 08:36:12,FALSE,CLOG7,A,FALSE,FALSE,TRUE,coati,true,,
River Logs,EK000008.AVI,Organized_data_Nov_2020\CLOG9\off_log\bird, 2020-07-21 10:02:18,FALSE,CLOG9,A,FALSE,FALSE,FALSE,bird,false,,
River Logs,EK000023.AVI,Organized_data_Nov_2020\PLOG2\B\on_log\coati, 2020-07-21 11:20:40,FALSE,PLOG2,B,FALSE,FALSE,TRUE,coati,true,,
River Logs,EK000029.AVI,Organized_data_Nov_2020\PLOG2\A\nothing, 2020-07-21 11:22:18,FALSE,PLOG2,A,TRUE,FALSE,FALSE,nothing,false,,
River Logs,RCNX0023.AVI,Organized_data_Nov_2020\CLOG7\on_log\coati, 2020-07-21 13:50:22,FALSE,CLOG7,A,FALSE,FALSE,TRUE,coati,true,,
River Logs,07210018.AVI,Organized_data_Nov_2020\CLOG3\A\nothing, 2020-07-21 14:51:14,FALSE,CLOG3,A,TRUE,FALSE,FALSE,nothing,false,,
River Logs,07210019.AVI,Organized_data_Nov_2020\CLOG3\A\nothing, 2020-07-21 15:47:54,FALSE,CLOG3,A,TRUE,FALSE,FALSE,nothing,false,,
River Logs,07210020.AVI,Organized_data_Nov_2020\CLOG3\A\nothing, 2020-07-21 15:49:10,FALSE,CLOG3,A,TRUE,FALSE,FALSE,nothing,false,,
River Logs,RCNX0168.AVI,Organized_data_Nov_2020\PLOG5\B\nothing, 2020-07-22 00:28:56,FALSE,PLOG5,B,TRUE,FALSE,FALSE,nothing,false,,
River Logs,RCNX0172.AVI,Organized_data_Nov_2020\PLOG5\B\nothing, 2020-07-22 01:46:36,FALSE,PLOG5,B,TRUE,FALSE,FALSE,nothing,false,,
River Logs,RCNX0176.AVI,Organized_data_Nov_2020\PLOG5\B\on_log\tamandua, 2020-07-22 01:47:56,FALSE,PLOG5,B,FALSE,FALSE,TRUE,nothing,false,,
River Logs,RCNX0180.AVI,Organized_data_Nov_2020\PLOG5\B\nothing, 2020-07-22 06:49:06,FALSE,PLOG5,B,TRUE,FALSE,FALSE,nothing,false,,
River Logs,EK000020.AVI,Organized_data_Nov_2020\CLOG4\nothing, 2020-07-22 09:53:52,FALSE,CLOG4,A,TRUE,FALSE,FALSE,nothing,false,,
River Logs,RCNX0024 (2).AVI,Organized_data_Nov_2020\CLOG7\on_log\coati, 2020-07-22 11:18:24,FALSE,CLOG7,A,FALSE,FALSE,TRUE,coati,false,,
River Logs,07220021.AVI,Organized_data_Nov_2020\CLOG3\A\nothing, 2020-07-22 11:46:48,FALSE,CLOG3,A,TRUE,FALSE,FALSE,nothing,false,,
River Logs,RCNX0184.AVI,Organized_data_Nov_2020\PLOG5\B\on_log\coati, 2020-07-22 12:35:44,FALSE,PLOG5,B,FALSE,FALSE,TRUE,coati,true,marking,
River Logs,07220031.AVI,Organized_data_Nov_2020\PLOG6\nothing, 2020-07-22 13:34:24,FALSE,PLOG6,A,TRUE,FALSE,FALSE,nothing,false,,
River Logs,EK000009.AVI,Organized_data_Nov_2020\CLOG9\off_log\coati, 2020-07-22 14:57:24,FALSE,CLOG9,A,FALSE,FALSE,FALSE,coati,false,,
River Logs,EK000010.AVI,Organized_data_Nov_2020\CLOG9\on_log\coati, 2020-07-22 15:12:22,FALSE,CLOG9,A,FALSE,FALSE,TRUE,coati,true,,
River Logs,EK000011.AVI,Organized_data_Nov_2020\CLOG9\on_log\coati, 2020-07-22 15:14:38,FALSE,CLOG9,A,FALSE,FALSE,TRUE,coati,true,,
River Logs,EK000052.AVI,Organized_data_Nov_2020\PLOG7\A\on_log\coati, 2020-07-22 17:17:52,FALSE,PLOG7,A,FALSE,FALSE,TRUE,coati,true,,
River Logs,EK000006 (2).AVI,Organized_data_Nov_2020\PLOG7\B\on_log\coati, 2020-07-22 17:18:20,FALSE,PLOG7,B,FALSE,FALSE,TRUE,coati,true,,
River Logs,RCNX0188.AVI,Organized_data_Nov_2020\PLOG5\B\nothing, 2020-07-22 22:56:20,FALSE,PLOG5,B,TRUE,FALSE,FALSE,nothing,false,,
River Logs,EK000021.AVI,Organized_data_Nov_2020\CLOG4\nothing, 2020-07-22 23:25:42,FALSE,CLOG4,A,TRUE,FALSE,FALSE,nothing,false,,
River Logs,07220022.AVI,Organized_data_Nov_2020\CLOG3\A\nothing, 2020-07-22 23:35:02,FALSE,CLOG3,A,TRUE,FALSE,FALSE,nothing,false,,
River Logs,07230023.AVI,Organized_data_Nov_2020\CLOG3\A\nothing, 2020-07-23 03:26:04,FALSE,CLOG3,A,TRUE,FALSE,FALSE,paca,false,,
River Logs,07230032.AVI,Organized_data_Nov_2020\PLOG6\on_log\ocelot, 2020-07-23 04:05:04,FALSE,PLOG6,A,FALSE,FALSE,TRUE,ocelot,true,,
River Logs,EK000030.AVI,Organized_data_Nov_2020\PLOG2\A\nothing, 2020-07-23 04:33:44,FALSE,PLOG2,A,TRUE,FALSE,FALSE,nothing,false,,
River Logs,07230015.MP4,Organized_data_Nov_2020\CLOG10\on_log\tamandua, 2020-07-23 05:16:44,FALSE,CLOG10,A,FALSE,FALSE,TRUE,tamandua,true,,
River Logs,07230016.MP4,Organized_data_Nov_2020\CLOG10\on_log\tamandua, 2020-07-23 05:31:08,FALSE,CLOG10,A,FALSE,FALSE,TRUE,tamandua,true,,
River Logs,RCNX0192.AVI,Organized_data_Nov_2020\PLOG5\B\nothing, 2020-07-23 09:52:20,FALSE,PLOG5,B,TRUE,FALSE,FALSE,nothing,false,,
River Logs,07230033.AVI,Organized_data_Nov_2020\PLOG6\nothing, 2020-07-23 12:08:08,FALSE,PLOG6,A,TRUE,FALSE,FALSE,nothing,false,,
River Logs,07230034.AVI,Organized_data_Nov_2020\PLOG6\on_log\coati, 2020-07-23 13:21:00,FALSE,PLOG6,A,FALSE,FALSE,TRUE,coati,true,,
River Logs,07230017.MP4,Organized_data_Nov_2020\CLOG10\on_log\coati, 2020-07-23 13:37:36,FALSE,CLOG10,A,FALSE,FALSE,TRUE,coati,true,,
River Logs,07230018.MP4,Organized_data_Nov_2020\CLOG10\on_log\coati, 2020-07-23 14:51:14,FALSE,CLOG10,A,FALSE,FALSE,TRUE,coati,true,,
River Logs,EK000053.AVI,Organized_data_Nov_2020\PLOG7\A\nothing, 2020-07-23 15:49:32,FALSE,PLOG7,A,TRUE,FALSE,FALSE,nothing,false,,
River Logs,EK000054.AVI,Organized_data_Nov_2020\PLOG7\A\on_log\tamandua, 2020-07-23 19:47:46,FALSE,PLOG7,A,FALSE,FALSE,TRUE,tamandua,true,,
River Logs,EK000031.AVI,Organized_data_Nov_2020\PLOG2\A\nothing, 2020-07-23 20:30:58,FALSE,PLOG2,A,TRUE,FALSE,FALSE,nothing,false,,
River Logs,EK000032.AVI,Organized_data_Nov_2020\PLOG2\A\nothing, 2020-07-23 20:40:42,FALSE,PLOG2,A,TRUE,FALSE,FALSE,nothing,false,,
River Logs,EK000022 (2).AVI,Organized_data_Nov_2020\CLOG4\nothing, 2020-07-23 23:11:42,FALSE,CLOG4,A,TRUE,FALSE,FALSE,nothing,false,,
River Logs,EK000055.AVI,Organized_data_Nov_2020\PLOG7\A\on_log\opossum_foureyed, 2020-07-24 00:25:52,FALSE,PLOG7,A,FALSE,FALSE,TRUE,opossum_foureyed,true,,
River Logs,EK000033.AVI,Organized_data_Nov_2020\PLOG2\A\nothing, 2020-07-24 02:06:00,FALSE,PLOG2,A,TRUE,FALSE,FALSE,nothing,false,,
River Logs,07240035.AVI,Organized_data_Nov_2020\PLOG6\nothing, 2020-07-24 02:50:18,FALSE,PLOG6,A,TRUE,FALSE,FALSE,nothing,false,,
River Logs,07240008.AVI,Organized_data_Nov_2020\CLOG1\nothing, 2020-07-24 03:17:20,FALSE,CLOG1,A,TRUE,FALSE,FALSE,nothing,false,,
River Logs,RCNX0196.AVI,Organized_data_Nov_2020\PLOG5\B\on_log\skunk_striped, 2020-07-24 06:06:28,FALSE,PLOG5,B,FALSE,FALSE,TRUE,skunk_striped,true,,
River Logs,RCNX0200.AVI,Organized_data_Nov_2020\PLOG5\B\nothing, 2020-07-24 06:38:16,FALSE,PLOG5,B,TRUE,FALSE,FALSE,nothing,false,,
River Logs,07240036.AVI,Organized_data_Nov_2020\PLOG6\on_log\puma, 2020-07-24 12:58:14,FALSE,PLOG6,A,FALSE,FALSE,TRUE,puma,true,,
River Logs,EK000023.AVI,Organized_data_Nov_2020\CLOG4\on_log\coati, 2020-07-24 13:32:20,FALSE,CLOG4,A,FALSE,FALSE,TRUE,coati,true,,
River Logs,07240019.MP4,Organized_data_Nov_2020\CLOG10\off_log\agouti, 2020-07-24 16:54:50,FALSE,CLOG10,A,FALSE,FALSE,FALSE,agouti,false,,
River Logs,07240024.AVI,Organized_data_Nov_2020\CLOG3\A\on_log\coati, 2020-07-24 16:56:46,FALSE,CLOG3,A,FALSE,FALSE,TRUE,coati,false,,
River Logs,07240025.AVI,Organized_data_Nov_2020\CLOG3\A\on_log\coati, 2020-07-24 16:57:52,FALSE,CLOG3,A,FALSE,FALSE,TRUE,coati,true,,
River Logs,07240037.AVI,Organized_data_Nov_2020\PLOG6\on_log\tamandua, 2020-07-24 17:30:46,FALSE,PLOG6,A,FALSE,FALSE,TRUE,tamandua,true,,
River Logs,EK000012.AVI,Organized_data_Nov_2020\CLOG9\off_log\bird, 2020-07-24 17:43:50,FALSE,CLOG9,A,FALSE,FALSE,FALSE,bird,false,,
River Logs,RCNX0204.AVI,Organized_data_Nov_2020\PLOG5\B\nothing, 2020-07-24 19:37:02,FALSE,PLOG5,B,TRUE,FALSE,FALSE,nothing,false,,
River Logs,EK000013.AVI,Organized_data_Nov_2020\CLOG9\off_log\skunk_striped, 2020-07-24 21:18:00,FALSE,CLOG9,A,FALSE,FALSE,FALSE,skunk_striped,true,,
River Logs,RCNX0208.AVI,Organized_data_Nov_2020\PLOG5\B\nothing, 2020-07-24 21:29:24,FALSE,PLOG5,B,TRUE,FALSE,FALSE,nothing,false,,
River Logs,EK000056.AVI,Organized_data_Nov_2020\PLOG7\A\on_log\opossum_foureyed, 2020-07-24 21:50:56,FALSE,PLOG7,A,FALSE,FALSE,TRUE,opossum_foureyed,true,,
River Logs,EK000057.AVI,Organized_data_Nov_2020\PLOG7\A\on_log\skunk_striped, 2020-07-24 22:33:02,FALSE,PLOG7,A,FALSE,FALSE,TRUE,skunk_striped,true,,
River Logs,07240009.AVI,Organized_data_Nov_2020\CLOG1\off_log\paca, 2020-07-25 00:42:26,FALSE,CLOG1,A,FALSE,FALSE,FALSE,paca,false,in river,
River Logs,07240038.AVI,Organized_data_Nov_2020\PLOG6\nothing, 2020-07-25 01:30:56,FALSE,PLOG6,A,TRUE,FALSE,FALSE,nothing,false,,
River Logs,07250039.AVI,Organized_data_Nov_2020\PLOG6\on_log\rodent, 2020-07-25 03:55:30,FALSE,PLOG6,A,FALSE,FALSE,TRUE,rodent,true,,
River Logs,EK000034.AVI,Organized_data_Nov_2020\PLOG2\A\nothing, 2020-07-25 05:03:12,FALSE,PLOG2,A,TRUE,FALSE,FALSE,nothing,false,,
River Logs,RCNX0212.AVI,Organized_data_Nov_2020\PLOG5\B\nothing, 2020-07-25 06:19:32,FALSE,PLOG5,B,TRUE,FALSE,FALSE,nothing,false,,
River Logs,07250040.AVI,Organized_data_Nov_2020\PLOG6\nothing, 2020-07-25 08:29:08,FALSE,PLOG6,A,TRUE,FALSE,FALSE,nothing,false,,
River Logs,07250041.AVI,Organized_data_Nov_2020\PLOG6\nothing, 2020-07-25 11:00:50,FALSE,PLOG6,A,TRUE,FALSE,FALSE,nothing,false,,
River Logs,RCNX0216.AVI,Organized_data_Nov_2020\PLOG5\B\on_log\coati, 2020-07-25 11:24:24,FALSE,PLOG5,B,FALSE,FALSE,TRUE,coati,true,,
River Logs,RCNX0220.AVI,Organized_data_Nov_2020\PLOG5\B\on_log\tamandua, 2020-07-25 11:37:48,FALSE,PLOG5,B,FALSE,FALSE,TRUE,tamandua,true,,
River Logs,07250042.AVI,Organized_data_Nov_2020\PLOG6\on_log\agouti, 2020-07-25 11:49:08,FALSE,PLOG6,A,FALSE,FALSE,TRUE,agouti,true,marking,
River Logs,EK000014 (2).AVI,Organized_data_Nov_2020\CLOG9\nothing, 2020-07-25 14:39:40,FALSE,CLOG9,A,TRUE,FALSE,FALSE,nothing,false,,
River Logs,EK000007.AVI,Organized_data_Nov_2020\PLOG7\B\on_log\curassow_great, 2020-07-25 18:23:18,FALSE,PLOG7,B,FALSE,FALSE,TRUE,curassow_great,false,,
River Logs,EK000035.AVI,Organized_data_Nov_2020\PLOG2\A\nothing, 2020-07-25 20:12:10,FALSE,PLOG2,A,TRUE,FALSE,FALSE,nothing,false,,
River Logs,RCNX0224.AVI,Organized_data_Nov_2020\PLOG5\B\nothing, 2020-07-25 22:52:56,FALSE,PLOG5,B,TRUE,FALSE,FALSE,nothing,false,,
River Logs,07260010.AVI,Organized_data_Nov_2020\CLOG1\off_log\paca, 2020-07-26 03:23:12,FALSE,CLOG1,A,FALSE,FALSE,FALSE,paca,false,in river,
River Logs,07260043.AVI,Organized_data_Nov_2020\PLOG6\on_log\tamandua, 2020-07-26 05:15:30,FALSE,PLOG6,A,FALSE,FALSE,TRUE,tamandua,true,,
River Logs,07260044.AVI,Organized_data_Nov_2020\PLOG6\on_log\tamandua, 2020-07-26 05:29:42,FALSE,PLOG6,A,FALSE,FALSE,TRUE,tamandua,true,,
River Logs,07260020.MP4,Organized_data_Nov_2020\CLOG10\on_log\rodent, 2020-07-26 05:44:32,FALSE,CLOG10,A,FALSE,FALSE,TRUE,opossum_foureyed,true,,
River Logs,07260021.MP4,Organized_data_Nov_2020\CLOG10\on_log\rodent, 2020-07-26 06:01:14,FALSE,CLOG10,A,FALSE,FALSE,TRUE,rodent,true,,
River Logs,EK000058.AVI,Organized_data_Nov_2020\PLOG7\A\on_log\skunk_striped, 2020-07-26 06:36:06,FALSE,PLOG7,A,FALSE,FALSE,TRUE,skunk_striped,true,,
River Logs,07260045.AVI,Organized_data_Nov_2020\PLOG6\on_log\tamandua, 2020-07-26 08:34:44,FALSE,PLOG6,A,FALSE,FALSE,TRUE,tamandua,true,,
River Logs,RCNX0025.AVI,Organized_data_Nov_2020\CLOG7\on_log\coati, 2020-07-26 12:50:22,FALSE,CLOG7,A,FALSE,FALSE,TRUE,coati,true,,
River Logs,RCNX0026.AVI,Organized_data_Nov_2020\CLOG7\on_log\coati, 2020-07-26 12:51:14,FALSE,CLOG7,A,FALSE,FALSE,TRUE,coati,true,,
River Logs,RCNX0027.AVI,Organized_data_Nov_2020\CLOG7\on_log\coati, 2020-07-26 12:52:14,FALSE,CLOG7,A,FALSE,FALSE,TRUE,coati,true,,
River Logs,RCNX0028.AVI,Organized_data_Nov_2020\CLOG7\on_log\coati, 2020-07-26 12:53:08,FALSE,CLOG7,A,FALSE,FALSE,TRUE,coati,true,,
River Logs,EK000059.AVI,Organized_data_Nov_2020\PLOG7\A\on_log\coati, 2020-07-26 13:51:54,FALSE,PLOG7,A,FALSE,FALSE,TRUE,coati,true,,
River Logs,07260046.AVI,Organized_data_Nov_2020\PLOG6\on_log\tamandua, 2020-07-26 14:59:12,FALSE,PLOG6,A,FALSE,FALSE,TRUE,tamandua,true,,
River Logs,EK000036.AVI,Organized_data_Nov_2020\PLOG2\A\on_log\bird, 2020-07-26 15:26:20,FALSE,PLOG2,A,FALSE,FALSE,TRUE,curassow_great,false,,
River Logs,07260022.MP4,Organized_data_Nov_2020\CLOG10\off_log\coati, 2020-07-26 19:26:18,FALSE,CLOG10,A,FALSE,FALSE,FALSE,coati,false,,
River Logs,RCNX0029 (2).AVI,Organized_data_Nov_2020\CLOG7\on_log\opossum_common, 2020-07-26 23:09:58,FALSE,CLOG7,A,FALSE,FALSE,TRUE,opossum_common,true,,
River Logs,07260047.AVI,Organized_data_Nov_2020\PLOG6\nothing, 2020-07-27 00:07:28,FALSE,PLOG6,A,TRUE,FALSE,FALSE,nothing,false,,
River Logs,07260048.AVI,Organized_data_Nov_2020\PLOG6\nothing, 2020-07-27 01:56:54,FALSE,PLOG6,A,TRUE,FALSE,FALSE,nothing,false,,
River Logs,07270023.MP4,Organized_data_Nov_2020\CLOG10\on_log\rodent, 2020-07-27 06:31:42,FALSE,CLOG10,A,FALSE,FALSE,TRUE,opossum_foureyed,true,,
River Logs,RCNX0228.AVI,Organized_data_Nov_2020\PLOG5\B\nothing, 2020-07-27 08:06:34,FALSE,PLOG5,B,TRUE,FALSE,FALSE,nothing,false,,
River Logs,RCNX0232.AVI,Organized_data_Nov_2020\PLOG5\B\on_log\tayra, 2020-07-27 09:12:20,FALSE,PLOG5,B,FALSE,FALSE,TRUE,tayra,true,,
River Logs,EK000020.AVI,Organized_data_Nov_2020\PLOG8\A\nothing, 2020-07-27 10:01:22,FALSE,PLOG8,A,TRUE,FALSE,FALSE,nothing,false,,
River Logs,07270049.AVI,Organized_data_Nov_2020\PLOG6\on_log\tamandua, 2020-07-27 21:30:06,FALSE,PLOG6,A,FALSE,FALSE,TRUE,tamandua,true,,
River Logs,07270024.MP4,Organized_data_Nov_2020\CLOG10\on_log\ocelot, 2020-07-27 23:01:46,FALSE,CLOG10,A,FALSE,FALSE,TRUE,ocelot,true,,
River Logs,EK000008.AVI,Organized_data_Nov_2020\PLOG7\B\on_log\puma, 2020-07-28 01:19:22,FALSE,PLOG7,B,FALSE,FALSE,TRUE,puma,true,,
River Logs,07280028.AVI,Organized_data_Nov_2020\CLOG3\A\on_log\lizard_uid, 2020-07-28 04:01:54,FALSE,CLOG3,A,FALSE,FALSE,TRUE,lizard_uid,false,,
River Logs,07280029.AVI,Organized_data_Nov_2020\CLOG3\A\nothing, 2020-07-28 04:14:22,FALSE,CLOG3,A,TRUE,FALSE,FALSE,nothing,false,,
River Logs,RCNX0236.AVI,Organized_data_Nov_2020\PLOG5\B\on_log\tamandua, 2020-07-28 05:33:18,FALSE,PLOG5,B,FALSE,FALSE,TRUE,tamandua,true,,
River Logs,07280018.MP4,Organized_data_Nov_2020\CLOG8\A\on_log\ocelot, 2020-07-28 06:42:30,FALSE,CLOG8,A,FALSE,FALSE,TRUE,margay,true,,
River Logs,RCNX0240.AVI,Organized_data_Nov_2020\PLOG5\B\nothing, 2020-07-28 08:10:42,FALSE,PLOG5,B,TRUE,FALSE,FALSE,nothing,false,,
River Logs,07280050.AVI,Organized_data_Nov_2020\PLOG6\on_log\agouti, 2020-07-28 09:13:12,FALSE,PLOG6,A,FALSE,FALSE,TRUE,agouti,false,,
River Logs,07280025.MP4,Organized_data_Nov_2020\CLOG10\off_log\curassow_great, 2020-07-28 09:18:12,FALSE,CLOG10,A,FALSE,FALSE,FALSE,curassow_great,false,,
River Logs,EK000037.AVI,Organized_data_Nov_2020\PLOG2\A\on_log\agouti, 2020-07-28 09:30:02,FALSE,PLOG2,A,FALSE,FALSE,TRUE,agouti,false,,
River Logs,EK000038.AVI,Organized_data_Nov_2020\PLOG2\A\on_log\agouti, 2020-07-28 09:31:38,FALSE,PLOG2,A,FALSE,FALSE,TRUE,agouti,false,,
River Logs,EK000039.AVI,Organized_data_Nov_2020\PLOG2\A\on_log\ocelot, 2020-07-28 10:27:42,FALSE,PLOG2,A,FALSE,FALSE,TRUE,ocelot,false,,
River Logs,RCNX0030.AVI,Organized_data_Nov_2020\CLOG7\setup, 2020-07-28 11:01:14,FALSE,CLOG7,A,FALSE,TRUE,FALSE,setup,false,,
River Logs,EK000015.AVI,Organized_data_Nov_2020\CLOG9\off_log\agouti, 2020-07-28 12:28:18,FALSE,CLOG9,A,FALSE,FALSE,true,agouti,false,,
River Logs,EK000016.AVI,Organized_data_Nov_2020\CLOG9\off_log\agouti, 2020-07-28 12:29:32,FALSE,CLOG9,A,FALSE,FALSE,true,agouti,false,,
River Logs,EK000060.AVI,Organized_data_Nov_2020\PLOG7\A\nothing, 2020-07-28 13:11:44,FALSE,PLOG7,A,TRUE,FALSE,FALSE,nothing,false,,
River Logs,EK000018.AVI,Organized_data_Nov_2020\CLOG9\off_log\curassow_great, 2020-07-28 15:03:16,FALSE,CLOG9,A,FALSE,FALSE,FALSE,curassow_great,false,,
River Logs,07280011.AVI,Organized_data_Nov_2020\CLOG1\off_log\bird, 2020-07-28 15:44:04,FALSE,CLOG1,A,FALSE,FALSE,FALSE,bird,false,,
River Logs,07280026.MP4,Organized_data_Nov_2020\CLOG10\nothing, 2020-07-28 15:54:44,FALSE,CLOG10,A,TRUE,FALSE,FALSE,nothing,false,,
River Logs,07280030.AVI,Organized_data_Nov_2020\CLOG3\A\nothing, 2020-07-28 16:11:56,FALSE,CLOG3,A,TRUE,FALSE,FALSE,nothing,false,,
River Logs,07280031.AVI,Organized_data_Nov_2020\CLOG3\A\nothing, 2020-07-28 16:13:38,FALSE,CLOG3,A,TRUE,FALSE,FALSE,nothing,false,,
River Logs,07280032.AVI,Organized_data_Nov_2020\CLOG3\A\nothing, 2020-07-28 16:14:38,FALSE,CLOG3,A,TRUE,FALSE,FALSE,nothing,false,,
River Logs,EK000021.AVI,Organized_data_Nov_2020\PLOG8\A\nothing, 2020-07-28 16:16:24,FALSE,PLOG8,A,TRUE,FALSE,FALSE,nothing,false,,
River Logs,RCNX0244.AVI,Organized_data_Nov_2020\PLOG5\B\on_log\skunk_striped, 2020-07-28 21:18:38,FALSE,PLOG5,B,FALSE,FALSE,TRUE,skunk_striped,false,,
River Logs,RCNX0248.AVI,Organized_data_Nov_2020\PLOG5\B\nothing, 2020-07-28 22:05:40,FALSE,PLOG5,B,TRUE,FALSE,FALSE,nothing,false,,
River Logs,07280033.AVI,Organized_data_Nov_2020\CLOG3\A\nothing, 2020-07-29 01:49:52,FALSE,CLOG3,A,TRUE,FALSE,FALSE,nothing,false,,
River Logs,07280034.AVI,Organized_data_Nov_2020\CLOG3\A\nothing, 2020-07-29 01:51:08,FALSE,CLOG3,A,TRUE,FALSE,FALSE,nothing,false,,
River Logs,07280035.AVI,Organized_data_Nov_2020\CLOG3\A\nothing, 2020-07-29 01:55:18,FALSE,CLOG3,A,TRUE,FALSE,FALSE,nothing,false,,
River Logs,EK000024.AVI,Organized_data_Nov_2020\PLOG2\B\on_log\tamandua, 2020-07-29 02:32:54,FALSE,PLOG2,B,FALSE,FALSE,TRUE,tamandua,false,,
River Logs,EK000022.AVI,Organized_data_Nov_2020\PLOG8\A\nothing, 2020-07-29 02:45:44,FALSE,PLOG8,A,TRUE,FALSE,FALSE,nothing,false,,
River Logs,07290051.AVI,Organized_data_Nov_2020\PLOG6\nothing, 2020-07-29 04:15:38,FALSE,PLOG6,A,TRUE,FALSE,FALSE,nothing,false,,
River Logs,EK000040.AVI,Organized_data_Nov_2020\PLOG2\A\on_log\tamandua, 2020-07-29 05:29:24,FALSE,PLOG2,A,FALSE,FALSE,TRUE,tamandua,false,,
River Logs,07290052.AVI,Organized_data_Nov_2020\PLOG6\nothing, 2020-07-29 05:41:26,FALSE,PLOG6,A,TRUE,FALSE,FALSE,uid,false,,
River Logs,EK000025.AVI,Organized_data_Nov_2020\PLOG2\B\on_log\tamandua, 2020-07-29 06:25:18,FALSE,PLOG2,B,FALSE,FALSE,TRUE,tamandua,true,,
River Logs,EK000041.AVI,Organized_data_Nov_2020\PLOG2\A\nothing, 2020-07-29 06:27:44,FALSE,PLOG2,A,TRUE,FALSE,FALSE,nothing,false,,
River Logs,EK000023.AVI,Organized_data_Nov_2020\PLOG8\A\nothing, 2020-07-29 08:11:04,FALSE,PLOG8,A,TRUE,FALSE,FALSE,nothing,false,,
River Logs,07290036.AVI,Organized_data_Nov_2020\CLOG3\A\nothing, 2020-07-29 11:13:36,FALSE,CLOG3,A,TRUE,FALSE,FALSE,nothing,false,,
River Logs,07290037.AVI,Organized_data_Nov_2020\CLOG3\A\nothing, 2020-07-29 11:18:28,FALSE,CLOG3,A,TRUE,FALSE,FALSE,nothing,false,,
River Logs,07290038.AVI,Organized_data_Nov_2020\CLOG3\A\nothing, 2020-07-29 11:20:08,FALSE,CLOG3,A,TRUE,FALSE,FALSE,nothing,false,,
River Logs,07290039.AVI,Organized_data_Nov_2020\CLOG3\A\nothing, 2020-07-29 11:21:14,FALSE,CLOG3,A,TRUE,FALSE,FALSE,nothing,false,,
River Logs,07290040.AVI,Organized_data_Nov_2020\CLOG3\A\nothing, 2020-07-29 11:22:58,FALSE,CLOG3,A,TRUE,FALSE,FALSE,nothing,false,,
River Logs,07290041.AVI,Organized_data_Nov_2020\CLOG3\A\nothing, 2020-07-29 11:24:04,FALSE,CLOG3,A,TRUE,FALSE,FALSE,nothing,false,,
River Logs,EK000042.AVI,Organized_data_Nov_2020\PLOG2\A\on_log\iguana_green, 2020-07-29 12:15:22,FALSE,PLOG2,A,FALSE,FALSE,TRUE,iguana_green,false,,
River Logs,EK000019.AVI,Organized_data_Nov_2020\CLOG9\off_log\peccary_collared, 2020-07-29 12:32:20,FALSE,CLOG9,A,FALSE,FALSE,FALSE,peccary_collared,false,,
River Logs,07290042.AVI,Organized_data_Nov_2020\CLOG3\A\nothing, 2020-07-29 12:33:40,FALSE,CLOG3,A,TRUE,FALSE,FALSE,nothing,false,,
River Logs,EK000020 (2).AVI,Organized_data_Nov_2020\CLOG9\nothing, 2020-07-29 12:36:16,FALSE,CLOG9,A,TRUE,FALSE,FALSE,nothing,false,,
River Logs,07290043.AVI,Organized_data_Nov_2020\CLOG3\A\nothing, 2020-07-29 12:41:58,FALSE,CLOG3,A,TRUE,FALSE,FALSE,nothing,false,,
River Logs,07290044.AVI,Organized_data_Nov_2020\CLOG3\A\nothing, 2020-07-29 12:47:44,FALSE,CLOG3,A,TRUE,FALSE,FALSE,nothing,false,,
River Logs,EK000024.AVI,Organized_data_Nov_2020\PLOG8\A\nothing, 2020-07-29 12:47:44,FALSE,PLOG8,A,TRUE,FALSE,FALSE,nothing,false,,
River Logs,07290045.AVI,Organized_data_Nov_2020\CLOG3\A\nothing, 2020-07-29 13:19:44,FALSE,CLOG3,A,TRUE,FALSE,FALSE,nothing,false,,
River Logs,EK000026 (2).AVI,Organized_data_Nov_2020\PLOG2\B\nothing, 2020-07-29 13:30:28,FALSE,PLOG2,B,TRUE,FALSE,FALSE,nothing,false,,
River Logs,07290046.AVI,Organized_data_Nov_2020\CLOG3\A\nothing, 2020-07-29 13:34:16,FALSE,CLOG3,A,TRUE,FALSE,FALSE,nothing,false,,
River Logs,07290047.AVI,Organized_data_Nov_2020\CLOG3\A\nothing, 2020-07-29 13:37:22,FALSE,CLOG3,A,TRUE,FALSE,FALSE,nothing,false,,
River Logs,07290048.AVI,Organized_data_Nov_2020\CLOG3\A\nothing, 2020-07-29 13:42:06,FALSE,CLOG3,A,TRUE,FALSE,FALSE,nothing,false,,
River Logs,EK000025.AVI,Organized_data_Nov_2020\PLOG8\A\nothing, 2020-07-29 14:16:14,FALSE,PLOG8,A,TRUE,FALSE,FALSE,nothing,false,,
River Logs,07290049.AVI,Organized_data_Nov_2020\CLOG3\A\nothing, 2020-07-29 14:21:44,FALSE,CLOG3,A,TRUE,FALSE,FALSE,nothing,false,,
River Logs,07290050.AVI,Organized_data_Nov_2020\CLOG3\A\nothing, 2020-07-29 16:02:30,FALSE,CLOG3,A,TRUE,FALSE,FALSE,nothing,false,,
River Logs,07290051.AVI,Organized_data_Nov_2020\CLOG3\A\nothing, 2020-07-29 16:04:08,FALSE,CLOG3,A,TRUE,FALSE,FALSE,nothing,false,,
River Logs,07290052.AVI,Organized_data_Nov_2020\CLOG3\A\nothing, 2020-07-29 16:05:04,FALSE,CLOG3,A,TRUE,FALSE,FALSE,nothing,false,,
River Logs,07290053.AVI,Organized_data_Nov_2020\CLOG3\A\nothing, 2020-07-29 21:50:28,FALSE,CLOG3,A,TRUE,FALSE,FALSE,nothing,false,,
River Logs,07290054.AVI,Organized_data_Nov_2020\CLOG3\A\nothing, 2020-07-29 21:53:34,FALSE,CLOG3,A,TRUE,FALSE,FALSE,nothing,false,,
River Logs,EK000021 (2).AVI,Organized_data_Nov_2020\CLOG9\nothing, 2020-07-29 21:56:56,FALSE,CLOG9,A,TRUE,FALSE,FALSE,nothing,false,,
River Logs,07290055.AVI,Organized_data_Nov_2020\CLOG3\A\nothing, 2020-07-29 23:27:06,FALSE,CLOG3,A,TRUE,FALSE,FALSE,nothing,false,,
River Logs,07290056.AVI,Organized_data_Nov_2020\CLOG3\A\nothing, 2020-07-29 23:40:16,FALSE,CLOG3,A,TRUE,FALSE,FALSE,nothing,false,,
River Logs,07290057.AVI,Organized_data_Nov_2020\CLOG3\A\nothing, 2020-07-29 23:41:12,FALSE,CLOG3,A,TRUE,FALSE,FALSE,nothing,false,,
River Logs,07290058.AVI,Organized_data_Nov_2020\CLOG3\A\nothing, 2020-07-29 23:47:38,FALSE,CLOG3,A,TRUE,FALSE,FALSE,nothing,false,,
River Logs,07290059.AVI,Organized_data_Nov_2020\CLOG3\A\nothing, 2020-07-29 23:51:42,FALSE,CLOG3,A,TRUE,FALSE,FALSE,nothing,false,,
River Logs,07290060.AVI,Organized_data_Nov_2020\CLOG3\A\nothing, 2020-07-29 23:56:58,FALSE,CLOG3,A,TRUE,FALSE,FALSE,nothing,false,,
River Logs,07290061.AVI,Organized_data_Nov_2020\CLOG3\A\nothing, 2020-07-29 23:57:50,FALSE,CLOG3,A,TRUE,FALSE,FALSE,nothing,false,,
River Logs,EK000043.AVI,Organized_data_Nov_2020\PLOG2\A\nothing, 2020-07-29 23:59:16,FALSE,PLOG2,A,TRUE,FALSE,FALSE,nothing,false,,
River Logs,07290062.AVI,Organized_data_Nov_2020\CLOG3\A\nothing, 2020-07-30 00:13:34,FALSE,CLOG3,A,TRUE,FALSE,FALSE,nothing,false,,
River Logs,07290063.AVI,Organized_data_Nov_2020\CLOG3\A\nothing, 2020-07-30 00:15:06,FALSE,CLOG3,A,TRUE,FALSE,FALSE,nothing,false,,
River Logs,07290064.AVI,Organized_data_Nov_2020\CLOG3\A\nothing, 2020-07-30 00:16:10,FALSE,CLOG3,A,TRUE,FALSE,FALSE,nothing,false,,
River Logs,07290065.AVI,Organized_data_Nov_2020\CLOG3\A\nothing, 2020-07-30 00:39:40,FALSE,CLOG3,A,TRUE,FALSE,FALSE,nothing,false,,
River Logs,07290066.AVI,Organized_data_Nov_2020\CLOG3\A\nothing, 2020-07-30 00:40:56,FALSE,CLOG3,A,TRUE,FALSE,FALSE,nothing,false,,
River Logs,07290067.AVI,Organized_data_Nov_2020\CLOG3\A\nothing, 2020-07-30 00:53:58,FALSE,CLOG3,A,TRUE,FALSE,FALSE,nothing,false,,
River Logs,07290068.AVI,Organized_data_Nov_2020\CLOG3\A\nothing, 2020-07-30 00:57:36,FALSE,CLOG3,A,TRUE,FALSE,FALSE,nothing,false,,
River Logs,07290069.AVI,Organized_data_Nov_2020\CLOG3\A\nothing, 2020-07-30 00:59:02,FALSE,CLOG3,A,TRUE,FALSE,FALSE,nothing,false,,
River Logs,07290070.AVI,Organized_data_Nov_2020\CLOG3\A\nothing, 2020-07-30 01:09:54,FALSE,CLOG3,A,TRUE,FALSE,FALSE,nothing,false,,
River Logs,07290071.AVI,Organized_data_Nov_2020\CLOG3\A\nothing, 2020-07-30 01:15:28,FALSE,CLOG3,A,TRUE,FALSE,FALSE,nothing,false,,
River Logs,07290072.AVI,Organized_data_Nov_2020\CLOG3\A\nothing, 2020-07-30 01:33:42,FALSE,CLOG3,A,TRUE,FALSE,FALSE,nothing,false,,
River Logs,RCNX0252.AVI,Organized_data_Nov_2020\PLOG5\B\nothing, 2020-07-30 01:40:08,FALSE,PLOG5,B,TRUE,FALSE,FALSE,nothing,false,,
River Logs,EK000045.AVI,Organized_data_Nov_2020\PLOG2\A\nothing, 2020-07-30 01:45:50,FALSE,PLOG2,A,TRUE,FALSE,FALSE,nothing,false,,
River Logs,EK000027.AVI,Organized_data_Nov_2020\PLOG2\B\on_log\tamandua, 2020-07-30 02:09:22,FALSE,PLOG2,B,FALSE,FALSE,TRUE,tamandua,false,,
River Logs,EK000046.AVI,Organized_data_Nov_2020\PLOG2\A\on_log\tamandua, 2020-07-30 02:09:52,FALSE,PLOG2,A,FALSE,FALSE,TRUE,tamandua,true,,
River Logs,07300053.AVI,Organized_data_Nov_2020\PLOG6\nothing, 2020-07-30 04:20:34,FALSE,PLOG6,A,TRUE,FALSE,FALSE,uid,false,,
River Logs,07300073.AVI,Organized_data_Nov_2020\CLOG3\A\nothing, 2020-07-30 06:11:50,FALSE,CLOG3,A,TRUE,FALSE,FALSE,nothing,false,,
River Logs,07300074.AVI,Organized_data_Nov_2020\CLOG3\A\nothing, 2020-07-30 06:29:16,FALSE,CLOG3,A,TRUE,FALSE,FALSE,nothing,false,,
River Logs,07300075.AVI,Organized_data_Nov_2020\CLOG3\A\nothing, 2020-07-30 06:32:00,FALSE,CLOG3,A,TRUE,FALSE,FALSE,nothing,false,,
River Logs,07300076.AVI,Organized_data_Nov_2020\CLOG3\A\nothing, 2020-07-30 06:47:38,FALSE,CLOG3,A,TRUE,FALSE,FALSE,nothing,false,,
River Logs,07300077.AVI,Organized_data_Nov_2020\CLOG3\A\nothing, 2020-07-30 06:57:00,FALSE,CLOG3,A,TRUE,FALSE,FALSE,nothing,false,,
River Logs,07300078.AVI,Organized_data_Nov_2020\CLOG3\A\nothing, 2020-07-30 07:42:46,FALSE,CLOG3,A,TRUE,FALSE,FALSE,nothing,false,,
River Logs,07300079.AVI,Organized_data_Nov_2020\CLOG3\A\nothing, 2020-07-30 07:55:58,FALSE,CLOG3,A,TRUE,FALSE,FALSE,nothing,false,,
River Logs,07300080.AVI,Organized_data_Nov_2020\CLOG3\A\nothing, 2020-07-30 08:21:16,FALSE,CLOG3,A,TRUE,FALSE,FALSE,nothing,false,,
River Logs,07300081.AVI,Organized_data_Nov_2020\CLOG3\A\off_log\Bird, 2020-07-30 08:25:04,FALSE,CLOG3,A,FALSE,FALSE,FALSE,bird,false,,
River Logs,07300082.AVI,Organized_data_Nov_2020\CLOG3\A\nothing, 2020-07-30 08:28:34,FALSE,CLOG3,A,TRUE,FALSE,FALSE,nothing,false,,
River Logs,07300083.AVI,Organized_data_Nov_2020\CLOG3\A\nothing, 2020-07-30 08:30:48,FALSE,CLOG3,A,TRUE,FALSE,FALSE,nothing,false,,
River Logs,07300084.AVI,Organized_data_Nov_2020\CLOG3\A\nothing, 2020-07-30 08:31:50,FALSE,CLOG3,A,TRUE,FALSE,FALSE,nothing,false,,
River Logs,07300085.AVI,Organized_data_Nov_2020\CLOG3\A\nothing, 2020-07-30 08:37:26,FALSE,CLOG3,A,TRUE,FALSE,FALSE,nothing,false,,
River Logs,07300086.AVI,Organized_data_Nov_2020\CLOG3\A\nothing, 2020-07-30 08:40:04,FALSE,CLOG3,A,TRUE,FALSE,FALSE,nothing,false,,
River Logs,07300087.AVI,Organized_data_Nov_2020\CLOG3\A\nothing, 2020-07-30 08:41:02,FALSE,CLOG3,A,TRUE,FALSE,FALSE,nothing,false,,
River Logs,07300088.AVI,Organized_data_Nov_2020\CLOG3\A\nothing, 2020-07-30 08:42:04,FALSE,CLOG3,A,TRUE,FALSE,FALSE,nothing,false,,
River Logs,07300089.AVI,Organized_data_Nov_2020\CLOG3\A\nothing, 2020-07-30 08:43:02,FALSE,CLOG3,A,TRUE,FALSE,FALSE,nothing,false,,
River Logs,07300090.AVI,Organized_data_Nov_2020\CLOG3\A\nothing, 2020-07-30 08:44:14,FALSE,CLOG3,A,TRUE,FALSE,FALSE,nothing,false,,
River Logs,07300091.AVI,Organized_data_Nov_2020\CLOG3\A\nothing, 2020-07-30 08:45:34,FALSE,CLOG3,A,TRUE,FALSE,FALSE,nothing,false,,
River Logs,EK000028.AVI,Organized_data_Nov_2020\PLOG2\B\on_log\tayra, 2020-07-30 09:42:34,FALSE,PLOG2,B,FALSE,FALSE,TRUE,uid,false,,
River Logs,EK000047.AVI,Organized_data_Nov_2020\PLOG2\A\on_log\coati, 2020-07-30 09:43:40,FALSE,PLOG2,A,FALSE,FALSE,TRUE,coati,true,,
River Logs,07300012.AVI,Organized_data_Nov_2020\CLOG1\nothing, 2020-07-30 10:03:36,FALSE,CLOG1,A,TRUE,FALSE,FALSE,nothing,false,,
River Logs,EK000029.AVI,Organized_data_Nov_2020\PLOG2\B\on_log\tamandua, 2020-07-30 10:04:08,FALSE,PLOG2,B,FALSE,FALSE,TRUE,tamandua,true,,
River Logs,RCNX0031.AVI,Organized_data_Nov_2020\CLOG7\on_log\tamandua, 2020-07-30 10:42:46,FALSE,CLOG7,A,FALSE,FALSE,TRUE,tamandua,true,,
River Logs,07300027.MP4,Organized_data_Nov_2020\CLOG10\on_log\tayra, 2020-07-30 11:45:20,FALSE,CLOG10,A,FALSE,FALSE,TRUE,tayra,true,,
River Logs,EK000026.AVI,Organized_data_Nov_2020\PLOG8\A\on_log\bird, 2020-07-30 13:43:44,FALSE,PLOG8,A,FALSE,FALSE,TRUE,bird,true,,
River Logs,RCNX0256.AVI,Organized_data_Nov_2020\PLOG5\B\nothing, 2020-07-30 13:47:24,FALSE,PLOG5,B,TRUE,FALSE,FALSE,nothing,false,,
River Logs,EK000048.AVI,Organized_data_Nov_2020\PLOG2\A\nothing, 2020-07-30 20:26:32,FALSE,PLOG2,A,TRUE,FALSE,FALSE,nothing,false,,
River Logs,EK000049.AVI,Organized_data_Nov_2020\PLOG2\A\nothing, 2020-07-30 20:40:10,FALSE,PLOG2,A,TRUE,FALSE,FALSE,nothing,false,,
River Logs,07300092.AVI,Organized_data_Nov_2020\CLOG3\A\nothing, 2020-07-30 20:41:16,FALSE,CLOG3,A,TRUE,FALSE,FALSE,nothing,false,,
River Logs,EK000050.AVI,Organized_data_Nov_2020\PLOG2\A\nothing, 2020-07-30 20:53:28,FALSE,PLOG2,A,TRUE,FALSE,FALSE,nothing,false,,
River Logs,EK000051.AVI,Organized_data_Nov_2020\PLOG2\A\on_log\opossum_common, 2020-07-30 22:28:24,FALSE,PLOG2,A,FALSE,FALSE,TRUE,opossum_common,true,,
River Logs,EK000052.AVI,Organized_data_Nov_2020\PLOG2\A\nothing, 2020-07-30 22:36:06,FALSE,PLOG2,A,TRUE,FALSE,FALSE,nothing,false,,
River Logs,EK000053.AVI,Organized_data_Nov_2020\PLOG2\A\nothing, 2020-07-31 01:19:54,FALSE,PLOG2,A,TRUE,FALSE,FALSE,nothing,false,,
River Logs,07300093.AVI,Organized_data_Nov_2020\CLOG3\A\nothing, 2020-07-31 01:22:02,FALSE,CLOG3,A,TRUE,FALSE,FALSE,lizard_uid,false,,
River Logs,07300094.AVI,Organized_data_Nov_2020\CLOG3\A\nothing, 2020-07-31 01:41:06,FALSE,CLOG3,A,TRUE,FALSE,FALSE,nothing,false,,
River Logs,07310095.AVI,Organized_data_Nov_2020\CLOG3\A\nothing, 2020-07-31 02:33:52,FALSE,CLOG3,A,TRUE,FALSE,FALSE,lizard_uid,false,,
River Logs,EK000009 (2).AVI,Organized_data_Nov_2020\PLOG7\B\on_log\ocelot, 2020-07-31 03:35:24,FALSE,PLOG7,B,FALSE,FALSE,TRUE,ocelot,true,,
River Logs,07310013.AVI,Organized_data_Nov_2020\CLOG1\nothing, 2020-07-31 05:02:42,FALSE,CLOG1,A,TRUE,FALSE,FALSE,nothing,false,,
River Logs,07310054.AVI,Organized_data_Nov_2020\PLOG6\nothing, 2020-07-31 05:25:24,FALSE,PLOG6,A,TRUE,FALSE,FALSE,nothing,false,,
River Logs,07310096.AVI,Organized_data_Nov_2020\CLOG3\A\nothing, 2020-07-31 06:27:26,FALSE,CLOG3,A,TRUE,FALSE,FALSE,nothing,false,,
River Logs,07310055.AVI,Organized_data_Nov_2020\PLOG6\nothing, 2020-07-31 06:29:02,FALSE,PLOG6,A,TRUE,FALSE,FALSE,uid,false,,
River Logs,EK000054.AVI,Organized_data_Nov_2020\PLOG2\A\nothing, 2020-07-31 07:56:02,FALSE,PLOG2,A,TRUE,FALSE,FALSE,nothing,false,,
River Logs,07310056.AVI,Organized_data_Nov_2020\PLOG6\on_log\bird, 2020-07-31 08:44:02,FALSE,PLOG6,A,FALSE,FALSE,TRUE,bird,false,,
River Logs,07310057.AVI,Organized_data_Nov_2020\PLOG6\on_log\bird, 2020-07-31 08:45:24,FALSE,PLOG6,A,FALSE,FALSE,TRUE,bird,false,,
River Logs,07310097.AVI,Organized_data_Nov_2020\CLOG3\A\nothing, 2020-07-31 09:27:18,FALSE,CLOG3,A,TRUE,FALSE,FALSE,nothing,false,,
River Logs,07310098.AVI,Organized_data_Nov_2020\CLOG3\A\nothing, 2020-07-31 09:28:30,FALSE,CLOG3,A,TRUE,FALSE,FALSE,nothing,false,,
River Logs,07310099.AVI,Organized_data_Nov_2020\CLOG3\A\nothing, 2020-07-31 09:29:38,FALSE,CLOG3,A,TRUE,FALSE,FALSE,nothing,false,,
River Logs,07310100.AVI,Organized_data_Nov_2020\CLOG3\A\nothing, 2020-07-31 09:31:28,FALSE,CLOG3,A,TRUE,FALSE,FALSE,nothing,false,,
River Logs,07310101.AVI,Organized_data_Nov_2020\CLOG3\A\nothing, 2020-07-31 09:32:28,FALSE,CLOG3,A,TRUE,FALSE,FALSE,nothing,false,,
River Logs,07310102.AVI,Organized_data_Nov_2020\CLOG3\A\nothing, 2020-07-31 09:33:24,FALSE,CLOG3,A,TRUE,FALSE,FALSE,nothing,false,,
River Logs,07310103.AVI,Organized_data_Nov_2020\CLOG3\A\nothing, 2020-07-31 09:34:44,FALSE,CLOG3,A,TRUE,FALSE,FALSE,nothing,false,,
River Logs,07310104.AVI,Organized_data_Nov_2020\CLOG3\A\nothing, 2020-07-31 09:35:50,FALSE,CLOG3,A,TRUE,FALSE,FALSE,nothing,false,,
River Logs,07310105.AVI,Organized_data_Nov_2020\CLOG3\A\nothing, 2020-07-31 09:36:44,FALSE,CLOG3,A,TRUE,FALSE,FALSE,nothing,false,,
River Logs,07310106.AVI,Organized_data_Nov_2020\CLOG3\A\nothing, 2020-07-31 09:48:44,FALSE,CLOG3,A,TRUE,FALSE,FALSE,nothing,false,,
River Logs,07310107.AVI,Organized_data_Nov_2020\CLOG3\A\nothing, 2020-07-31 09:50:18,FALSE,CLOG3,A,TRUE,FALSE,FALSE,nothing,false,,
River Logs,07310108.AVI,Organized_data_Nov_2020\CLOG3\A\nothing, 2020-07-31 09:57:16,FALSE,CLOG3,A,TRUE,FALSE,FALSE,nothing,false,,
River Logs,07310109.AVI,Organized_data_Nov_2020\CLOG3\A\nothing, 2020-07-31 09:58:26,FALSE,CLOG3,A,TRUE,FALSE,FALSE,nothing,false,,
River Logs,07310110.AVI,Organized_data_Nov_2020\CLOG3\A\nothing, 2020-07-31 10:00:24,FALSE,CLOG3,A,TRUE,FALSE,FALSE,nothing,false,,
River Logs,07310111.AVI,Organized_data_Nov_2020\CLOG3\A\nothing, 2020-07-31 10:08:30,FALSE,CLOG3,A,TRUE,FALSE,FALSE,nothing,false,,
River Logs,EK000027.AVI,Organized_data_Nov_2020\PLOG8\A\nothing, 2020-07-31 17:23:02,FALSE,PLOG8,A,TRUE,FALSE,FALSE,nothing,false,,
River Logs,07310028.MP4,Organized_data_Nov_2020\CLOG10\off_log\curassow_great, 2020-07-31 19:28:16,FALSE,CLOG10,A,FALSE,FALSE,FALSE,curassow_great,false,,
River Logs,EK000028.AVI,Organized_data_Nov_2020\PLOG8\A\nothing, 2020-07-31 20:03:04,FALSE,PLOG8,A,TRUE,FALSE,FALSE,nothing,false,,
River Logs,EK000010.AVI,Organized_data_Nov_2020\PLOG7\B\on_log\puma, 2020-07-31 22:43:52,FALSE,PLOG7,B,FALSE,FALSE,TRUE,puma,true,,
River Logs,RCNX0260.AVI,Organized_data_Nov_2020\PLOG5\B\nothing, 2020-08-01 03:39:24,FALSE,PLOG5,B,TRUE,FALSE,FALSE,nothing,false,,
River Logs,08010058.AVI,Organized_data_Nov_2020\PLOG6\on_log\tamandua, 2020-08-01 06:46:44,FALSE,PLOG6,A,FALSE,FALSE,TRUE,tamandua,true,,
River Logs,08010059.AVI,Organized_data_Nov_2020\PLOG6\on_log\tamandua, 2020-08-01 06:48:12,FALSE,PLOG6,A,FALSE,FALSE,TRUE,tamandua,false,,
River Logs,EK000061.AVI,Organized_data_Nov_2020\PLOG7\A\nothing, 2020-08-01 10:35:58,FALSE,PLOG7,A,TRUE,FALSE,FALSE,nothing,false,,
River Logs,EK000055.AVI,Organized_data_Nov_2020\PLOG2\A\on_log\agouti, 2020-08-01 16:15:22,FALSE,PLOG2,A,FALSE,FALSE,TRUE,agouti,false,,
River Logs,EK000056.AVI,Organized_data_Nov_2020\PLOG2\A\on_log\agouti, 2020-08-01 16:26:42,FALSE,PLOG2,A,FALSE,FALSE,TRUE,agouti,false,,
River Logs,EK000057.AVI,Organized_data_Nov_2020\PLOG2\A\on_log\agouti, 2020-08-01 16:58:06,FALSE,PLOG2,A,FALSE,FALSE,TRUE,agouti,true,,
River Logs,EK000058.AVI,Organized_data_Nov_2020\PLOG2\A\on_log\agouti, 2020-08-01 16:59:04,FALSE,PLOG2,A,FALSE,FALSE,TRUE,agouti,false,sitting,
River Logs,EK000059.AVI,Organized_data_Nov_2020\PLOG2\A\on_log\agouti, 2020-08-01 17:00:40,FALSE,PLOG2,A,FALSE,FALSE,TRUE,agouti,true,,
River Logs,08010060.AVI,Organized_data_Nov_2020\PLOG6\nothing, 2020-08-01 17:50:22,FALSE,PLOG6,A,TRUE,FALSE,FALSE,nothing,false,,
River Logs,EK000060.AVI,Organized_data_Nov_2020\PLOG2\A\on_log\skunk_striped, 2020-08-01 20:11:48,FALSE,PLOG2,A,FALSE,FALSE,TRUE,skunk_striped,true,,
River Logs,08010019.MP4,Organized_data_Nov_2020\CLOG8\A\on_log\ocelot, 2020-08-01 20:41:46,FALSE,CLOG8,A,FALSE,FALSE,TRUE,margay,true,,
River Logs,08010061.AVI,Organized_data_Nov_2020\PLOG6\on_log\skunk_striped, 2020-08-01 21:04:24,FALSE,PLOG6,A,FALSE,FALSE,TRUE,skunk_striped,true,,
River Logs,RCNX0264.AVI,Organized_data_Nov_2020\PLOG5\B\on_log\skunk_striped, 2020-08-01 23:36:54,FALSE,PLOG5,B,FALSE,FALSE,TRUE,skunk_striped,true,,
River Logs,EK000061.AVI,Organized_data_Nov_2020\PLOG2\A\on_log\opossum_common, 2020-08-02 02:52:54,FALSE,PLOG2,A,FALSE,FALSE,TRUE,opossum_common,false,,
River Logs,08020112.AVI,Organized_data_Nov_2020\CLOG3\A\nothing, 2020-08-02 03:24:28,FALSE,CLOG3,A,TRUE,FALSE,FALSE,nothing,false,,
River Logs,08020113.AVI,Organized_data_Nov_2020\CLOG3\A\nothing, 2020-08-02 03:35:50,FALSE,CLOG3,A,TRUE,FALSE,FALSE,nothing,false,,
River Logs,RCNX0268.AVI,Organized_data_Nov_2020\PLOG5\B\nothing, 2020-08-02 06:51:50,FALSE,PLOG5,B,TRUE,FALSE,FALSE,nothing,false,,
River Logs,08020062.AVI,Organized_data_Nov_2020\PLOG6\nothing, 2020-08-02 08:51:48,FALSE,PLOG6,A,TRUE,FALSE,FALSE,nothing,false,,
River Logs,EK000062.AVI,Organized_data_Nov_2020\PLOG7\A\on_log\tamandua, 2020-08-02 11:54:06,FALSE,PLOG7,A,FALSE,FALSE,TRUE,tamandua,true,,
River Logs,RCNX0272.AVI,Organized_data_Nov_2020\PLOG5\B\on_log\tamandua, 2020-08-02 14:24:36,FALSE,PLOG5,B,FALSE,FALSE,TRUE,tamandua,true,,
River Logs,RCNX0276.AVI,Organized_data_Nov_2020\PLOG5\B\nothing, 2020-08-02 14:28:26,FALSE,PLOG5,B,TRUE,FALSE,FALSE,nothing,false,,
River Logs,08020020.MP4,Organized_data_Nov_2020\CLOG8\A\on_log\coati, 2020-08-02 14:43:18,FALSE,CLOG8,A,FALSE,FALSE,false,coati,false,,
River Logs,08020029.MP4,Organized_data_Nov_2020\CLOG10\nothing, 2020-08-02 15:23:48,FALSE,CLOG10,A,TRUE,FALSE,FALSE,nothing,false,,
River Logs,RCNX0280.AVI,Organized_data_Nov_2020\PLOG5\B\on_log\coati, 2020-08-02 18:36:42,FALSE,PLOG5,B,FALSE,FALSE,TRUE,coati,true,,
River Logs,RCNX0284.AVI,Organized_data_Nov_2020\PLOG5\B\nothing, 2020-08-02 19:40:58,FALSE,PLOG5,B,TRUE,FALSE,FALSE,nothing,false,,
River Logs,RCNX0288.AVI,Organized_data_Nov_2020\PLOG5\B\on_log\opossum_common, 2020-08-02 20:41:14,FALSE,PLOG5,B,FALSE,FALSE,TRUE,nothing,false,,
River Logs,EK000029.AVI,Organized_data_Nov_2020\PLOG8\A\nothing, 2020-08-03 01:08:10,FALSE,PLOG8,A,TRUE,FALSE,FALSE,nothing,false,,
River Logs,RCNX0292.AVI,Organized_data_Nov_2020\PLOG5\B\nothing, 2020-08-03 03:19:36,FALSE,PLOG5,B,TRUE,FALSE,FALSE,nothing,false,,
River Logs,08030114.AVI,Organized_data_Nov_2020\CLOG3\A\nothing, 2020-08-03 03:22:04,FALSE,CLOG3,A,TRUE,FALSE,FALSE,nothing,false,,
River Logs,RCNX0296.AVI,Organized_data_Nov_2020\PLOG5\B\nothing, 2020-08-03 05:19:08,FALSE,PLOG5,B,TRUE,FALSE,FALSE,nothing,false,,
River Logs,08030030.MP4,Organized_data_Nov_2020\CLOG10\on_log\tamandua, 2020-08-03 06:14:00,FALSE,CLOG10,A,FALSE,FALSE,TRUE,tamandua,true,,
River Logs,EK000062.AVI,Organized_data_Nov_2020\PLOG2\A\on_log\tamandua, 2020-08-03 06:48:12,FALSE,PLOG2,A,FALSE,FALSE,TRUE,tamandua,true,,
River Logs,08030115.AVI,Organized_data_Nov_2020\CLOG3\A\people, 2020-08-03 07:52:50,FALSE,CLOG3,A,FALSE,FALSE,FALSE,people,false,,
River Logs,08030116.AVI,Organized_data_Nov_2020\CLOG3\A\people, 2020-08-03 08:52:30,FALSE,CLOG3,A,FALSE,FALSE,FALSE,people,false,,
River Logs,RCNX0300.AVI,Organized_data_Nov_2020\PLOG5\B\on_log\tamandua, 2020-08-03 13:06:20,FALSE,PLOG5,B,FALSE,FALSE,TRUE,tamandua,true,,
River Logs,EK000030.AVI,Organized_data_Nov_2020\PLOG8\A\nothing, 2020-08-03 13:36:02,FALSE,PLOG8,A,TRUE,FALSE,FALSE,nothing,false,,
River Logs,EK000031.AVI,Organized_data_Nov_2020\PLOG8\A\nothing, 2020-08-03 13:39:38,FALSE,PLOG8,A,TRUE,FALSE,FALSE,nothing,false,,
River Logs,08030117.AVI,Organized_data_Nov_2020\CLOG3\A\on_log\tamandua, 2020-08-03 14:46:42,FALSE,CLOG3,A,FALSE,FALSE,TRUE,tamandua,true,,
River Logs,EK000032.AVI,Organized_data_Nov_2020\PLOG8\A\nothing, 2020-08-03 15:05:56,FALSE,PLOG8,A,TRUE,FALSE,FALSE,nothing,false,,
River Logs,EK000024.AVI,Organized_data_Nov_2020\CLOG4\nothing, 2020-08-03 15:26:42,FALSE,CLOG4,A,TRUE,FALSE,FALSE,nothing,false,,
River Logs,RCNX0304.AVI,Organized_data_Nov_2020\PLOG5\B\nothing, 2020-08-03 17:56:40,FALSE,PLOG5,B,TRUE,FALSE,FALSE,nothing,false,,
River Logs,EK000033.AVI,Organized_data_Nov_2020\PLOG8\A\nothing, 2020-08-03 21:55:26,FALSE,PLOG8,A,TRUE,FALSE,FALSE,nothing,false,,
River Logs,EK000034.AVI,Organized_data_Nov_2020\PLOG8\A\nothing, 2020-08-03 23:01:48,FALSE,PLOG8,A,TRUE,FALSE,FALSE,nothing,false,,
River Logs,RCNX0308.AVI,Organized_data_Nov_2020\PLOG5\B\nothing, 2020-08-03 23:27:58,FALSE,PLOG5,B,TRUE,FALSE,FALSE,nothing,false,,
River Logs,EK000035.AVI,Organized_data_Nov_2020\PLOG8\A\nothing, 2020-08-03 23:37:02,FALSE,PLOG8,A,TRUE,FALSE,FALSE,nothing,false,,
River Logs,EK000011.AVI,Organized_data_Nov_2020\PLOG7\B\on_log\ocelot, 2020-08-04 01:29:28,FALSE,PLOG7,B,FALSE,FALSE,TRUE,ocelot,true,,
River Logs,EK000063.AVI,Organized_data_Nov_2020\PLOG2\A\nothing, 2020-08-04 03:46:02,FALSE,PLOG2,A,TRUE,FALSE,FALSE,nothing,false,,
River Logs,08040021.MP4,Organized_data_Nov_2020\CLOG8\A\on_log\tamandua, 2020-08-04 05:26:16,FALSE,CLOG8,A,FALSE,FALSE,TRUE,tamandua,false,,
River Logs,EK000036.AVI,Organized_data_Nov_2020\PLOG8\A\nothing, 2020-08-04 08:26:18,FALSE,PLOG8,A,TRUE,FALSE,FALSE,nothing,false,,
River Logs,08040118.AVI,Organized_data_Nov_2020\CLOG3\A\on_log\opossum_common, 2020-08-04 13:45:34,FALSE,CLOG3,A,FALSE,FALSE,TRUE,opossum_common,true,,
River Logs,EK000064.AVI,Organized_data_Nov_2020\PLOG2\A\on_log\agouti, 2020-08-04 16:49:04,FALSE,PLOG2,A,FALSE,FALSE,TRUE,agouti,true,,
River Logs,EK000065.AVI,Organized_data_Nov_2020\PLOG2\A\on_log\agouti, 2020-08-04 16:49:48,FALSE,PLOG2,A,FALSE,FALSE,TRUE,agouti,false,,
River Logs,EK000066.AVI,Organized_data_Nov_2020\PLOG2\A\on_log\agouti, 2020-08-04 17:07:02,FALSE,PLOG2,A,FALSE,FALSE,TRUE,agouti,true,,
River Logs,EK000037.AVI,Organized_data_Nov_2020\PLOG8\A\nothing, 2020-08-04 19:25:16,FALSE,PLOG8,A,TRUE,FALSE,FALSE,nothing,false,,
River Logs,RCNX0312.AVI,Organized_data_Nov_2020\PLOG5\B\on_log\skunk_striped, 2020-08-04 21:31:12,FALSE,PLOG5,B,FALSE,FALSE,TRUE,skunk_striped,true,,
River Logs,EK000038.AVI,Organized_data_Nov_2020\PLOG8\A\nothing, 2020-08-04 21:35:40,FALSE,PLOG8,A,TRUE,FALSE,FALSE,nothing,false,,
River Logs,08040063.AVI,Organized_data_Nov_2020\PLOG6\on_log\skunk_striped, 2020-08-05 00:07:04,FALSE,PLOG6,A,FALSE,FALSE,TRUE,skunk_striped,true,marking,
River Logs,RCNX0316.AVI,Organized_data_Nov_2020\PLOG5\B\on_log\puma, 2020-08-05 04:44:28,FALSE,PLOG5,B,FALSE,FALSE,TRUE,puma,true,,
River Logs,08050064.AVI,Organized_data_Nov_2020\PLOG6\on_log\skunk_striped, 2020-08-05 06:18:20,FALSE,PLOG6,A,FALSE,FALSE,TRUE,skunk_striped,true,,
River Logs,08050065.AVI,Organized_data_Nov_2020\PLOG6\on_log\puma, 2020-08-05 11:15:36,FALSE,PLOG6,A,FALSE,FALSE,TRUE,puma,true,,
River Logs,RCNX0320.AVI,Organized_data_Nov_2020\PLOG5\B\on_log\coati, 2020-08-05 12:20:34,FALSE,PLOG5,B,FALSE,FALSE,TRUE,coati,true,marking,
River Logs,EK000022.AVI,Organized_data_Nov_2020\CLOG9\off_log\peccary_collared, 2020-08-05 12:27:46,FALSE,CLOG9,A,FALSE,FALSE,FALSE,peccary_collared,false,,
River Logs,EK000023.AVI,Organized_data_Nov_2020\CLOG9\off_log\peccary_collared, 2020-08-05 12:30:30,FALSE,CLOG9,A,FALSE,FALSE,FALSE,peccary_collared,false,,
River Logs,EK000024.AVI,Organized_data_Nov_2020\CLOG9\nothing, 2020-08-05 12:31:28,FALSE,CLOG9,A,TRUE,FALSE,FALSE,nothing,false,,
River Logs,EK000025.AVI,Organized_data_Nov_2020\CLOG9\off_log\peccary_collared, 2020-08-05 13:10:12,FALSE,CLOG9,A,FALSE,FALSE,FALSE,peccary_collared,false,,
River Logs,RCNX0324.AVI,Organized_data_Nov_2020\PLOG5\B\on_log\tamandua, 2020-08-05 18:09:28,FALSE,PLOG5,B,FALSE,FALSE,TRUE,tamandua,true,,
River Logs,EK000067 (2).AVI,Organized_data_Nov_2020\PLOG2\A\on_log\tamandua, 2020-08-06 01:43:08,FALSE,PLOG2,A,FALSE,FALSE,TRUE,tamandua,true,,
River Logs,08060119.AVI,Organized_data_Nov_2020\CLOG3\A\nothing, 2020-08-06 03:01:46,FALSE,CLOG3,A,TRUE,FALSE,FALSE,nothing,false,,
River Logs,08060120.AVI,Organized_data_Nov_2020\CLOG3\A\nothing, 2020-08-06 03:43:08,FALSE,CLOG3,A,TRUE,FALSE,FALSE,nothing,false,,
River Logs,08060022.MP4,Organized_data_Nov_2020\CLOG8\A\on_log\ocelot, 2020-08-06 04:47:42,FALSE,CLOG8,A,FALSE,FALSE,TRUE,margay,true,,
River Logs,08060066.AVI,Organized_data_Nov_2020\PLOG6\on_log\tamandua, 2020-08-06 08:21:24,FALSE,PLOG6,A,FALSE,FALSE,TRUE,tamandua,true,,
River Logs,RCNX0032.AVI,Organized_data_Nov_2020\CLOG7\on_log\coati, 2020-08-06 08:22:04,FALSE,CLOG7,A,FALSE,FALSE,TRUE,coati,true,,
River Logs,RCNX0033.AVI,Organized_data_Nov_2020\CLOG7\on_log\coati, 2020-08-06 08:22:54,FALSE,CLOG7,A,FALSE,FALSE,TRUE,coati,true,,
River Logs,RCNX0034.AVI,Organized_data_Nov_2020\CLOG7\nothing, 2020-08-06 08:24:22,FALSE,CLOG7,A,TRUE,FALSE,FALSE,nothing,false,,
River Logs,RCNX0035.AVI,Organized_data_Nov_2020\CLOG7\on_log\coati, 2020-08-06 08:26:38,FALSE,CLOG7,A,FALSE,FALSE,TRUE,coati,true,marking,
River Logs,08060067.AVI,Organized_data_Nov_2020\PLOG6\nothing, 2020-08-06 11:32:54,FALSE,PLOG6,A,TRUE,FALSE,FALSE,nothing,false,,
River Logs,RCNX0328.AVI,Organized_data_Nov_2020\PLOG5\B\nothing, 2020-08-06 12:16:08,FALSE,PLOG5,B,TRUE,FALSE,FALSE,nothing,false,,
River Logs,08060014.AVI,Organized_data_Nov_2020\CLOG1\nothing, 2020-08-06 14:07:20,FALSE,CLOG1,A,TRUE,FALSE,FALSE,nothing,false,,
River Logs,RCNX0332.AVI,Organized_data_Nov_2020\PLOG5\B\on_log\ocelot, 2020-08-06 22:21:56,FALSE,PLOG5,B,FALSE,FALSE,TRUE,nothing,false,,
River Logs,08060023.MP4,Organized_data_Nov_2020\CLOG8\A\nothing, 2020-08-06 22:56:30,FALSE,CLOG8,A,TRUE,FALSE,FALSE,nothing,false,,
River Logs,RCNX0336.AVI,Organized_data_Nov_2020\PLOG5\B\nothing, 2020-08-07 00:37:38,FALSE,PLOG5,B,TRUE,FALSE,FALSE,nothing,false,,
River Logs,RCNX0340.AVI,Organized_data_Nov_2020\PLOG5\B\on_log\opossum_common, 2020-08-07 01:29:20,FALSE,PLOG5,B,FALSE,FALSE,TRUE,opossum_common,true,,
River Logs,RCNX0344.AVI,Organized_data_Nov_2020\PLOG5\B\nothing, 2020-08-07 01:52:18,FALSE,PLOG5,B,TRUE,FALSE,FALSE,nothing,false,,
River Logs,RCNX0348.AVI,Organized_data_Nov_2020\PLOG5\B\nothing, 2020-08-07 01:53:24,FALSE,PLOG5,B,TRUE,FALSE,FALSE,nothing,false,,
River Logs,08070015.AVI,Organized_data_Nov_2020\CLOG1\nothing, 2020-08-07 05:25:58,FALSE,CLOG1,A,TRUE,FALSE,FALSE,nothing,false,,
River Logs,EK000068.AVI,Organized_data_Nov_2020\PLOG2\A\nothing, 2020-08-07 05:44:32,FALSE,PLOG2,A,TRUE,FALSE,FALSE,nothing,false,,
River Logs,08070121.AVI,Organized_data_Nov_2020\CLOG3\A\nothing, 2020-08-07 06:13:16,FALSE,CLOG3,A,TRUE,FALSE,FALSE,nothing,false,,
River Logs,EK000026.AVI,Organized_data_Nov_2020\CLOG9\off_log\skunk_striped, 2020-08-07 06:26:44,FALSE,CLOG9,A,FALSE,FALSE,FALSE,skunk_striped,true,,
River Logs,RCNX0352.AVI,Organized_data_Nov_2020\PLOG5\B\nothing, 2020-08-07 07:22:38,FALSE,PLOG5,B,TRUE,FALSE,FALSE,nothing,false,,
River Logs,EK000063.AVI,Organized_data_Nov_2020\PLOG7\A\nothing, 2020-08-07 09:49:22,FALSE,PLOG7,A,TRUE,FALSE,FALSE,nothing,false,,
River Logs,08070016.AVI,Organized_data_Nov_2020\CLOG1\nothing, 2020-08-07 14:44:06,FALSE,CLOG1,A,TRUE,FALSE,FALSE,nothing,false,,
River Logs,EK000027.AVI,Organized_data_Nov_2020\CLOG9\nothing, 2020-08-07 14:54:58,FALSE,CLOG9,A,TRUE,FALSE,FALSE,nothing,false,,
River Logs,EK000069.AVI,Organized_data_Nov_2020\PLOG2\A\on_log\agouti, 2020-08-07 16:55:36,FALSE,PLOG2,A,FALSE,FALSE,TRUE,agouti,false,,
River Logs,EK000070.AVI,Organized_data_Nov_2020\PLOG2\A\nothing, 2020-08-07 17:21:14,FALSE,PLOG2,A,TRUE,FALSE,FALSE,nothing,false,,
River Logs,RCNX0356.AVI,Organized_data_Nov_2020\PLOG5\B\nothing, 2020-08-07 19:32:22,FALSE,PLOG5,B,TRUE,FALSE,FALSE,nothing,false,,
River Logs,EK000071 (2).AVI,Organized_data_Nov_2020\PLOG2\A\nothing, 2020-08-07 20:37:04,FALSE,PLOG2,A,TRUE,FALSE,FALSE,nothing,false,,
River Logs,RCNX0360.AVI,Organized_data_Nov_2020\PLOG5\B\on_log\skunk_striped, 2020-08-07 21:36:28,FALSE,PLOG5,B,FALSE,FALSE,TRUE,skunk_striped,true,,
River Logs,RCNX0364.AVI,Organized_data_Nov_2020\PLOG5\B\on_log\opossum_common, 2020-08-07 23:58:50,FALSE,PLOG5,B,FALSE,FALSE,TRUE,opossum_common,true,,
River Logs,RCNX0368.AVI,Organized_data_Nov_2020\PLOG5\B\nothing, 2020-08-08 00:01:36,FALSE,PLOG5,B,TRUE,FALSE,FALSE,nothing,false,,
River Logs,08080122.AVI,Organized_data_Nov_2020\CLOG3\A\nothing, 2020-08-08 03:41:44,FALSE,CLOG3,A,TRUE,FALSE,FALSE,nothing,false,,
River Logs,08080123.AVI,Organized_data_Nov_2020\CLOG3\A\nothing, 2020-08-08 03:44:06,FALSE,CLOG3,A,TRUE,FALSE,FALSE,nothing,false,,
River Logs,EK000025.AVI,Organized_data_Nov_2020\CLOG4\nothing, 2020-08-08 05:49:32,FALSE,CLOG4,A,TRUE,FALSE,FALSE,nothing,false,,
River Logs,08080024.MP4,Organized_data_Nov_2020\CLOG8\A\on_log\ocelot, 2020-08-08 06:06:26,FALSE,CLOG8,A,FALSE,FALSE,TRUE,ocelot,true,,
River Logs,RCNX0372.AVI,Organized_data_Nov_2020\PLOG5\B\nothing, 2020-08-08 09:27:48,FALSE,PLOG5,B,TRUE,FALSE,FALSE,nothing,false,,
River Logs,EK000064.AVI,Organized_data_Nov_2020\PLOG7\A\on_log\tamandua, 2020-08-08 11:31:02,FALSE,PLOG7,A,FALSE,FALSE,TRUE,tamandua,true,,
River Logs,08080025.MP4,Organized_data_Nov_2020\CLOG8\A\on_log\tamandua, 2020-08-08 13:44:38,FALSE,CLOG8,A,FALSE,FALSE,TRUE,tamandua,true,,
River Logs,08080031.MP4,Organized_data_Nov_2020\CLOG10\nothing, 2020-08-08 14:16:54,FALSE,CLOG10,A,TRUE,FALSE,FALSE,nothing,false,,
River Logs,RCNX0376.AVI,Organized_data_Nov_2020\PLOG5\B\on_log\tamandua, 2020-08-08 14:37:54,FALSE,PLOG5,B,FALSE,FALSE,TRUE,tamandua,true,,
River Logs,08080032.MP4,Organized_data_Nov_2020\CLOG10\nothing, 2020-08-08 15:05:30,FALSE,CLOG10,A,TRUE,FALSE,FALSE,nothing,false,,
River Logs,08080026.MP4,Organized_data_Nov_2020\CLOG8\A\off_log\bird, 2020-08-08 15:06:30,FALSE,CLOG8,A,FALSE,FALSE,FALSE,bird,false,,
River Logs,RCNX0380.AVI,Organized_data_Nov_2020\PLOG5\B\nothing, 2020-08-08 15:26:26,FALSE,PLOG5,B,TRUE,FALSE,FALSE,nothing,false,,
River Logs,RCNX0384.AVI,Organized_data_Nov_2020\PLOG5\B\on_log\coati, 2020-08-08 17:58:30,FALSE,PLOG5,B,FALSE,FALSE,TRUE,coati,true,,
River Logs,08080017.AVI,Organized_data_Nov_2020\CLOG1\nothing, 2020-08-08 18:10:06,FALSE,CLOG1,A,TRUE,FALSE,FALSE,nothing,false,,
River Logs,08080018.AVI,Organized_data_Nov_2020\CLOG1\people, 2020-08-08 19:09:38,FALSE,CLOG1,A,FALSE,FALSE,FALSE,people,false,,
River Logs,RCNX0388.AVI,Organized_data_Nov_2020\PLOG5\B\on_log\skunk_striped, 2020-08-08 21:15:22,FALSE,PLOG5,B,FALSE,FALSE,TRUE,skunk_striped,true,,
River Logs,EK000072.AVI,Organized_data_Nov_2020\PLOG2\A\on_log\tamandua, 2020-08-08 22:01:42,FALSE,PLOG2,A,FALSE,FALSE,TRUE,tamandua,true,,
River Logs,EK000073.AVI,Organized_data_Nov_2020\PLOG2\A\on_log\tamandua, 2020-08-08 23:43:14,FALSE,PLOG2,A,FALSE,FALSE,TRUE,tamandua,true,,
River Logs,08080124.AVI,Organized_data_Nov_2020\CLOG3\A\on_log\jaguarundi, 2020-08-09 01:58:20,FALSE,CLOG3,A,FALSE,FALSE,TRUE,jaguarundi,true,,
River Logs,08090027.MP4,Organized_data_Nov_2020\CLOG8\A\on_log\tamandua, 2020-08-09 03:49:18,FALSE,CLOG8,A,FALSE,FALSE,TRUE,tamandua,false,,
River Logs,08090028.MP4,Organized_data_Nov_2020\CLOG8\A\on_log\tamandua, 2020-08-09 03:50:14,FALSE,CLOG8,A,FALSE,FALSE,TRUE,tamandua,true,,
River Logs,RCNX0392.AVI,Organized_data_Nov_2020\PLOG5\B\nothing, 2020-08-09 05:38:46,FALSE,PLOG5,B,TRUE,FALSE,FALSE,nothing,false,,
River Logs,RCNX0396.AVI,Organized_data_Nov_2020\PLOG5\B\nothing, 2020-08-09 06:18:50,FALSE,PLOG5,B,TRUE,FALSE,FALSE,nothing,false,,
River Logs,08090019.AVI,Organized_data_Nov_2020\CLOG1\off_log\bird, 2020-08-09 10:48:26,FALSE,CLOG1,A,FALSE,FALSE,FALSE,bird,false,,
River Logs,08090033.MP4,Organized_data_Nov_2020\CLOG10\nothing, 2020-08-09 11:50:18,FALSE,CLOG10,A,TRUE,FALSE,FALSE,nothing,false,,
River Logs,RCNX0036.AVI,Organized_data_Nov_2020\CLOG7\on_log\coati, 2020-08-09 16:42:02,FALSE,CLOG7,A,FALSE,FALSE,TRUE,coati,true,,
River Logs,RCNX0037.AVI,Organized_data_Nov_2020\CLOG7\on_log\coati, 2020-08-09 16:49:22,FALSE,CLOG7,A,FALSE,FALSE,TRUE,coati,true,,
River Logs,EK000012 (2).AVI,Organized_data_Nov_2020\PLOG7\B\nothing, 2020-08-09 17:00:28,FALSE,PLOG7,B,TRUE,FALSE,FALSE,nothing,false,,
River Logs,RCNX0400.AVI,Organized_data_Nov_2020\PLOG5\B\nothing, 2020-08-09 17:39:14,FALSE,PLOG5,B,TRUE,FALSE,FALSE,nothing,false,,
River Logs,EK000028.AVI,Organized_data_Nov_2020\CLOG9\nothing, 2020-08-09 19:28:32,FALSE,CLOG9,A,TRUE,FALSE,FALSE,nothing,false,,
River Logs,EK000013 (2).AVI,Organized_data_Nov_2020\PLOG7\B\nothing, 2020-08-09 21:11:32,FALSE,PLOG7,B,TRUE,FALSE,FALSE,nothing,false,,
River Logs,EK000074.AVI,Organized_data_Nov_2020\PLOG2\A\on_log\tamandua, 2020-08-09 23:05:58,FALSE,PLOG2,A,FALSE,FALSE,TRUE,tamandua,true,,
River Logs,EK000029.AVI,Organized_data_Nov_2020\CLOG9\nothing, 2020-08-09 23:31:14,FALSE,CLOG9,A,TRUE,FALSE,FALSE,nothing,false,,
River Logs,EK000026 (2).AVI,Organized_data_Nov_2020\CLOG4\nothing, 2020-08-09 23:35:22,FALSE,CLOG4,A,TRUE,FALSE,FALSE,nothing,false,,
River Logs,RCNX0404.AVI,Organized_data_Nov_2020\PLOG5\B\on_log\tamandua, 2020-08-10 01:10:36,FALSE,PLOG5,B,FALSE,FALSE,TRUE,tamandua,true,,
River Logs,EK000014.AVI,Organized_data_Nov_2020\PLOG7\B\on_log\ocelot, 2020-08-10 01:37:24,FALSE,PLOG7,B,FALSE,FALSE,TRUE,ocelot,true,,
River Logs,EK000075.AVI,Organized_data_Nov_2020\PLOG2\A\on_log\tamandua, 2020-08-10 02:56:36,FALSE,PLOG2,A,FALSE,FALSE,TRUE,tamandua,true,,
River Logs,RCNX0408.AVI,Organized_data_Nov_2020\PLOG5\B\nothing, 2020-08-10 04:19:22,FALSE,PLOG5,B,TRUE,FALSE,FALSE,nothing,false,,
River Logs,EK000076 (2).AVI,Organized_data_Nov_2020\PLOG2\A\nothing, 2020-08-10 05:10:12,FALSE,PLOG2,A,TRUE,FALSE,FALSE,nothing,false,,
River Logs,EK000077.AVI,Organized_data_Nov_2020\PLOG2\A\on_log\agouti, 2020-08-10 09:36:46,FALSE,PLOG2,A,FALSE,FALSE,TRUE,agouti,true,,
River Logs,EK000078.AVI,Organized_data_Nov_2020\PLOG2\A\on_log\agouti, 2020-08-10 09:49:00,FALSE,PLOG2,A,FALSE,FALSE,TRUE,agouti,true,,
River Logs,08100020.AVI,Organized_data_Nov_2020\CLOG1\nothing, 2020-08-10 09:52:12,FALSE,CLOG1,A,TRUE,FALSE,FALSE,nothing,false,,
River Logs,08100021.AVI,Organized_data_Nov_2020\CLOG1\nothing, 2020-08-10 10:26:52,FALSE,CLOG1,A,TRUE,FALSE,FALSE,nothing,false,,
River Logs,08100029.MP4,Organized_data_Nov_2020\CLOG8\A\people, 2020-08-10 11:38:58,FALSE,CLOG8,A,FALSE,FALSE,FALSE,people,false,,
River Logs,08100022.AVI,Organized_data_Nov_2020\CLOG1\off_log\bird, 2020-08-10 11:43:18,FALSE,CLOG1,A,FALSE,FALSE,FALSE,bird,false,,
River Logs,EK000065.AVI,Organized_data_Nov_2020\PLOG7\A\on_log\coati, 2020-08-10 11:52:14,FALSE,PLOG7,A,FALSE,FALSE,TRUE,coati,true,,
River Logs,EK000079.AVI,Organized_data_Nov_2020\PLOG2\A\on_log\bird, 2020-08-10 11:53:32,FALSE,PLOG2,A,FALSE,FALSE,TRUE,bird,false,,
River Logs,EK000080.AVI,Organized_data_Nov_2020\PLOG2\A\on_log\coati, 2020-08-10 17:40:44,FALSE,PLOG2,A,FALSE,FALSE,TRUE,coati,true,,
River Logs,EK000081 (2).AVI,Organized_data_Nov_2020\PLOG2\A\nothing, 2020-08-11 00:55:34,FALSE,PLOG2,A,TRUE,FALSE,FALSE,nothing,false,,
River Logs,08110125.AVI,Organized_data_Nov_2020\CLOG3\A\nothing, 2020-08-11 05:45:12,FALSE,CLOG3,A,TRUE,FALSE,FALSE,nothing,false,,
River Logs,08110030.MP4,Organized_data_Nov_2020\CLOG8\A\on_log\tayra, 2020-08-11 08:46:26,FALSE,CLOG8,A,FALSE,FALSE,TRUE,tayra,true,,
River Logs,08110126.AVI,Organized_data_Nov_2020\CLOG3\A\nothing, 2020-08-11 12:44:28,FALSE,CLOG3,A,TRUE,FALSE,FALSE,nothing,false,,
River Logs,EK000066.AVI,Organized_data_Nov_2020\PLOG7\A\on_log\tamandua, 2020-08-11 13:01:48,FALSE,PLOG7,A,FALSE,FALSE,TRUE,tamandua,true,,
River Logs,08110034.MP4,Organized_data_Nov_2020\CLOG10\off_log\coati, 2020-08-11 13:33:52,FALSE,CLOG10,A,FALSE,FALSE,FALSE,coati,false,,
River Logs,EK000027.AVI,Organized_data_Nov_2020\CLOG4\on_log\coati, 2020-08-11 14:01:14,FALSE,CLOG4,A,FALSE,FALSE,TRUE,coati,true,,
River Logs,EK000039.AVI,Organized_data_Nov_2020\PLOG8\A\nothing, 2020-08-11 15:19:24,FALSE,PLOG8,A,TRUE,FALSE,FALSE,nothing,false,,
River Logs,08110035.MP4,Organized_data_Nov_2020\CLOG10\off_log\coati, 2020-08-11 15:41:02,FALSE,CLOG10,A,FALSE,FALSE,FALSE,coati,false,,
River Logs,EK000040.AVI,Organized_data_Nov_2020\PLOG8\A\on_log\coati, 2020-08-11 15:47:48,FALSE,PLOG8,A,FALSE,FALSE,TRUE,coati,true,,
River Logs,EK000041.AVI,Organized_data_Nov_2020\PLOG8\A\nothing, 2020-08-11 16:43:40,FALSE,PLOG8,A,TRUE,FALSE,FALSE,nothing,false,,
River Logs,08110023.AVI,Organized_data_Nov_2020\CLOG1\nothing, 2020-08-11 23:16:04,FALSE,CLOG1,A,TRUE,FALSE,FALSE,nothing,false,,
River Logs,08110024.AVI,Organized_data_Nov_2020\CLOG1\nothing, 2020-08-11 23:33:32,FALSE,CLOG1,A,TRUE,FALSE,FALSE,nothing,false,,
River Logs,RCNX0412.AVI,Organized_data_Nov_2020\PLOG5\B\nothing, 2020-08-12 01:15:54,FALSE,PLOG5,B,TRUE,FALSE,FALSE,nothing,false,,
River Logs,08120127.AVI,Organized_data_Nov_2020\CLOG3\A\on_log\lizard_uid, 2020-08-12 02:20:46,FALSE,CLOG3,A,FALSE,FALSE,TRUE,lizard_uid,false,,
River Logs,08120025.AVI,Organized_data_Nov_2020\CLOG1\nothing, 2020-08-12 02:26:16,FALSE,CLOG1,A,TRUE,FALSE,FALSE,nothing,false,,
River Logs,EK000082.AVI,Organized_data_Nov_2020\PLOG2\A\on_log\skunk_striped, 2020-08-12 02:45:06,FALSE,PLOG2,A,FALSE,FALSE,TRUE,skunk_striped,true,,
River Logs,EK000083.AVI,Organized_data_Nov_2020\PLOG2\A\on_log\ocelot, 2020-08-12 04:02:04,FALSE,PLOG2,A,FALSE,FALSE,TRUE,ocelot,true,,
River Logs,EK000084.AVI,Organized_data_Nov_2020\PLOG2\A\nothing, 2020-08-12 04:34:38,FALSE,PLOG2,A,TRUE,FALSE,FALSE,nothing,false,,
River Logs,EK000042.AVI,Organized_data_Nov_2020\PLOG8\A\on_log\tamandua, 2020-08-12 08:15:50,FALSE,PLOG8,A,FALSE,FALSE,TRUE,tamandua,true,,
River Logs,08120031.MP4,Organized_data_Nov_2020\CLOG8\A\off_log\squirrel_uid, 2020-08-12 08:39:56,FALSE,CLOG8,A,FALSE,FALSE,FALSE,squirrel_uid,false,,
River Logs,08120032.MP4,Organized_data_Nov_2020\CLOG8\A\off_log\squirrel_uid, 2020-08-12 08:41:34,FALSE,CLOG8,A,FALSE,FALSE,FALSE,squirrel_uid,false,,
River Logs,08120026.AVI,Organized_data_Nov_2020\CLOG1\nothing, 2020-08-12 09:21:56,FALSE,CLOG1,A,TRUE,FALSE,FALSE,nothing,false,,
River Logs,EK000030.AVI,Organized_data_Nov_2020\CLOG9\nothing, 2020-08-12 10:35:42,FALSE,CLOG9,A,TRUE,FALSE,FALSE,nothing,false,,
River Logs,RCNX0038.AVI,Organized_data_Nov_2020\CLOG7\on_log\coati, 2020-08-12 13:33:58,FALSE,CLOG7,A,FALSE,FALSE,TRUE,coati,true,marking,
River Logs,EK000028 (2).AVI,Organized_data_Nov_2020\CLOG4\nothing, 2020-08-12 14:31:12,FALSE,CLOG4,A,TRUE,FALSE,FALSE,nothing,false,,
River Logs,EK000043.AVI,Organized_data_Nov_2020\PLOG8\A\nothing, 2020-08-12 16:48:32,FALSE,PLOG8,A,TRUE,FALSE,FALSE,nothing,false,,
River Logs,RCNX0039.AVI,Organized_data_Nov_2020\CLOG7\on_log\coati, 2020-08-12 17:32:44,FALSE,CLOG7,A,FALSE,FALSE,TRUE,coati,false,,
River Logs,EK000085.AVI,Organized_data_Nov_2020\PLOG2\A\on_log\tayra, 2020-08-12 17:49:14,FALSE,PLOG2,A,FALSE,FALSE,TRUE,tayra,true,,
River Logs,RCNX0040.AVI,Organized_data_Nov_2020\CLOG7\on_log\coati, 2020-08-12 18:18:00,FALSE,CLOG7,A,FALSE,FALSE,TRUE,coati,true,,
River Logs,RCNX0416.AVI,Organized_data_Nov_2020\PLOG5\B\on_log\skunk_striped, 2020-08-12 22:36:10,FALSE,PLOG5,B,FALSE,FALSE,TRUE,skunk_striped,true,marking,
River Logs,RCNX0420.AVI,Organized_data_Nov_2020\PLOG5\B\on_log\opossum_common, 2020-08-12 23:09:06,FALSE,PLOG5,B,FALSE,FALSE,TRUE,opossum_common,false,,
River Logs,08130128.AVI,Organized_data_Nov_2020\CLOG3\A\on_log\iguana_green, 2020-08-13 04:22:36,FALSE,CLOG3,A,FALSE,FALSE,TRUE,iguana_green,false,,
River Logs,EK000044.AVI,Organized_data_Nov_2020\PLOG8\A\nothing, 2020-08-13 06:59:58,FALSE,PLOG8,A,TRUE,FALSE,FALSE,nothing,false,,
River Logs,EK000045.AVI,Organized_data_Nov_2020\PLOG8\A\on_log\tamandua, 2020-08-13 08:56:04,FALSE,PLOG8,A,FALSE,FALSE,TRUE,tamandua,true,,
River Logs,EK000029 (2).AVI,Organized_data_Nov_2020\CLOG4\on_log\coati, 2020-08-13 10:30:42,FALSE,CLOG4,A,FALSE,FALSE,TRUE,coati,true,,
River Logs,RCNX0041.AVI,Organized_data_Nov_2020\CLOG7\on_log\coati, 2020-08-13 12:05:36,FALSE,CLOG7,A,FALSE,FALSE,TRUE,coati,true,,
River Logs,08130027.AVI,Organized_data_Nov_2020\CLOG1\nothing, 2020-08-13 12:24:52,FALSE,CLOG1,A,TRUE,FALSE,FALSE,nothing,false,,
River Logs,EK000031.AVI,Organized_data_Nov_2020\CLOG9\off_log\curassow_great, 2020-08-13 16:31:28,FALSE,CLOG9,A,FALSE,FALSE,FALSE,curassow_great,false,,
River Logs,EK000032.AVI,Organized_data_Nov_2020\CLOG9\off_log\curassow_great, 2020-08-13 16:32:32,FALSE,CLOG9,A,FALSE,FALSE,FALSE,curassow_great,false,,
River Logs,RCNX0424.AVI,Organized_data_Nov_2020\PLOG5\B\nothing, 2020-08-13 19:18:58,FALSE,PLOG5,B,TRUE,FALSE,FALSE,nothing,false,,
River Logs,08130028.AVI,Organized_data_Nov_2020\CLOG1\nothing, 2020-08-13 22:27:24,FALSE,CLOG1,A,TRUE,FALSE,FALSE,nothing,false,,
River Logs,RCNX0428.AVI,Organized_data_Nov_2020\PLOG5\B\on_log\puma, 2020-08-13 22:34:32,FALSE,PLOG5,B,FALSE,FALSE,TRUE,puma,true,,
River Logs,08130036.MP4,Organized_data_Nov_2020\CLOG10\on_log\tamandua, 2020-08-14 00:31:52,FALSE,CLOG10,A,FALSE,FALSE,TRUE,tamandua,true,,
River Logs,08130029.AVI,Organized_data_Nov_2020\CLOG1\nothing, 2020-08-14 01:48:42,FALSE,CLOG1,A,TRUE,FALSE,FALSE,opossum_common,false,,
River Logs,08140030.AVI,Organized_data_Nov_2020\CLOG1\nothing, 2020-08-14 03:14:48,FALSE,CLOG1,A,TRUE,FALSE,FALSE,nothing,false,,
River Logs,08140031.AVI,Organized_data_Nov_2020\CLOG1\nothing, 2020-08-14 03:16:48,FALSE,CLOG1,A,TRUE,FALSE,FALSE,nothing,false,,
River Logs,RCNX0432.AVI,Organized_data_Nov_2020\PLOG5\B\on_log\tamandua, 2020-08-14 04:02:34,FALSE,PLOG5,B,FALSE,FALSE,TRUE,tamandua,false,foraging,
River Logs,08140032.AVI,Organized_data_Nov_2020\CLOG1\nothing, 2020-08-14 04:05:44,FALSE,CLOG1,A,TRUE,FALSE,FALSE,nothing,false,,
River Logs,08140037.MP4,Organized_data_Nov_2020\CLOG10\on_log\tamandua, 2020-08-14 05:05:22,FALSE,CLOG10,A,FALSE,FALSE,TRUE,tamandua,true,,
River Logs,EK000046.AVI,Organized_data_Nov_2020\PLOG8\A\on_log\bird, 2020-08-14 06:43:22,FALSE,PLOG8,A,FALSE,FALSE,TRUE,bird,false,,
River Logs,EK000015.AVI,Organized_data_Nov_2020\PLOG7\B\on_log\puma, 2020-08-14 10:45:18,FALSE,PLOG7,B,FALSE,FALSE,TRUE,puma,false,,
River Logs,EK000047.AVI,Organized_data_Nov_2020\PLOG8\A\nothing, 2020-08-14 14:41:34,FALSE,PLOG8,A,TRUE,FALSE,FALSE,nothing,false,,
River Logs,08140129.AVI,Organized_data_Nov_2020\CLOG3\A\on_log\tamandua, 2020-08-14 15:36:54,FALSE,CLOG3,A,FALSE,FALSE,TRUE,tamandua,true,,
River Logs,08140033.MP4,Organized_data_Nov_2020\CLOG8\A\nothing, 2020-08-14 15:58:52,FALSE,CLOG8,A,TRUE,FALSE,FALSE,nothing,false,,
River Logs,RCNX0436.AVI,Organized_data_Nov_2020\PLOG5\B\on_log\tayra, 2020-08-14 16:58:44,FALSE,PLOG5,B,FALSE,FALSE,TRUE,tayra,true,,
River Logs,EK000016.AVI,Organized_data_Nov_2020\PLOG7\B\on_log\puma, 2020-08-14 17:45:22,FALSE,PLOG7,B,FALSE,FALSE,TRUE,puma,true,,
River Logs,EK000048.AVI,Organized_data_Nov_2020\PLOG8\A\nothing, 2020-08-14 17:49:58,FALSE,PLOG8,A,TRUE,FALSE,FALSE,nothing,false,,
River Logs,08140130.AVI,Organized_data_Nov_2020\CLOG3\A\on_log\rodent, 2020-08-14 19:24:32,FALSE,CLOG3,A,FALSE,FALSE,TRUE,opossum_foureyed,true,,
River Logs,RCNX0440.AVI,Organized_data_Nov_2020\PLOG5\B\nothing, 2020-08-14 20:50:40,FALSE,PLOG5,B,TRUE,FALSE,FALSE,nothing,false,,
River Logs,EK000049.AVI,Organized_data_Nov_2020\PLOG8\A\on_log\opossum_common, 2020-08-15 03:02:46,FALSE,PLOG8,A,FALSE,FALSE,TRUE,opossum_common,true,,
River Logs,08150131.AVI,Organized_data_Nov_2020\CLOG3\A\on_log\tamandua, 2020-08-15 14:19:36,FALSE,CLOG3,A,FALSE,FALSE,TRUE,tamandua,false,,
River Logs,RCNX0444.AVI,Organized_data_Nov_2020\PLOG5\B\nothing, 2020-08-15 14:36:18,FALSE,PLOG5,B,TRUE,FALSE,FALSE,nothing,false,,
River Logs,EK000050.AVI,Organized_data_Nov_2020\PLOG8\A\nothing, 2020-08-15 14:38:20,FALSE,PLOG8,A,TRUE,FALSE,FALSE,nothing,false,,
River Logs,EK000030.AVI,Organized_data_Nov_2020\CLOG4\on_log\coati, 2020-08-15 16:47:04,FALSE,CLOG4,A,FALSE,FALSE,TRUE,coati,true,,
River Logs,RCNX0448.AVI,Organized_data_Nov_2020\PLOG5\B\on_log\skunk_striped, 2020-08-16 00:09:24,FALSE,PLOG5,B,FALSE,FALSE,TRUE,skunk_striped,false,,
River Logs,EK000051.AVI,Organized_data_Nov_2020\PLOG8\A\on_log\opossum_common, 2020-08-16 01:12:38,FALSE,PLOG8,A,FALSE,FALSE,TRUE,opossum_common,true,,
River Logs,EK000017 (2).AVI,Organized_data_Nov_2020\PLOG7\B\nothing, 2020-08-16 01:29:44,FALSE,PLOG7,B,TRUE,FALSE,FALSE,nothing,false,,
River Logs,EK000086.AVI,Organized_data_Nov_2020\PLOG2\A\on_log\opossum_common, 2020-08-16 03:24:40,FALSE,PLOG2,A,FALSE,FALSE,TRUE,opossum_common,true,,
River Logs,RCNX0452.AVI,Organized_data_Nov_2020\PLOG5\B\nothing, 2020-08-16 05:37:26,FALSE,PLOG5,B,TRUE,FALSE,FALSE,nothing,false,,
River Logs,EK000087.AVI,Organized_data_Nov_2020\PLOG2\A\on_log\curassow_great, 2020-08-16 08:42:48,FALSE,PLOG2,A,FALSE,FALSE,TRUE,curassow_great,false,,
River Logs,EK000088.AVI,Organized_data_Nov_2020\PLOG2\A\on_log\curassow_great, 2020-08-16 08:48:58,FALSE,PLOG2,A,FALSE,FALSE,TRUE,curassow_great,false,,
River Logs,RCNX0456 - copia.AVI,Organized_data_Nov_2020\PLOG5\B\on_log\tamandua, 2020-08-16 09:12:44,FALSE,PLOG5,B,FALSE,FALSE,TRUE,tamandua,true,,
River Logs,RCNX0456.AVI,Organized_data_Nov_2020\PLOG5\B\on_log\tamandua, 2020-08-16 09:12:44,FALSE,PLOG5,B,FALSE,FALSE,TRUE,otter,false,,
River Logs,EK000033.AVI,Organized_data_Nov_2020\CLOG9\nothing, 2020-08-16 10:55:52,FALSE,CLOG9,A,TRUE,FALSE,FALSE,nothing,false,,
River Logs,RCNX0460.AVI,Organized_data_Nov_2020\PLOG5\B\nothing, 2020-08-16 11:27:08,FALSE,PLOG5,B,TRUE,FALSE,FALSE,nothing,false,,
River Logs,RCNX0464.AVI,Organized_data_Nov_2020\PLOG5\B\nothing, 2020-08-16 13:01:18,FALSE,PLOG5,B,TRUE,FALSE,FALSE,nothing,false,,
River Logs,RCNX0468.AVI,Organized_data_Nov_2020\PLOG5\B\nothing, 2020-08-16 14:32:24,FALSE,PLOG5,B,TRUE,FALSE,FALSE,nothing,false,,
River Logs,RCNX0472.AVI,Organized_data_Nov_2020\PLOG5\B\nothing, 2020-08-16 17:58:30,FALSE,PLOG5,B,TRUE,FALSE,FALSE,nothing,false,,
River Logs,RCNX0042.AVI,Organized_data_Nov_2020\CLOG7\on_log\opossum_common, 2020-08-16 20:36:38,FALSE,CLOG7,A,FALSE,FALSE,TRUE,opossum_common,true,,
River Logs,RCNX0476.AVI,Organized_data_Nov_2020\PLOG5\B\on_log\opossum_common, 2020-08-16 22:08:32,FALSE,PLOG5,B,FALSE,FALSE,TRUE,opossum_common,true,,
River Logs,EK000052.AVI,Organized_data_Nov_2020\PLOG8\A\nothing, 2020-08-17 00:38:42,FALSE,PLOG8,A,TRUE,FALSE,FALSE,nothing,false,,
River Logs,EK000053.AVI,Organized_data_Nov_2020\PLOG8\A\nothing, 2020-08-17 00:52:18,FALSE,PLOG8,A,TRUE,FALSE,FALSE,nothing,false,,
River Logs,08160132.AVI,Organized_data_Nov_2020\CLOG3\A\nothing, 2020-08-17 01:44:58,FALSE,CLOG3,A,TRUE,FALSE,FALSE,nothing,false,,
River Logs,EK000054.AVI,Organized_data_Nov_2020\PLOG8\A\nothing, 2020-08-17 02:53:08,FALSE,PLOG8,A,TRUE,FALSE,FALSE,nothing,false,,
River Logs,RCNX0043.AVI,Organized_data_Nov_2020\CLOG7\on_log\tamandua, 2020-08-17 05:59:56,FALSE,CLOG7,A,FALSE,FALSE,TRUE,tamandua,true,,
River Logs,08170033.AVI,Organized_data_Nov_2020\CLOG1\off_log\bird, 2020-08-17 10:56:54,FALSE,CLOG1,A,FALSE,FALSE,FALSE,bird,false,,
River Logs,RCNX0044.AVI,Organized_data_Nov_2020\CLOG7\on_log\coati, 2020-08-17 11:03:22,FALSE,CLOG7,A,FALSE,FALSE,TRUE,coati,true,,
River Logs,08170034.AVI,Organized_data_Nov_2020\CLOG1\nothing, 2020-08-17 13:33:42,FALSE,CLOG1,A,TRUE,FALSE,FALSE,nothing,false,,
River Logs,EK000055.AVI,Organized_data_Nov_2020\PLOG8\A\nothing, 2020-08-17 17:19:54,FALSE,PLOG8,A,TRUE,FALSE,FALSE,nothing,false,,
River Logs,EK000056.AVI,Organized_data_Nov_2020\PLOG8\A\nothing, 2020-08-17 19:06:34,FALSE,PLOG8,A,TRUE,FALSE,FALSE,nothing,false,,
River Logs,RCNX0480.AVI,Organized_data_Nov_2020\PLOG5\B\nothing, 2020-08-17 21:00:28,FALSE,PLOG5,B,TRUE,FALSE,FALSE,nothing,false,,
River Logs,RCNX0484.AVI,Organized_data_Nov_2020\PLOG5\B\on_log\tamandua, 2020-08-17 21:16:28,FALSE,PLOG5,B,FALSE,FALSE,TRUE,tamandua,true,,
River Logs,08170035.AVI,Organized_data_Nov_2020\CLOG1\nothing, 2020-08-17 21:34:32,FALSE,CLOG1,A,TRUE,FALSE,FALSE,opossum_common,false,,
River Logs,EK000057.AVI,Organized_data_Nov_2020\PLOG8\A\nothing, 2020-08-17 22:51:42,FALSE,PLOG8,A,TRUE,FALSE,FALSE,nothing,false,,
River Logs,EK000058.AVI,Organized_data_Nov_2020\PLOG8\A\nothing, 2020-08-18 01:59:54,FALSE,PLOG8,A,TRUE,FALSE,FALSE,nothing,false,,
River Logs,EK000059.AVI,Organized_data_Nov_2020\PLOG8\A\nothing, 2020-08-18 02:06:12,FALSE,PLOG8,A,TRUE,FALSE,FALSE,nothing,false,,
River Logs,EK000031.AVI,Organized_data_Nov_2020\CLOG4\nothing, 2020-08-18 04:35:12,FALSE,CLOG4,A,TRUE,FALSE,FALSE,nothing,false,,
River Logs,RCNX0488.AVI,Organized_data_Nov_2020\PLOG5\B\nothing, 2020-08-18 06:49:30,FALSE,PLOG5,B,TRUE,FALSE,FALSE,nothing,false,,
River Logs,RCNX0045.AVI,Organized_data_Nov_2020\CLOG7\on_log\ocelot, 2020-08-18 07:14:42,FALSE,CLOG7,A,FALSE,FALSE,TRUE,ocelot,true,,
River Logs,EK000060.AVI,Organized_data_Nov_2020\PLOG8\A\nothing, 2020-08-18 07:30:12,FALSE,PLOG8,A,TRUE,FALSE,FALSE,nothing,false,,
River Logs,EK000034.AVI,Organized_data_Nov_2020\CLOG9\nothing, 2020-08-18 12:28:00,FALSE,CLOG9,A,TRUE,FALSE,FALSE,nothing,false,,
River Logs,EK000061.AVI,Organized_data_Nov_2020\PLOG8\A\on_log\tamandua, 2020-08-18 13:45:54,FALSE,PLOG8,A,FALSE,FALSE,TRUE,tamandua,true,,
River Logs,RCNX0046.AVI,Organized_data_Nov_2020\CLOG7\on_log\coati, 2020-08-18 17:22:56,FALSE,CLOG7,A,FALSE,FALSE,TRUE,coati,false,,
River Logs,08180038.MP4,Organized_data_Nov_2020\CLOG10\off_log\curassow_great, 2020-08-18 19:03:14,FALSE,CLOG10,A,FALSE,FALSE,FALSE,curassow_great,false,,
River Logs,EK000062.AVI,Organized_data_Nov_2020\PLOG8\A\nothing, 2020-08-19 00:39:06,FALSE,PLOG8,A,TRUE,FALSE,FALSE,nothing,false,,
River Logs,08190133.AVI,Organized_data_Nov_2020\CLOG3\A\nothing, 2020-08-19 02:56:56,FALSE,CLOG3,A,TRUE,FALSE,FALSE,nothing,false,,
River Logs,08190134.AVI,Organized_data_Nov_2020\CLOG3\A\nothing, 2020-08-19 03:18:24,FALSE,CLOG3,A,TRUE,FALSE,FALSE,nothing,false,,
River Logs,EK000032.AVI,Organized_data_Nov_2020\CLOG4\nothing, 2020-08-19 03:32:10,FALSE,CLOG4,A,TRUE,FALSE,FALSE,nothing,false,,
River Logs,08190135.AVI,Organized_data_Nov_2020\CLOG3\A\nothing, 2020-08-19 03:47:12,FALSE,CLOG3,A,TRUE,FALSE,FALSE,nothing,false,,
River Logs,08190136.AVI,Organized_data_Nov_2020\CLOG3\A\nothing, 2020-08-19 04:50:24,FALSE,CLOG3,A,TRUE,FALSE,FALSE,nothing,false,,
River Logs,EK000063.AVI,Organized_data_Nov_2020\PLOG8\A\on_log\tamandua, 2020-08-19 05:30:48,FALSE,PLOG8,A,FALSE,FALSE,TRUE,tamandua,true,,
River Logs,EK000035.AVI,Organized_data_Nov_2020\CLOG9\off_log\rodent, 2020-08-19 05:52:34,FALSE,CLOG9,A,FALSE,FALSE,FALSE,rodent,true,,
River Logs,EK000064.AVI,Organized_data_Nov_2020\PLOG8\A\nothing, 2020-08-19 06:20:34,FALSE,PLOG8,A,TRUE,FALSE,FALSE,nothing,false,,
River Logs,08190137.AVI,Organized_data_Nov_2020\CLOG3\A\nothing, 2020-08-19 06:53:30,FALSE,CLOG3,A,TRUE,FALSE,FALSE,nothing,false,,
River Logs,EK000065.AVI,Organized_data_Nov_2020\PLOG8\A\on_log\tamandua, 2020-08-19 07:25:10,FALSE,PLOG8,A,FALSE,FALSE,TRUE,tamandua,true,,
River Logs,RCNX0047.AVI,Organized_data_Nov_2020\CLOG7\on_log\coati, 2020-08-19 11:24:28,FALSE,CLOG7,A,FALSE,FALSE,TRUE,coati,true,,
River Logs,08190138.AVI,Organized_data_Nov_2020\CLOG3\A\off_log\No ID, 2020-08-19 12:05:06,FALSE,CLOG3,A,FALSE,FALSE,FALSE,paca,false,,
River Logs,08190139.AVI,Organized_data_Nov_2020\CLOG3\A\off_log\agouti, 2020-08-19 22:46:14,FALSE,CLOG3,A,FALSE,FALSE,FALSE,agouti,false,,
River Logs,EK000066.AVI,Organized_data_Nov_2020\PLOG8\A\nothing, 2020-08-20 03:00:56,FALSE,PLOG8,A,TRUE,FALSE,FALSE,nothing,false,,
River Logs,RCNX0492.AVI,Organized_data_Nov_2020\PLOG5\B\nothing, 2020-08-20 05:48:48,FALSE,PLOG5,B,TRUE,FALSE,FALSE,nothing,false,,
River Logs,EK000036.AVI,Organized_data_Nov_2020\CLOG9\nothing, 2020-08-20 09:30:26,FALSE,CLOG9,A,TRUE,FALSE,FALSE,nothing,false,,
River Logs,EK000067.AVI,Organized_data_Nov_2020\PLOG8\A\on_log\tamandua, 2020-08-20 09:46:30,FALSE,PLOG8,A,FALSE,FALSE,TRUE,tamandua,true,,
River Logs,08200036.AVI,Organized_data_Nov_2020\CLOG1\nothing, 2020-08-20 20:44:14,FALSE,CLOG1,A,TRUE,FALSE,FALSE,opossum_common,false,,
River Logs,EK000089.AVI,Organized_data_Nov_2020\PLOG2\A\on_log\ocelot, 2020-08-21 01:24:36,FALSE,PLOG2,A,FALSE,FALSE,TRUE,ocelot,true,,
River Logs,08200037.AVI,Organized_data_Nov_2020\CLOG1\nothing, 2020-08-21 01:32:38,FALSE,CLOG1,A,TRUE,FALSE,FALSE,uid,false,,
River Logs,EK000090.AVI,Organized_data_Nov_2020\PLOG2\A\on_log\tamandua, 2020-08-21 02:08:16,FALSE,PLOG2,A,FALSE,FALSE,TRUE,tamandua,true,,
River Logs,EK000068.AVI,Organized_data_Nov_2020\PLOG8\A\nothing, 2020-08-21 02:10:16,FALSE,PLOG8,A,TRUE,FALSE,FALSE,nothing,false,,
River Logs,RCNX0496.AVI,Organized_data_Nov_2020\PLOG5\B\on_log\puma, 2020-08-21 09:40:58,FALSE,PLOG5,B,FALSE,FALSE,TRUE,puma,true,,
River Logs,EK000037.AVI,Organized_data_Nov_2020\CLOG9\off_log\curassow_great, 2020-08-21 10:05:32,FALSE,CLOG9,A,FALSE,FALSE,false,curassow_great,false,,
River Logs,RCNX0500.AVI,Organized_data_Nov_2020\PLOG5\B\on_log\puma, 2020-08-21 10:33:54,FALSE,PLOG5,B,FALSE,FALSE,TRUE,puma,true,,
River Logs,RCNX0504.AVI,Organized_data_Nov_2020\PLOG5\B\on_log\puma, 2020-08-21 12:34:14,FALSE,PLOG5,B,FALSE,FALSE,TRUE,puma,true,,
River Logs,EK000069.AVI,Organized_data_Nov_2020\PLOG8\A\nothing, 2020-08-21 16:11:44,FALSE,PLOG8,A,TRUE,FALSE,FALSE,nothing,false,,
River Logs,EK000091 (2).AVI,Organized_data_Nov_2020\PLOG2\A\nothing, 2020-08-21 19:42:54,FALSE,PLOG2,A,TRUE,FALSE,FALSE,nothing,false,,
River Logs,EK000070.AVI,Organized_data_Nov_2020\PLOG8\A\nothing, 2020-08-22 00:36:24,FALSE,PLOG8,A,TRUE,FALSE,FALSE,nothing,false,,
River Logs,EK000071.AVI,Organized_data_Nov_2020\PLOG8\A\nothing, 2020-08-22 00:38:28,FALSE,PLOG8,A,TRUE,FALSE,FALSE,nothing,false,,
River Logs,EK000072.AVI,Organized_data_Nov_2020\PLOG8\A\nothing, 2020-08-22 00:49:14,FALSE,PLOG8,A,TRUE,FALSE,FALSE,nothing,false,,
River Logs,EK000018.AVI,Organized_data_Nov_2020\PLOG7\B\on_log\ocelot, 2020-08-22 02:01:24,FALSE,PLOG7,B,FALSE,FALSE,TRUE,ocelot,true,,
River Logs,08220140.AVI,Organized_data_Nov_2020\CLOG3\A\nothing, 2020-08-22 02:12:18,FALSE,CLOG3,A,TRUE,FALSE,FALSE,nothing,false,,
River Logs,08220141.AVI,Organized_data_Nov_2020\CLOG3\A\nothing, 2020-08-22 02:21:04,FALSE,CLOG3,A,TRUE,FALSE,FALSE,nothing,false,,
River Logs,08220142.AVI,Organized_data_Nov_2020\CLOG3\A\nothing, 2020-08-22 02:25:04,FALSE,CLOG3,A,TRUE,FALSE,FALSE,nothing,false,,
River Logs,08220143.AVI,Organized_data_Nov_2020\CLOG3\A\nothing, 2020-08-22 02:33:40,FALSE,CLOG3,A,TRUE,FALSE,FALSE,nothing,false,,
River Logs,08220144.AVI,Organized_data_Nov_2020\CLOG3\A\nothing, 2020-08-22 02:36:48,FALSE,CLOG3,A,TRUE,FALSE,FALSE,nothing,false,,
River Logs,08220145.AVI,Organized_data_Nov_2020\CLOG3\A\nothing, 2020-08-22 02:39:12,FALSE,CLOG3,A,TRUE,FALSE,FALSE,nothing,false,,
River Logs,08220146.AVI,Organized_data_Nov_2020\CLOG3\A\nothing, 2020-08-22 02:41:10,FALSE,CLOG3,A,TRUE,FALSE,FALSE,nothing,false,,
River Logs,08220147.AVI,Organized_data_Nov_2020\CLOG3\A\nothing, 2020-08-22 02:51:28,FALSE,CLOG3,A,TRUE,FALSE,FALSE,nothing,false,,
River Logs,08220148.AVI,Organized_data_Nov_2020\CLOG3\A\nothing, 2020-08-22 03:02:56,FALSE,CLOG3,A,TRUE,FALSE,FALSE,nothing,false,,
River Logs,08220149.AVI,Organized_data_Nov_2020\CLOG3\A\nothing, 2020-08-22 03:03:58,FALSE,CLOG3,A,TRUE,FALSE,FALSE,nothing,false,,
River Logs,08220150.AVI,Organized_data_Nov_2020\CLOG3\A\nothing, 2020-08-22 03:08:14,FALSE,CLOG3,A,TRUE,FALSE,FALSE,nothing,false,,
River Logs,08220151.AVI,Organized_data_Nov_2020\CLOG3\A\nothing, 2020-08-22 03:10:06,FALSE,CLOG3,A,TRUE,FALSE,FALSE,nothing,false,,
River Logs,08220152.AVI,Organized_data_Nov_2020\CLOG3\A\nothing, 2020-08-22 03:13:40,FALSE,CLOG3,A,TRUE,FALSE,FALSE,nothing,false,,
River Logs,08220153.AVI,Organized_data_Nov_2020\CLOG3\A\on_log\lizard_uid, 2020-08-22 03:14:30,FALSE,CLOG3,A,FALSE,FALSE,TRUE,lizard_uid,false,,
River Logs,08220154.AVI,Organized_data_Nov_2020\CLOG3\A\nothing, 2020-08-22 03:16:24,FALSE,CLOG3,A,TRUE,FALSE,FALSE,nothing,false,,
River Logs,08220155.AVI,Organized_data_Nov_2020\CLOG3\A\nothing, 2020-08-22 03:19:34,FALSE,CLOG3,A,TRUE,FALSE,FALSE,nothing,false,,
River Logs,08220156.AVI,Organized_data_Nov_2020\CLOG3\A\nothing, 2020-08-22 03:22:24,FALSE,CLOG3,A,TRUE,FALSE,FALSE,nothing,false,,
River Logs,08220157.AVI,Organized_data_Nov_2020\CLOG3\A\nothing, 2020-08-22 03:25:46,FALSE,CLOG3,A,TRUE,FALSE,FALSE,nothing,false,,
River Logs,08220158.AVI,Organized_data_Nov_2020\CLOG3\A\on_log\lizard_uid, 2020-08-22 03:28:56,FALSE,CLOG3,A,FALSE,FALSE,TRUE,lizard_uid,false,,
River Logs,08220159.AVI,Organized_data_Nov_2020\CLOG3\A\nothing, 2020-08-22 03:36:38,FALSE,CLOG3,A,TRUE,FALSE,FALSE,nothing,false,,
River Logs,08220160.AVI,Organized_data_Nov_2020\CLOG3\A\nothing, 2020-08-22 03:46:12,FALSE,CLOG3,A,TRUE,FALSE,FALSE,nothing,false,,
River Logs,08220161.AVI,Organized_data_Nov_2020\CLOG3\A\nothing, 2020-08-22 03:47:14,FALSE,CLOG3,A,TRUE,FALSE,FALSE,nothing,false,,
River Logs,08220162.AVI,Organized_data_Nov_2020\CLOG3\A\nothing, 2020-08-22 03:50:32,FALSE,CLOG3,A,TRUE,FALSE,FALSE,nothing,false,,
River Logs,08220163.AVI,Organized_data_Nov_2020\CLOG3\A\nothing, 2020-08-22 03:54:32,FALSE,CLOG3,A,TRUE,FALSE,FALSE,nothing,false,,
River Logs,08220164.AVI,Organized_data_Nov_2020\CLOG3\A\nothing, 2020-08-22 03:56:10,FALSE,CLOG3,A,TRUE,FALSE,FALSE,nothing,false,,
River Logs,08220165.AVI,Organized_data_Nov_2020\CLOG3\A\nothing, 2020-08-22 03:58:00,FALSE,CLOG3,A,TRUE,FALSE,FALSE,nothing,false,,
River Logs,08220166.AVI,Organized_data_Nov_2020\CLOG3\A\nothing, 2020-08-22 03:59:04,FALSE,CLOG3,A,TRUE,FALSE,FALSE,nothing,false,,
River Logs,08220167.AVI,Organized_data_Nov_2020\CLOG3\A\nothing, 2020-08-22 04:01:14,FALSE,CLOG3,A,TRUE,FALSE,FALSE,nothing,false,,
River Logs,08220168.AVI,Organized_data_Nov_2020\CLOG3\A\nothing, 2020-08-22 04:05:14,FALSE,CLOG3,A,TRUE,FALSE,FALSE,nothing,false,,
River Logs,08220169.AVI,Organized_data_Nov_2020\CLOG3\A\nothing, 2020-08-22 04:06:36,FALSE,CLOG3,A,TRUE,FALSE,FALSE,nothing,false,,
River Logs,08220170.AVI,Organized_data_Nov_2020\CLOG3\A\nothing, 2020-08-22 04:09:10,FALSE,CLOG3,A,TRUE,FALSE,FALSE,nothing,false,,
River Logs,08220171.AVI,Organized_data_Nov_2020\CLOG3\A\nothing, 2020-08-22 04:19:46,FALSE,CLOG3,A,TRUE,FALSE,FALSE,nothing,false,,
River Logs,08220172.AVI,Organized_data_Nov_2020\CLOG3\A\nothing, 2020-08-22 04:20:36,FALSE,CLOG3,A,TRUE,FALSE,FALSE,nothing,false,,
River Logs,08220173.AVI,Organized_data_Nov_2020\CLOG3\A\nothing, 2020-08-22 06:01:22,FALSE,CLOG3,A,TRUE,FALSE,FALSE,nothing,false,,
River Logs,08220174.AVI,Organized_data_Nov_2020\CLOG3\A\nothing, 2020-08-22 06:03:34,FALSE,CLOG3,A,TRUE,FALSE,FALSE,nothing,false,,
River Logs,08220175.AVI,Organized_data_Nov_2020\CLOG3\A\nothing, 2020-08-22 06:04:26,FALSE,CLOG3,A,TRUE,FALSE,FALSE,nothing,false,,
River Logs,EK000038.AVI,Organized_data_Nov_2020\CLOG9\on_log\tayra, 2020-08-22 08:40:16,FALSE,CLOG9,A,FALSE,FALSE,TRUE,tayra,true,,
River Logs,08220176.AVI,Organized_data_Nov_2020\CLOG3\A\nothing, 2020-08-22 08:42:56,FALSE,CLOG3,A,TRUE,FALSE,FALSE,nothing,false,,
River Logs,08220177.AVI,Organized_data_Nov_2020\CLOG3\A\nothing, 2020-08-22 09:35:34,FALSE,CLOG3,A,TRUE,FALSE,FALSE,nothing,false,,
River Logs,08220178.AVI,Organized_data_Nov_2020\CLOG3\A\nothing, 2020-08-22 09:36:48,FALSE,CLOG3,A,TRUE,FALSE,FALSE,nothing,false,,
River Logs,08220179.AVI,Organized_data_Nov_2020\CLOG3\A\nothing, 2020-08-22 09:58:02,FALSE,CLOG3,A,TRUE,FALSE,FALSE,nothing,false,,
River Logs,08220180.AVI,Organized_data_Nov_2020\CLOG3\A\nothing, 2020-08-22 09:58:52,FALSE,CLOG3,A,TRUE,FALSE,FALSE,nothing,false,,
River Logs,08220181.AVI,Organized_data_Nov_2020\CLOG3\A\nothing, 2020-08-22 09:59:42,FALSE,CLOG3,A,TRUE,FALSE,FALSE,nothing,false,,
River Logs,08220182.AVI,Organized_data_Nov_2020\CLOG3\A\nothing, 2020-08-22 10:17:00,FALSE,CLOG3,A,TRUE,FALSE,FALSE,nothing,false,,
River Logs,08220183.AVI,Organized_data_Nov_2020\CLOG3\A\nothing, 2020-08-22 10:40:42,FALSE,CLOG3,A,TRUE,FALSE,FALSE,nothing,false,,
River Logs,08220184.AVI,Organized_data_Nov_2020\CLOG3\A\nothing, 2020-08-22 10:49:30,FALSE,CLOG3,A,TRUE,FALSE,FALSE,nothing,false,,
River Logs,08220185.AVI,Organized_data_Nov_2020\CLOG3\A\nothing, 2020-08-22 10:51:06,FALSE,CLOG3,A,TRUE,FALSE,FALSE,nothing,false,,
River Logs,08220186.AVI,Organized_data_Nov_2020\CLOG3\A\nothing, 2020-08-22 10:52:20,FALSE,CLOG3,A,TRUE,FALSE,FALSE,nothing,false,,
River Logs,08220187.AVI,Organized_data_Nov_2020\CLOG3\A\nothing, 2020-08-22 10:53:54,FALSE,CLOG3,A,TRUE,FALSE,FALSE,nothing,false,,
River Logs,08220188.AVI,Organized_data_Nov_2020\CLOG3\A\nothing, 2020-08-22 10:58:48,FALSE,CLOG3,A,TRUE,FALSE,FALSE,nothing,false,,
River Logs,08220189.AVI,Organized_data_Nov_2020\CLOG3\A\nothing, 2020-08-22 10:59:42,FALSE,CLOG3,A,TRUE,FALSE,FALSE,nothing,false,,
River Logs,08220190.AVI,Organized_data_Nov_2020\CLOG3\A\nothing, 2020-08-22 11:03:40,FALSE,CLOG3,A,TRUE,FALSE,FALSE,nothing,false,,
River Logs,08220191.AVI,Organized_data_Nov_2020\CLOG3\A\nothing, 2020-08-22 11:08:44,FALSE,CLOG3,A,TRUE,FALSE,FALSE,nothing,false,,
River Logs,08220192.AVI,Organized_data_Nov_2020\CLOG3\A\nothing, 2020-08-22 11:15:18,FALSE,CLOG3,A,TRUE,FALSE,FALSE,nothing,false,,
River Logs,08220193.AVI,Organized_data_Nov_2020\CLOG3\A\nothing, 2020-08-22 11:21:10,FALSE,CLOG3,A,TRUE,FALSE,FALSE,nothing,false,,
River Logs,08220194.AVI,Organized_data_Nov_2020\CLOG3\A\nothing, 2020-08-22 11:25:44,FALSE,CLOG3,A,TRUE,FALSE,FALSE,nothing,false,,
River Logs,08220195.AVI,Organized_data_Nov_2020\CLOG3\A\nothing, 2020-08-22 12:29:18,FALSE,CLOG3,A,TRUE,FALSE,FALSE,nothing,false,,
River Logs,08220196.AVI,Organized_data_Nov_2020\CLOG3\A\nothing, 2020-08-22 12:32:42,FALSE,CLOG3,A,TRUE,FALSE,FALSE,nothing,false,,
River Logs,08220197.AVI,Organized_data_Nov_2020\CLOG3\A\nothing, 2020-08-22 12:36:50,FALSE,CLOG3,A,TRUE,FALSE,FALSE,nothing,false,,
River Logs,08220198.AVI,Organized_data_Nov_2020\CLOG3\A\nothing, 2020-08-22 13:01:54,FALSE,CLOG3,A,TRUE,FALSE,FALSE,nothing,false,,
River Logs,08220199.AVI,Organized_data_Nov_2020\CLOG3\A\nothing, 2020-08-22 13:32:08,FALSE,CLOG3,A,TRUE,FALSE,FALSE,nothing,false,,
River Logs,08220200.AVI,Organized_data_Nov_2020\CLOG3\A\nothing, 2020-08-22 13:41:24,FALSE,CLOG3,A,TRUE,FALSE,FALSE,nothing,false,,
River Logs,08220201.AVI,Organized_data_Nov_2020\CLOG3\A\nothing, 2020-08-22 13:43:24,FALSE,CLOG3,A,TRUE,FALSE,FALSE,nothing,false,,
River Logs,08220202.AVI,Organized_data_Nov_2020\CLOG3\A\nothing, 2020-08-22 13:45:16,FALSE,CLOG3,A,TRUE,FALSE,FALSE,nothing,false,,
River Logs,08220203.AVI,Organized_data_Nov_2020\CLOG3\A\nothing, 2020-08-22 13:46:08,FALSE,CLOG3,A,TRUE,FALSE,FALSE,nothing,false,,
River Logs,08220204.AVI,Organized_data_Nov_2020\CLOG3\A\nothing, 2020-08-22 13:47:24,FALSE,CLOG3,A,TRUE,FALSE,FALSE,nothing,false,,
River Logs,08220205.AVI,Organized_data_Nov_2020\CLOG3\A\nothing, 2020-08-22 13:49:32,FALSE,CLOG3,A,TRUE,FALSE,FALSE,nothing,false,,
River Logs,08220206.AVI,Organized_data_Nov_2020\CLOG3\A\nothing, 2020-08-22 14:07:28,FALSE,CLOG3,A,TRUE,FALSE,FALSE,nothing,false,,
River Logs,08220207.AVI,Organized_data_Nov_2020\CLOG3\A\nothing, 2020-08-22 14:27:54,FALSE,CLOG3,A,TRUE,FALSE,FALSE,nothing,false,,
River Logs,08220208.AVI,Organized_data_Nov_2020\CLOG3\A\nothing, 2020-08-22 15:23:32,FALSE,CLOG3,A,TRUE,FALSE,FALSE,nothing,false,,
River Logs,08220209.AVI,Organized_data_Nov_2020\CLOG3\A\on_log\tamandua, 2020-08-22 15:40:28,FALSE,CLOG3,A,FALSE,FALSE,TRUE,tamandua,true,,
River Logs,08220210.AVI,Organized_data_Nov_2020\CLOG3\A\nothing, 2020-08-22 15:51:00,FALSE,CLOG3,A,TRUE,FALSE,FALSE,nothing,false,,
River Logs,08220211.AVI,Organized_data_Nov_2020\CLOG3\A\nothing, 2020-08-22 15:53:00,FALSE,CLOG3,A,TRUE,FALSE,FALSE,nothing,false,,
River Logs,08220212.AVI,Organized_data_Nov_2020\CLOG3\A\nothing, 2020-08-22 16:14:14,FALSE,CLOG3,A,TRUE,FALSE,FALSE,nothing,false,,
River Logs,RCNX0508.AVI,Organized_data_Nov_2020\PLOG5\B\nothing, 2020-08-22 16:38:00,FALSE,PLOG5,B,TRUE,FALSE,FALSE,nothing,false,,
River Logs,08220213.AVI,Organized_data_Nov_2020\CLOG3\A\nothing, 2020-08-22 16:39:20,FALSE,CLOG3,A,TRUE,FALSE,FALSE,nothing,false,,
River Logs,08220214.AVI,Organized_data_Nov_2020\CLOG3\A\nothing, 2020-08-22 16:43:26,FALSE,CLOG3,A,TRUE,FALSE,FALSE,nothing,false,,
River Logs,08220215.AVI,Organized_data_Nov_2020\CLOG3\A\nothing, 2020-08-22 16:53:56,FALSE,CLOG3,A,TRUE,FALSE,FALSE,nothing,false,,
River Logs,08220216.AVI,Organized_data_Nov_2020\CLOG3\A\nothing, 2020-08-22 17:01:26,FALSE,CLOG3,A,TRUE,FALSE,FALSE,nothing,false,,
River Logs,08220217.AVI,Organized_data_Nov_2020\CLOG3\A\nothing, 2020-08-22 17:17:38,FALSE,CLOG3,A,TRUE,FALSE,FALSE,nothing,false,,
River Logs,08220218.AVI,Organized_data_Nov_2020\CLOG3\A\nothing, 2020-08-22 17:24:16,FALSE,CLOG3,A,TRUE,FALSE,FALSE,nothing,false,,
River Logs,08220219.AVI,Organized_data_Nov_2020\CLOG3\A\nothing, 2020-08-22 17:25:46,FALSE,CLOG3,A,TRUE,FALSE,FALSE,nothing,false,,
River Logs,08220220.AVI,Organized_data_Nov_2020\CLOG3\A\nothing, 2020-08-22 17:43:56,FALSE,CLOG3,A,TRUE,FALSE,FALSE,nothing,false,,
River Logs,08220221.AVI,Organized_data_Nov_2020\CLOG3\A\nothing, 2020-08-22 17:45:14,FALSE,CLOG3,A,TRUE,FALSE,FALSE,nothing,false,,
River Logs,08220222.AVI,Organized_data_Nov_2020\CLOG3\A\nothing, 2020-08-22 19:06:12,FALSE,CLOG3,A,TRUE,FALSE,FALSE,nothing,false,,
River Logs,08220223.AVI,Organized_data_Nov_2020\CLOG3\A\nothing, 2020-08-22 19:09:40,FALSE,CLOG3,A,TRUE,FALSE,FALSE,nothing,false,,
River Logs,08220224.AVI,Organized_data_Nov_2020\CLOG3\A\nothing, 2020-08-22 19:10:48,FALSE,CLOG3,A,TRUE,FALSE,FALSE,nothing,false,,
River Logs,08220039.MP4,Organized_data_Nov_2020\CLOG10\on_log\curassow_great, 2020-08-22 19:17:12,FALSE,CLOG10,A,FALSE,FALSE,TRUE,curassow_great,true,,
River Logs,08220040.MP4,Organized_data_Nov_2020\CLOG10\on_log\curassow_great, 2020-08-22 19:18:12,FALSE,CLOG10,A,FALSE,FALSE,TRUE,curassow_great,true,,
River Logs,08220041.MP4,Organized_data_Nov_2020\CLOG10\on_log\curassow_great, 2020-08-22 19:19:36,FALSE,CLOG10,A,FALSE,FALSE,TRUE,curassow_great,true,,
River Logs,08220225.AVI,Organized_data_Nov_2020\CLOG3\A\nothing, 2020-08-22 19:46:44,FALSE,CLOG3,A,TRUE,FALSE,FALSE,nothing,false,,
River Logs,RCNX0512.AVI,Organized_data_Nov_2020\PLOG5\B\nothing, 2020-08-22 20:27:34,FALSE,PLOG5,B,TRUE,FALSE,FALSE,nothing,false,,
River Logs,08220038.AVI,Organized_data_Nov_2020\CLOG1\nothing, 2020-08-22 20:36:44,FALSE,CLOG1,A,TRUE,FALSE,FALSE,nothing,false,,
River Logs,08220226.AVI,Organized_data_Nov_2020\CLOG3\A\on_log\lizard_uid, 2020-08-22 23:25:12,FALSE,CLOG3,A,FALSE,FALSE,TRUE,lizard_uid,false,,
River Logs,EK000092.AVI,Organized_data_Nov_2020\PLOG2\A\on_log\tamandua, 2020-08-23 00:05:22,FALSE,PLOG2,A,FALSE,FALSE,TRUE,tamandua,true,,
River Logs,08230227.AVI,Organized_data_Nov_2020\CLOG3\A\on_log\iguana_green, 2020-08-23 02:54:04,FALSE,CLOG3,A,FALSE,FALSE,TRUE,iguana_green,false,,
River Logs,08230228.AVI,Organized_data_Nov_2020\CLOG3\A\nothing, 2020-08-23 03:10:40,FALSE,CLOG3,A,TRUE,FALSE,FALSE,nothing,false,,
River Logs,08230229.AVI,Organized_data_Nov_2020\CLOG3\A\nothing, 2020-08-23 03:13:12,FALSE,CLOG3,A,TRUE,FALSE,FALSE,nothing,false,,
River Logs,08230230.AVI,Organized_data_Nov_2020\CLOG3\A\nothing, 2020-08-23 03:14:20,FALSE,CLOG3,A,TRUE,FALSE,FALSE,nothing,false,,
River Logs,08230231.AVI,Organized_data_Nov_2020\CLOG3\A\nothing, 2020-08-23 03:15:14,FALSE,CLOG3,A,TRUE,FALSE,FALSE,nothing,false,,
River Logs,08230232.AVI,Organized_data_Nov_2020\CLOG3\A\nothing, 2020-08-23 03:16:34,FALSE,CLOG3,A,TRUE,FALSE,FALSE,nothing,false,,
River Logs,08230233.AVI,Organized_data_Nov_2020\CLOG3\A\nothing, 2020-08-23 03:17:30,FALSE,CLOG3,A,TRUE,FALSE,FALSE,nothing,false,,
River Logs,08230234.AVI,Organized_data_Nov_2020\CLOG3\A\on_log\lizard_uid, 2020-08-23 03:19:28,FALSE,CLOG3,A,FALSE,FALSE,TRUE,lizard_uid,false,,
River Logs,08230235.AVI,Organized_data_Nov_2020\CLOG3\A\nothing, 2020-08-23 03:20:26,FALSE,CLOG3,A,TRUE,FALSE,FALSE,nothing,false,,
River Logs,08230236.AVI,Organized_data_Nov_2020\CLOG3\A\on_log\lizard_uid, 2020-08-23 03:21:24,FALSE,CLOG3,A,FALSE,FALSE,TRUE,lizard_uid,false,,
River Logs,08230237.AVI,Organized_data_Nov_2020\CLOG3\A\on_log\lizard_uid, 2020-08-23 03:22:26,FALSE,CLOG3,A,FALSE,FALSE,TRUE,lizard_uid,false,,
River Logs,08230238.AVI,Organized_data_Nov_2020\CLOG3\A\on_log\lizard_uid, 2020-08-23 03:23:38,FALSE,CLOG3,A,FALSE,FALSE,TRUE,lizard_uid,false,,
River Logs,08230239.AVI,Organized_data_Nov_2020\CLOG3\A\on_log\lizard_uid, 2020-08-23 03:24:52,FALSE,CLOG3,A,FALSE,FALSE,TRUE,lizard_uid,false,,
River Logs,08230240.AVI,Organized_data_Nov_2020\CLOG3\A\on_log\lizard_uid, 2020-08-23 03:25:44,FALSE,CLOG3,A,FALSE,FALSE,TRUE,lizard_uid,false,,
River Logs,08230241.AVI,Organized_data_Nov_2020\CLOG3\A\on_log\lizard_uid, 2020-08-23 03:26:52,FALSE,CLOG3,A,FALSE,FALSE,TRUE,lizard_uid,false,,
River Logs,RCNX0516.AVI,Organized_data_Nov_2020\PLOG5\B\on_log\tamandua, 2020-08-23 05:49:04,FALSE,PLOG5,B,FALSE,FALSE,TRUE,tamandua,true,,
River Logs,RCNX0520.AVI,Organized_data_Nov_2020\PLOG5\B\nothing, 2020-08-23 06:37:24,FALSE,PLOG5,B,TRUE,FALSE,FALSE,nothing,false,,
River Logs,08230242.AVI,Organized_data_Nov_2020\CLOG3\A\on_log\coati, 2020-08-23 07:21:24,FALSE,CLOG3,A,FALSE,FALSE,TRUE,coati,true,,
River Logs,RCNX0524.AVI,Organized_data_Nov_2020\PLOG5\B\nothing, 2020-08-23 09:32:12,FALSE,PLOG5,B,TRUE,FALSE,FALSE,nothing,false,,
River Logs,RCNX0528.AVI,Organized_data_Nov_2020\PLOG5\B\on_log\coati, 2020-08-23 09:33:54,FALSE,PLOG5,B,FALSE,FALSE,TRUE,coati,true,,
River Logs,EK000093.AVI,Organized_data_Nov_2020\PLOG2\A\on_log\agouti, 2020-08-23 12:39:12,FALSE,PLOG2,A,FALSE,FALSE,TRUE,agouti,true,,
River Logs,EK000094.AVI,Organized_data_Nov_2020\PLOG2\A\on_log\agouti, 2020-08-23 12:44:46,FALSE,PLOG2,A,FALSE,FALSE,TRUE,agouti,false,,
River Logs,EK000095.AVI,Organized_data_Nov_2020\PLOG2\A\on_log\agouti, 2020-08-23 13:16:16,FALSE,PLOG2,A,FALSE,FALSE,TRUE,agouti,false,,
River Logs,EK000096.AVI,Organized_data_Nov_2020\PLOG2\A\people, 2020-08-23 13:19:08,FALSE,PLOG2,A,FALSE,FALSE,FALSE,people,false,,
River Logs,EK000097.AVI,Organized_data_Nov_2020\PLOG2\A\setup, 2020-08-23 13:22:52,FALSE,PLOG2,A,FALSE,TRUE,FALSE,setup,false,,
River Logs,RCNX0532.AVI,Organized_data_Nov_2020\PLOG5\B\on_log\bird, 2020-08-23 13:33:54,FALSE,PLOG5,B,FALSE,FALSE,TRUE,bird,false,,
River Logs,RCNX0536.AVI,Organized_data_Nov_2020\PLOG5\B\on_log\bird, 2020-08-23 13:35:34,FALSE,PLOG5,B,FALSE,FALSE,TRUE,bird,false,,
River Logs,08230039.AVI,Organized_data_Nov_2020\CLOG1\nothing, 2020-08-23 14:10:26,FALSE,CLOG1,A,TRUE,FALSE,FALSE,nothing,false,,
River Logs,08230243.AVI,Organized_data_Nov_2020\CLOG3\A\on_log\ocelot, 2020-08-23 14:43:48,FALSE,CLOG3,A,FALSE,FALSE,TRUE,ocelot,true,,
River Logs,RCNX0540.AVI,Organized_data_Nov_2020\PLOG5\B\nothing, 2020-08-23 19:00:10,FALSE,PLOG5,B,TRUE,FALSE,FALSE,nothing,false,,
River Logs,EK000098 (2).AVI,Organized_data_Nov_2020\PLOG2\A\nothing, 2020-08-23 19:23:10,FALSE,PLOG2,A,TRUE,FALSE,FALSE,nothing,false,,
River Logs,EK000099 (2).AVI,Organized_data_Nov_2020\PLOG2\A\nothing, 2020-08-23 19:40:48,FALSE,PLOG2,A,TRUE,FALSE,FALSE,nothing,false,,
River Logs,EK000033.AVI,Organized_data_Nov_2020\CLOG4\on_log\tamandua, 2020-08-23 23:00:08,FALSE,CLOG4,A,FALSE,FALSE,TRUE,tamandua,true,,
River Logs,08240040.AVI,Organized_data_Nov_2020\CLOG1\nothing, 2020-08-24 03:44:12,FALSE,CLOG1,A,TRUE,FALSE,FALSE,nothing,false,,
River Logs,EK000100 (2).AVI,Organized_data_Nov_2020\PLOG2\A\nothing, 2020-08-24 04:19:20,FALSE,PLOG2,A,TRUE,FALSE,FALSE,nothing,false,,
River Logs,EK000101.AVI,Organized_data_Nov_2020\PLOG2\A\on_log\tamandua, 2020-08-24 05:36:58,FALSE,PLOG2,A,FALSE,FALSE,TRUE,tamandua,true,,
River Logs,RCNX0544.AVI,Organized_data_Nov_2020\PLOG5\B\nothing, 2020-08-24 09:34:52,FALSE,PLOG5,B,TRUE,FALSE,FALSE,nothing,false,,
River Logs,RCNX0548.AVI,Organized_data_Nov_2020\PLOG5\B\nothing, 2020-08-24 10:24:16,FALSE,PLOG5,B,TRUE,FALSE,FALSE,nothing,false,,
River Logs,RCNX0552.AVI,Organized_data_Nov_2020\PLOG5\B\on_log\tamandua, 2020-08-24 10:37:52,FALSE,PLOG5,B,FALSE,FALSE,TRUE,tamandua,true,,
River Logs,08240244.AVI,Organized_data_Nov_2020\CLOG3\A\nothing, 2020-08-24 10:55:22,FALSE,CLOG3,A,TRUE,FALSE,FALSE,nothing,false,,
River Logs,EK000102.AVI,Organized_data_Nov_2020\PLOG2\A\on_log\coati, 2020-08-24 11:22:50,FALSE,PLOG2,A,FALSE,FALSE,TRUE,coati,true,,
River Logs,08240041.AVI,Organized_data_Nov_2020\CLOG1\nothing, 2020-08-24 14:04:30,FALSE,CLOG1,A,TRUE,FALSE,FALSE,nothing,false,,
River Logs,08240042.AVI,Organized_data_Nov_2020\CLOG1\people, 2020-08-24 16:10:30,FALSE,CLOG1,A,FALSE,FALSE,FALSE,people,true,,
River Logs,08240043.AVI,Organized_data_Nov_2020\CLOG1\nothing, 2020-08-24 16:15:32,FALSE,CLOG1,A,TRUE,FALSE,FALSE,nothing,false,,
River Logs,08240044.AVI,Organized_data_Nov_2020\CLOG1\nothing, 2020-08-24 16:42:14,FALSE,CLOG1,A,TRUE,FALSE,FALSE,nothing,false,,
River Logs,08240045.AVI,Organized_data_Nov_2020\CLOG1\nothing, 2020-08-24 20:27:48,FALSE,CLOG1,A,TRUE,FALSE,FALSE,nothing,false,,
River Logs,EK000103.AVI,Organized_data_Nov_2020\PLOG2\A\on_log\ocelot, 2020-08-24 20:33:26,FALSE,PLOG2,A,FALSE,FALSE,TRUE,ocelot,true,,
River Logs,EK000104.AVI,Organized_data_Nov_2020\PLOG2\A\on_log\tamandua, 2020-08-24 22:19:42,FALSE,PLOG2,A,FALSE,FALSE,TRUE,tamandua,true,,
River Logs,08240245.AVI,Organized_data_Nov_2020\CLOG3\A\nothing, 2020-08-25 00:15:24,FALSE,CLOG3,A,TRUE,FALSE,FALSE,nothing,false,,
River Logs,RCNX0556.AVI,Organized_data_Nov_2020\PLOG5\B\on_log\opossum_common, 2020-08-25 02:30:52,FALSE,PLOG5,B,FALSE,FALSE,TRUE,opossum_common,true,,
River Logs,EK000105.AVI,Organized_data_Nov_2020\PLOG2\A\on_log\skunk_striped, 2020-08-25 03:27:34,FALSE,PLOG2,A,FALSE,FALSE,TRUE,skunk_striped,true,,
River Logs,08250246.AVI,Organized_data_Nov_2020\CLOG3\A\nothing, 2020-08-25 06:12:40,FALSE,CLOG3,A,TRUE,FALSE,FALSE,nothing,false,,
River Logs,08250247.AVI,Organized_data_Nov_2020\CLOG3\A\nothing, 2020-08-25 06:58:04,FALSE,CLOG3,A,TRUE,FALSE,FALSE,nothing,false,,
River Logs,08250248.AVI,Organized_data_Nov_2020\CLOG3\A\nothing, 2020-08-25 07:18:06,FALSE,CLOG3,A,TRUE,FALSE,FALSE,nothing,false,,
River Logs,08250249.AVI,Organized_data_Nov_2020\CLOG3\A\nothing, 2020-08-25 07:19:02,FALSE,CLOG3,A,TRUE,FALSE,FALSE,nothing,false,,
River Logs,08250250.AVI,Organized_data_Nov_2020\CLOG3\A\nothing, 2020-08-25 07:23:40,FALSE,CLOG3,A,TRUE,FALSE,FALSE,nothing,false,,
River Logs,EK000039.AVI,Organized_data_Nov_2020\CLOG9\off_log\bird, 2020-08-25 09:26:22,FALSE,CLOG9,A,FALSE,FALSE,FALSE,bird,false,,
River Logs,08250046.AVI,Organized_data_Nov_2020\CLOG1\nothing, 2020-08-25 11:24:32,FALSE,CLOG1,A,TRUE,FALSE,FALSE,nothing,false,,
River Logs,EK000106.AVI,Organized_data_Nov_2020\PLOG2\A\on_log\coati, 2020-08-25 13:08:56,FALSE,PLOG2,A,FALSE,FALSE,TRUE,coati,true,,
River Logs,EK000034.AVI,Organized_data_Nov_2020\CLOG4\on_log\coati, 2020-08-25 16:44:24,FALSE,CLOG4,A,FALSE,FALSE,TRUE,coati,true,,
River Logs,EK000040.AVI,Organized_data_Nov_2020\CLOG9\off_log\bird, 2020-08-25 17:02:26,FALSE,CLOG9,A,FALSE,FALSE,FALSE,bird,false,,
River Logs,08250042.MP4,Organized_data_Nov_2020\CLOG10\off_log\curassow_great, 2020-08-25 19:00:32,FALSE,CLOG10,A,FALSE,FALSE,FALSE,curassow_great,false,,
River Logs,RCNX0560.AVI,Organized_data_Nov_2020\PLOG5\B\on_log\skunk_striped, 2020-08-25 21:03:52,FALSE,PLOG5,B,FALSE,FALSE,TRUE,skunk_striped,true,,
River Logs,EK000035.AVI,Organized_data_Nov_2020\CLOG4\on_log\ocelot, 2020-08-25 23:23:54,FALSE,CLOG4,A,FALSE,FALSE,TRUE,ocelot,true,,
River Logs,08250047.AVI,Organized_data_Nov_2020\CLOG1\nothing, 2020-08-25 23:42:32,FALSE,CLOG1,A,TRUE,FALSE,FALSE,nothing,false,,
River Logs,RCNX0564.AVI,Organized_data_Nov_2020\PLOG5\B\nothing, 2020-08-25 23:59:28,FALSE,PLOG5,B,TRUE,FALSE,FALSE,nothing,false,,
River Logs,08250251.AVI,Organized_data_Nov_2020\CLOG3\A\nothing, 2020-08-26 00:55:04,FALSE,CLOG3,A,TRUE,FALSE,FALSE,nothing,false,,
River Logs,RCNX0048.AVI,Organized_data_Nov_2020\CLOG7\on_log\ocelot, 2020-08-26 02:09:36,FALSE,CLOG7,A,FALSE,FALSE,TRUE,ocelot,true,,
River Logs,08260252.AVI,Organized_data_Nov_2020\CLOG3\A\nothing, 2020-08-26 02:20:52,FALSE,CLOG3,A,TRUE,FALSE,FALSE,nothing,false,,
River Logs,RCNX0568.AVI,Organized_data_Nov_2020\PLOG5\B\nothing, 2020-08-26 02:38:30,FALSE,PLOG5,B,TRUE,FALSE,FALSE,nothing,false,,
River Logs,08260253.AVI,Organized_data_Nov_2020\CLOG3\A\nothing, 2020-08-26 02:45:00,FALSE,CLOG3,A,TRUE,FALSE,FALSE,nothing,false,,
River Logs,08260254.AVI,Organized_data_Nov_2020\CLOG3\A\nothing, 2020-08-26 04:22:18,FALSE,CLOG3,A,TRUE,FALSE,FALSE,nothing,false,,
River Logs,08260255.AVI,Organized_data_Nov_2020\CLOG3\A\nothing, 2020-08-26 04:24:44,FALSE,CLOG3,A,TRUE,FALSE,FALSE,nothing,false,,
River Logs,08260048.AVI,Organized_data_Nov_2020\CLOG1\nothing, 2020-08-26 06:04:04,FALSE,CLOG1,A,TRUE,FALSE,FALSE,nothing,false,,
River Logs,08260049.AVI,Organized_data_Nov_2020\CLOG1\nothing, 2020-08-26 10:40:20,FALSE,CLOG1,A,TRUE,FALSE,FALSE,nothing,false,,
River Logs,RCNX0049.AVI,Organized_data_Nov_2020\CLOG7\on_log\ocelot, 2020-08-26 11:08:48,FALSE,CLOG7,A,FALSE,FALSE,TRUE,ocelot,true,,
River Logs,EK000107.AVI,Organized_data_Nov_2020\PLOG2\A\on_log\curassow_great, 2020-08-26 11:45:26,FALSE,PLOG2,A,FALSE,FALSE,TRUE,curassow_great,true,,
River Logs,EK000108.AVI,Organized_data_Nov_2020\PLOG2\A\on_log\curassow_great, 2020-08-26 11:47:04,FALSE,PLOG2,A,FALSE,FALSE,TRUE,curassow_great,true,,
River Logs,RCNX0572.AVI,Organized_data_Nov_2020\PLOG5\B\on_log\coati, 2020-08-26 12:32:08,FALSE,PLOG5,B,FALSE,FALSE,TRUE,coati,true,,
River Logs,RCNX0050.AVI,Organized_data_Nov_2020\CLOG7\on_log\coati, 2020-08-26 16:05:44,FALSE,CLOG7,A,FALSE,FALSE,TRUE,coati,true,,
River Logs,RCNX0051.AVI,Organized_data_Nov_2020\CLOG7\on_log\coati, 2020-08-26 16:06:32,FALSE,CLOG7,A,FALSE,FALSE,TRUE,coati,true,,
River Logs,08260256.AVI,Organized_data_Nov_2020\CLOG3\A\nothing, 2020-08-26 20:56:48,FALSE,CLOG3,A,TRUE,FALSE,FALSE,nothing,false,,
River Logs,EK000109.AVI,Organized_data_Nov_2020\PLOG2\A\on_log\raccoon, 2020-08-26 21:10:10,FALSE,PLOG2,A,FALSE,FALSE,TRUE,raccoon,true,,
River Logs,08260257.AVI,Organized_data_Nov_2020\CLOG3\A\on_log\ocelot, 2020-08-27 00:52:14,FALSE,CLOG3,A,FALSE,FALSE,TRUE,ocelot,false,,
River Logs,RCNX0576.AVI,Organized_data_Nov_2020\PLOG5\B\on_log\opossum_common, 2020-08-27 01:18:10,FALSE,PLOG5,B,FALSE,FALSE,TRUE,opossum_common,true,,
River Logs,08260258.AVI,Organized_data_Nov_2020\CLOG3\A\nothing, 2020-08-27 01:49:56,FALSE,CLOG3,A,TRUE,FALSE,FALSE,nothing,false,,
River Logs,08270259.AVI,Organized_data_Nov_2020\CLOG3\A\nothing, 2020-08-27 02:50:00,FALSE,CLOG3,A,TRUE,FALSE,FALSE,nothing,false,,
River Logs,08270260.AVI,Organized_data_Nov_2020\CLOG3\A\nothing, 2020-08-27 03:05:52,FALSE,CLOG3,A,TRUE,FALSE,FALSE,nothing,false,,
River Logs,08270261.AVI,Organized_data_Nov_2020\CLOG3\A\on_log\iguana_green, 2020-08-27 03:34:02,FALSE,CLOG3,A,FALSE,FALSE,TRUE,iguana_green,false,,
River Logs,08270262.AVI,Organized_data_Nov_2020\CLOG3\A\nothing, 2020-08-27 04:09:22,FALSE,CLOG3,A,TRUE,FALSE,FALSE,nothing,false,,
River Logs,08270263.AVI,Organized_data_Nov_2020\CLOG3\A\nothing, 2020-08-27 04:28:26,FALSE,CLOG3,A,TRUE,FALSE,FALSE,nothing,false,,
River Logs,08270050.AVI,Organized_data_Nov_2020\CLOG1\nothing, 2020-08-27 05:25:24,FALSE,CLOG1,A,TRUE,FALSE,FALSE,nothing,false,,
River Logs,EK000041.AVI,Organized_data_Nov_2020\CLOG9\nothing, 2020-08-27 05:58:58,FALSE,CLOG9,A,TRUE,FALSE,FALSE,nothing,false,,
River Logs,EK000110.AVI,Organized_data_Nov_2020\PLOG2\A\on_log\ocelot, 2020-08-27 07:21:34,FALSE,PLOG2,A,FALSE,FALSE,TRUE,ocelot,true,,
River Logs,08270051.AVI,Organized_data_Nov_2020\CLOG1\nothing, 2020-08-27 11:05:02,FALSE,CLOG1,A,TRUE,FALSE,FALSE,nothing,false,,
River Logs,EK000111.AVI,Organized_data_Nov_2020\PLOG2\A\on_log\iguana_green, 2020-08-27 13:23:56,FALSE,PLOG2,A,FALSE,FALSE,TRUE,iguana_green,false,,
River Logs,RCNX0580.AVI,Organized_data_Nov_2020\PLOG5\B\on_log\tamandua, 2020-08-27 17:15:22,FALSE,PLOG5,B,FALSE,FALSE,TRUE,tamandua,true,,
River Logs,EK000112.AVI,Organized_data_Nov_2020\PLOG2\A\on_log\ocelot, 2020-08-27 21:41:14,FALSE,PLOG2,A,FALSE,FALSE,TRUE,ocelot,true,,
River Logs,RCNX0584.AVI,Organized_data_Nov_2020\PLOG5\B\nothing, 2020-08-27 22:41:20,FALSE,PLOG5,B,TRUE,FALSE,FALSE,nothing,false,,
River Logs,08270264.AVI,Organized_data_Nov_2020\CLOG3\A\nothing, 2020-08-28 00:51:50,FALSE,CLOG3,A,TRUE,FALSE,FALSE,nothing,false,,
River Logs,08270265.AVI,Organized_data_Nov_2020\CLOG3\A\on_log\iguana_green, 2020-08-28 00:55:32,FALSE,CLOG3,A,FALSE,FALSE,TRUE,iguana_green,false,,
River Logs,08280266.AVI,Organized_data_Nov_2020\CLOG3\A\nothing, 2020-08-28 02:16:08,FALSE,CLOG3,A,TRUE,FALSE,FALSE,nothing,false,,
River Logs,08280267.AVI,Organized_data_Nov_2020\CLOG3\A\on_log\lizard_uid, 2020-08-28 02:48:28,FALSE,CLOG3,A,FALSE,FALSE,TRUE,lizard_uid,false,,
River Logs,08280268.AVI,Organized_data_Nov_2020\CLOG3\A\nothing, 2020-08-28 03:17:58,FALSE,CLOG3,A,TRUE,FALSE,FALSE,nothing,false,,
River Logs,08280269.AVI,Organized_data_Nov_2020\CLOG3\A\nothing, 2020-08-28 03:40:18,FALSE,CLOG3,A,TRUE,FALSE,FALSE,nothing,false,,
River Logs,RCNX0588.AVI,Organized_data_Nov_2020\PLOG5\B\nothing, 2020-08-28 03:44:44,FALSE,PLOG5,B,TRUE,FALSE,FALSE,nothing,false,,
River Logs,08280270.AVI,Organized_data_Nov_2020\CLOG3\A\on_log\lizard_uid, 2020-08-28 04:41:44,FALSE,CLOG3,A,FALSE,FALSE,TRUE,lizard_uid,false,,
River Logs,EK000036.AVI,Organized_data_Nov_2020\CLOG4\on_log\coati, 2020-08-28 04:44:12,FALSE,CLOG4,A,FALSE,FALSE,TRUE,racoon_crabeating,true,,
River Logs,08280271.AVI,Organized_data_Nov_2020\CLOG3\A\nothing, 2020-08-28 05:23:42,FALSE,CLOG3,A,TRUE,FALSE,FALSE,nothing,false,,
River Logs,RCNX0592.AVI,Organized_data_Nov_2020\PLOG5\B\on_log\coati, 2020-08-28 08:37:08,FALSE,PLOG5,B,FALSE,FALSE,TRUE,coati,true,,
River Logs,EK000042.AVI,Organized_data_Nov_2020\CLOG9\nothing, 2020-08-28 08:42:02,FALSE,CLOG9,A,TRUE,FALSE,FALSE,nothing,false,,
River Logs,RCNX0596.AVI,Organized_data_Nov_2020\PLOG5\B\on_log\coati, 2020-08-28 10:27:40,FALSE,PLOG5,B,FALSE,FALSE,TRUE,coati,true,,
River Logs,RCNX0600.AVI,Organized_data_Nov_2020\PLOG5\B\nothing, 2020-08-28 10:34:56,FALSE,PLOG5,B,TRUE,FALSE,FALSE,nothing,false,,
River Logs,08280052.AVI,Organized_data_Nov_2020\CLOG1\nothing, 2020-08-28 11:04:12,FALSE,CLOG1,A,TRUE,FALSE,FALSE,nothing,false,,
River Logs,RCNX0052.AVI,Organized_data_Nov_2020\CLOG7\on_log\tayra, 2020-08-28 11:42:22,FALSE,CLOG7,A,FALSE,FALSE,TRUE,tayra,true,,
River Logs,EK000037 (2).AVI,Organized_data_Nov_2020\CLOG4\on_log\tamandua, 2020-08-28 21:43:04,FALSE,CLOG4,A,FALSE,FALSE,TRUE,tamandua,false,,
River Logs,EK000038 (2).AVI,Organized_data_Nov_2020\CLOG4\nothing, 2020-08-28 23:58:00,FALSE,CLOG4,A,TRUE,FALSE,FALSE,nothing,false,,
River Logs,EK000043.AVI,Organized_data_Nov_2020\CLOG9\nothing, 2020-08-29 05:53:36,FALSE,CLOG9,A,TRUE,FALSE,FALSE,nothing,false,,
River Logs,RCNX0053.AVI,Organized_data_Nov_2020\CLOG7\on_log\ocelot, 2020-08-29 06:15:46,FALSE,CLOG7,A,FALSE,FALSE,TRUE,ocelot,true,,
River Logs,RCNX0604.AVI,Organized_data_Nov_2020\PLOG5\B\on_log\coati, 2020-08-29 08:39:58,FALSE,PLOG5,B,FALSE,FALSE,TRUE,coati,true,,
River Logs,RCNX0608.AVI,Organized_data_Nov_2020\PLOG5\B\on_log\coati, 2020-08-29 08:40:56,FALSE,PLOG5,B,FALSE,FALSE,TRUE,coati,true,,
River Logs,RCNX0612.AVI,Organized_data_Nov_2020\PLOG5\B\nothing, 2020-08-29 08:44:06,FALSE,PLOG5,B,TRUE,FALSE,FALSE,nothing,false,,
River Logs,EK000044.AVI,Organized_data_Nov_2020\CLOG9\nothing, 2020-08-29 12:44:00,FALSE,CLOG9,A,TRUE,FALSE,FALSE,nothing,false,,
River Logs,08290053.AVI,Organized_data_Nov_2020\CLOG1\nothing, 2020-08-29 14:27:28,FALSE,CLOG1,A,TRUE,FALSE,FALSE,nothing,false,,
River Logs,EK000113.AVI,Organized_data_Nov_2020\PLOG2\A\people, 2020-08-29 16:51:40,FALSE,PLOG2,A,FALSE,FALSE,FALSE,people,false,,
River Logs,RCNX0054.AVI,Organized_data_Nov_2020\CLOG7\on_log\coati, 2020-08-29 18:45:56,FALSE,CLOG7,A,FALSE,FALSE,TRUE,coati,true,,
River Logs,RCNX0616.AVI,Organized_data_Nov_2020\PLOG5\B\nothing, 2020-08-29 20:50:38,FALSE,PLOG5,B,TRUE,FALSE,FALSE,nothing,false,,
River Logs,RCNX0620.AVI,Organized_data_Nov_2020\PLOG5\B\nothing, 2020-08-29 21:23:20,FALSE,PLOG5,B,TRUE,FALSE,FALSE,nothing,false,,
River Logs,EK000039.AVI,Organized_data_Nov_2020\CLOG4\on_log\opossum_common, 2020-08-29 21:47:02,FALSE,CLOG4,A,FALSE,FALSE,TRUE,opossum_common,true,,
River Logs,EK000040.AVI,Organized_data_Nov_2020\CLOG4\nothing, 2020-08-29 21:50:20,FALSE,CLOG4,A,TRUE,FALSE,FALSE,nothing,false,,
River Logs,EK000045.AVI,Organized_data_Nov_2020\CLOG9\nothing, 2020-08-29 23:32:44,FALSE,CLOG9,A,TRUE,FALSE,FALSE,nothing,false,,
River Logs,EK000046.AVI,Organized_data_Nov_2020\CLOG9\off_log\rodent, 2020-08-30 01:48:20,FALSE,CLOG9,A,FALSE,FALSE,FALSE,rodent,true,,
River Logs,RCNX0055.AVI,Organized_data_Nov_2020\CLOG7\on_log\ocelot, 2020-08-30 02:15:38,FALSE,CLOG7,A,FALSE,FALSE,TRUE,ocelot,true,,
River Logs,08300272.AVI,Organized_data_Nov_2020\CLOG3\A\nothing, 2020-08-30 06:11:02,FALSE,CLOG3,A,TRUE,FALSE,FALSE,nothing,false,,
River Logs,RCNX0624.AVI,Organized_data_Nov_2020\PLOG5\B\nothing, 2020-08-30 12:41:22,FALSE,PLOG5,B,TRUE,FALSE,FALSE,nothing,false,,
River Logs,EK000020 (2).AVI,Organized_data_Nov_2020\PLOG7\B\nothing, 2020-08-30 13:30:36,FALSE,PLOG7,B,TRUE,FALSE,FALSE,nothing,false,,
River Logs,EK000047.AVI,Organized_data_Nov_2020\CLOG9\off_log\peccary_collared, 2020-08-30 17:41:54,FALSE,CLOG9,A,FALSE,FALSE,FALSE,peccary_collared,false,,
River Logs,08300043.MP4,Organized_data_Nov_2020\CLOG10\nothing, 2020-08-30 20:12:10,FALSE,CLOG10,A,TRUE,FALSE,FALSE,nothing,false,,
River Logs,EK000115 (2).AVI,Organized_data_Nov_2020\PLOG2\A\nothing, 2020-08-30 22:04:34,FALSE,PLOG2,A,TRUE,FALSE,FALSE,nothing,false,,
River Logs,08300273.AVI,Organized_data_Nov_2020\CLOG3\A\nothing, 2020-08-31 00:16:10,FALSE,CLOG3,A,TRUE,FALSE,FALSE,nothing,false,,
River Logs,08310274.AVI,Organized_data_Nov_2020\CLOG3\A\nothing, 2020-08-31 02:40:14,FALSE,CLOG3,A,TRUE,FALSE,FALSE,nothing,false,,
River Logs,08310275.AVI,Organized_data_Nov_2020\CLOG3\A\nothing, 2020-08-31 03:20:24,FALSE,CLOG3,A,TRUE,FALSE,FALSE,nothing,false,,
River Logs,08310276.AVI,Organized_data_Nov_2020\CLOG3\A\nothing, 2020-08-31 03:27:58,FALSE,CLOG3,A,TRUE,FALSE,FALSE,nothing,false,,
River Logs,EK000048.AVI,Organized_data_Nov_2020\CLOG9\on_log\bird, 2020-08-31 09:13:46,FALSE,CLOG9,A,FALSE,FALSE,TRUE,bird,false,,
River Logs,08310034.MP4,Organized_data_Nov_2020\CLOG8\A\nothing, 2020-08-31 13:23:08,FALSE,CLOG8,A,TRUE,FALSE,FALSE,nothing,false,,
River Logs,EK000116 (2).AVI,Organized_data_Nov_2020\PLOG2\A\nothing, 2020-08-31 14:01:22,FALSE,PLOG2,A,TRUE,FALSE,FALSE,nothing,false,,
River Logs,EK000117.AVI,Organized_data_Nov_2020\PLOG2\A\on_log\coati, 2020-08-31 14:08:54,FALSE,PLOG2,A,FALSE,FALSE,TRUE,coati,true,,
River Logs,08310054.AVI,Organized_data_Nov_2020\CLOG1\nothing, 2020-08-31 14:27:30,FALSE,CLOG1,A,TRUE,FALSE,FALSE,nothing,false,,
River Logs,08310055.AVI,Organized_data_Nov_2020\CLOG1\nothing, 2020-08-31 14:36:34,FALSE,CLOG1,A,TRUE,FALSE,FALSE,nothing,false,,
River Logs,08310044.MP4,Organized_data_Nov_2020\CLOG10\on_log\coati, 2020-08-31 16:13:50,FALSE,CLOG10,A,FALSE,FALSE,TRUE,coati,true,,
River Logs,08310045.MP4,Organized_data_Nov_2020\CLOG10\on_log\coati, 2020-08-31 16:14:40,FALSE,CLOG10,A,FALSE,FALSE,TRUE,coati,true,,
River Logs,RCNX0628.AVI,Organized_data_Nov_2020\PLOG5\B\on_log\opossum_common, 2020-09-01 01:10:10,FALSE,PLOG5,B,FALSE,FALSE,TRUE,opossum_common,true,,
River Logs,08310277.AVI,Organized_data_Nov_2020\CLOG3\A\on_log\iguana_green, 2020-09-01 01:20:52,FALSE,CLOG3,A,FALSE,FALSE,TRUE,iguana_green,false,,
River Logs,EK000118.AVI,Organized_data_Nov_2020\PLOG2\A\on_log\opossum_common, 2020-09-01 01:46:20,FALSE,PLOG2,A,FALSE,FALSE,TRUE,opossum_common,true,,
River Logs,09010278.AVI,Organized_data_Nov_2020\CLOG3\A\nothing, 2020-09-01 02:26:22,FALSE,CLOG3,A,TRUE,FALSE,FALSE,nothing,false,,
River Logs,09010279.AVI,Organized_data_Nov_2020\CLOG3\A\nothing, 2020-09-01 02:54:06,FALSE,CLOG3,A,TRUE,FALSE,FALSE,nothing,false,,
River Logs,RCNX0632.AVI,Organized_data_Nov_2020\PLOG5\B\nothing, 2020-09-01 03:16:00,FALSE,PLOG5,B,TRUE,FALSE,FALSE,nothing,false,,
River Logs,EK000119.AVI,Organized_data_Nov_2020\PLOG2\A\on_log\tamandua, 2020-09-01 03:25:34,FALSE,PLOG2,A,FALSE,FALSE,TRUE,tamandua,true,,
River Logs,09010280.AVI,Organized_data_Nov_2020\CLOG3\A\nothing, 2020-09-01 03:30:38,FALSE,CLOG3,A,TRUE,FALSE,FALSE,nothing,false,,
River Logs,09010281.AVI,Organized_data_Nov_2020\CLOG3\A\nothing, 2020-09-01 03:42:38,FALSE,CLOG3,A,TRUE,FALSE,FALSE,nothing,false,,
River Logs,09010282.AVI,Organized_data_Nov_2020\CLOG3\A\nothing, 2020-09-01 03:56:42,FALSE,CLOG3,A,TRUE,FALSE,FALSE,nothing,false,,
River Logs,EK000120.AVI,Organized_data_Nov_2020\PLOG2\A\on_log\tamandua, 2020-09-01 03:58:26,FALSE,PLOG2,A,FALSE,FALSE,TRUE,tamandua,true,,
River Logs,EK000121.AVI,Organized_data_Nov_2020\PLOG2\A\on_log\ocelot, 2020-09-01 04:55:24,FALSE,PLOG2,A,FALSE,FALSE,TRUE,ocelot,true,,
River Logs,EK000122.AVI,Organized_data_Nov_2020\PLOG2\A\on_log\ocelot, 2020-09-01 04:56:36,FALSE,PLOG2,A,FALSE,FALSE,TRUE,ocelot,true,,
River Logs,EK000041.AVI,Organized_data_Nov_2020\CLOG4\on_log\ocelot, 2020-09-01 06:10:20,FALSE,CLOG4,A,FALSE,FALSE,TRUE,ocelot,true,,
River Logs,RCNX0056.AVI,Organized_data_Nov_2020\CLOG7\on_log\coati, 2020-09-01 09:55:32,FALSE,CLOG7,A,FALSE,FALSE,TRUE,coati,false,,
River Logs,RCNX0636.AVI,Organized_data_Nov_2020\PLOG5\B\nothing, 2020-09-01 12:54:38,FALSE,PLOG5,B,TRUE,FALSE,FALSE,nothing,false,,
River Logs,EK000123.AVI,Organized_data_Nov_2020\PLOG2\A\on_log\coati, 2020-09-01 13:11:54,FALSE,PLOG2,A,FALSE,FALSE,TRUE,coati,true,,
River Logs,RCNX0640.AVI,Organized_data_Nov_2020\PLOG5\B\nothing, 2020-09-01 13:55:16,FALSE,PLOG5,B,TRUE,FALSE,FALSE,nothing,false,,
River Logs,RCNX0644.AVI,Organized_data_Nov_2020\PLOG5\B\nothing, 2020-09-01 16:22:44,FALSE,PLOG5,B,TRUE,FALSE,FALSE,nothing,false,,
River Logs,EK000042 (2).AVI,Organized_data_Nov_2020\CLOG4\nothing, 2020-09-01 20:55:16,FALSE,CLOG4,A,TRUE,FALSE,FALSE,nothing,false,,
River Logs,EK000043 (2).AVI,Organized_data_Nov_2020\CLOG4\nothing, 2020-09-01 21:14:54,FALSE,CLOG4,A,TRUE,FALSE,FALSE,nothing,false,,
River Logs,09020283.AVI,Organized_data_Nov_2020\CLOG3\A\nothing, 2020-09-02 02:34:38,FALSE,CLOG3,A,TRUE,FALSE,FALSE,nothing,false,,
River Logs,09020284.AVI,Organized_data_Nov_2020\CLOG3\A\nothing, 2020-09-02 02:59:00,FALSE,CLOG3,A,TRUE,FALSE,FALSE,nothing,false,,
River Logs,09020285.AVI,Organized_data_Nov_2020\CLOG3\A\nothing, 2020-09-02 03:04:44,FALSE,CLOG3,A,TRUE,FALSE,FALSE,nothing,false,,
River Logs,09020286.AVI,Organized_data_Nov_2020\CLOG3\A\nothing, 2020-09-02 03:06:26,FALSE,CLOG3,A,TRUE,FALSE,FALSE,nothing,false,,
River Logs,09020287.AVI,Organized_data_Nov_2020\CLOG3\A\nothing, 2020-09-02 03:15:28,FALSE,CLOG3,A,TRUE,FALSE,FALSE,nothing,false,,
River Logs,09020288.AVI,Organized_data_Nov_2020\CLOG3\A\nothing, 2020-09-02 03:16:44,FALSE,CLOG3,A,TRUE,FALSE,FALSE,nothing,false,,
River Logs,09020289.AVI,Organized_data_Nov_2020\CLOG3\A\nothing, 2020-09-02 03:46:44,FALSE,CLOG3,A,TRUE,FALSE,FALSE,nothing,false,,
River Logs,09020046.MP4,Organized_data_Nov_2020\CLOG10\off_log\ocelot, 2020-09-02 06:52:36,FALSE,CLOG10,A,FALSE,FALSE,FALSE,ocelot,false,,
River Logs,EK000124 (2).AVI,Organized_data_Nov_2020\PLOG2\A\nothing, 2020-09-02 08:22:20,FALSE,PLOG2,A,TRUE,FALSE,FALSE,nothing,false,,
River Logs,EK000049.AVI,Organized_data_Nov_2020\CLOG9\on_log\bird, 2020-09-02 08:38:34,FALSE,CLOG9,A,FALSE,FALSE,TRUE,bird,false,,
River Logs,EK000125 (2).AVI,Organized_data_Nov_2020\PLOG2\A\nothing, 2020-09-02 15:49:10,FALSE,PLOG2,A,TRUE,FALSE,FALSE,nothing,false,,
River Logs,EK000044.AVI,Organized_data_Nov_2020\CLOG4\on_log\ocelot, 2020-09-02 17:15:10,FALSE,CLOG4,A,FALSE,FALSE,TRUE,ocelot,true,,
River Logs,RCNX0648.AVI,Organized_data_Nov_2020\PLOG5\B\on_log\skunk_striped, 2020-09-03 00:46:24,FALSE,PLOG5,B,FALSE,FALSE,TRUE,skunk_striped,true,,
River Logs,RCNX0652.AVI,Organized_data_Nov_2020\PLOG5\B\nothing, 2020-09-03 00:53:52,FALSE,PLOG5,B,TRUE,FALSE,FALSE,nothing,false,,
River Logs,09020290.AVI,Organized_data_Nov_2020\CLOG3\A\nothing, 2020-09-03 01:04:32,FALSE,CLOG3,A,TRUE,FALSE,FALSE,nothing,false,,
River Logs,09020047.MP4,Organized_data_Nov_2020\CLOG10\on_log\ocelot, 2020-09-03 01:38:00,FALSE,CLOG10,A,FALSE,FALSE,TRUE,ocelot,true,,
River Logs,09030291.AVI,Organized_data_Nov_2020\CLOG3\A\nothing, 2020-09-03 02:16:00,FALSE,CLOG3,A,TRUE,FALSE,FALSE,nothing,false,,
River Logs,09030292.AVI,Organized_data_Nov_2020\CLOG3\A\nothing, 2020-09-03 02:53:54,FALSE,CLOG3,A,TRUE,FALSE,FALSE,nothing,false,,
River Logs,EK000126.AVI,Organized_data_Nov_2020\PLOG2\A\on_log\ocelot, 2020-09-03 03:26:34,FALSE,PLOG2,A,FALSE,FALSE,TRUE,ocelot,true,,
River Logs,EK000127.AVI,Organized_data_Nov_2020\PLOG2\A\on_log\ocelot, 2020-09-03 04:11:38,FALSE,PLOG2,A,FALSE,FALSE,TRUE,ocelot,true,,
River Logs,RCNX0656.AVI,Organized_data_Nov_2020\PLOG5\B\nothing, 2020-09-03 05:23:24,FALSE,PLOG5,B,TRUE,FALSE,FALSE,nothing,false,,
River Logs,RCNX0660.AVI,Organized_data_Nov_2020\PLOG5\B\on_log\skunk_striped, 2020-09-03 06:07:14,FALSE,PLOG5,B,FALSE,FALSE,TRUE,skunk_striped,true,,
River Logs,RCNX0664.AVI,Organized_data_Nov_2020\PLOG5\B\nothing, 2020-09-03 06:09:12,FALSE,PLOG5,B,TRUE,FALSE,FALSE,nothing,false,,
River Logs,RCNX0668.AVI,Organized_data_Nov_2020\PLOG5\B\nothing, 2020-09-03 06:34:28,FALSE,PLOG5,B,TRUE,FALSE,FALSE,nothing,false,,
River Logs,EK000128.AVI,Organized_data_Nov_2020\PLOG2\A\on_log\curassow_great, 2020-09-03 09:43:44,FALSE,PLOG2,A,FALSE,FALSE,TRUE,curassow_great,true,,
River Logs,EK000050.AVI,Organized_data_Nov_2020\CLOG9\nothing, 2020-09-03 15:07:32,FALSE,CLOG9,A,TRUE,FALSE,FALSE,nothing,false,,
River Logs,RCNX0057.AVI,Organized_data_Nov_2020\CLOG7\on_log\tayra, 2020-09-03 18:23:16,FALSE,CLOG7,A,FALSE,FALSE,TRUE,tayra,true,,
River Logs,09030056.AVI,Organized_data_Nov_2020\CLOG1\nothing, 2020-09-03 20:53:22,FALSE,CLOG1,A,TRUE,FALSE,FALSE,nothing,false,,
River Logs,09030057.AVI,Organized_data_Nov_2020\CLOG1\nothing, 2020-09-03 20:58:06,FALSE,CLOG1,A,TRUE,FALSE,FALSE,nothing,false,,
River Logs,RCNX0672.AVI,Organized_data_Nov_2020\PLOG5\B\nothing, 2020-09-04 03:31:16,FALSE,PLOG5,B,TRUE,FALSE,FALSE,nothing,false,,
River Logs,09040293.AVI,Organized_data_Nov_2020\CLOG3\A\on_log\iguana_green, 2020-09-04 03:43:28,FALSE,CLOG3,A,FALSE,FALSE,TRUE,iguana_green,false,,
River Logs,09040048.MP4,Organized_data_Nov_2020\CLOG10\off_log\curassow_great, 2020-09-04 07:46:54,FALSE,CLOG10,A,FALSE,FALSE,FALSE,curassow_great,false,,
River Logs,09040049.MP4,Organized_data_Nov_2020\CLOG10\nothing, 2020-09-04 10:34:58,FALSE,CLOG10,A,TRUE,FALSE,FALSE,nothing,false,,
River Logs,EK000129.AVI,Organized_data_Nov_2020\PLOG2\A\on_log\tayra, 2020-09-04 15:32:14,FALSE,PLOG2,A,FALSE,FALSE,TRUE,tayra,true,,
River Logs,EK000051.AVI,Organized_data_Nov_2020\CLOG9\off_log\tamandua, 2020-09-05 01:12:52,FALSE,CLOG9,A,FALSE,FALSE,FALSE,tamandua,true,,
River Logs,09050294.AVI,Organized_data_Nov_2020\CLOG3\A\nothing, 2020-09-05 02:35:22,FALSE,CLOG3,A,TRUE,FALSE,FALSE,nothing,false,,
River Logs,09050295.AVI,Organized_data_Nov_2020\CLOG3\A\nothing, 2020-09-05 02:48:04,FALSE,CLOG3,A,TRUE,FALSE,FALSE,nothing,false,,
River Logs,09050296.AVI,Organized_data_Nov_2020\CLOG3\A\nothing, 2020-09-05 02:50:00,FALSE,CLOG3,A,TRUE,FALSE,FALSE,nothing,false,,
River Logs,09050297.AVI,Organized_data_Nov_2020\CLOG3\A\nothing, 2020-09-05 02:53:48,FALSE,CLOG3,A,TRUE,FALSE,FALSE,nothing,false,,
River Logs,09050298.AVI,Organized_data_Nov_2020\CLOG3\A\nothing, 2020-09-05 02:56:34,FALSE,CLOG3,A,TRUE,FALSE,FALSE,nothing,false,,
River Logs,09050299.AVI,Organized_data_Nov_2020\CLOG3\A\nothing, 2020-09-05 03:10:42,FALSE,CLOG3,A,TRUE,FALSE,FALSE,nothing,false,,
River Logs,09050300.AVI,Organized_data_Nov_2020\CLOG3\A\nothing, 2020-09-05 03:11:46,FALSE,CLOG3,A,TRUE,FALSE,FALSE,nothing,false,,
River Logs,09050301.AVI,Organized_data_Nov_2020\CLOG3\A\nothing, 2020-09-05 03:14:54,FALSE,CLOG3,A,TRUE,FALSE,FALSE,nothing,false,,
River Logs,09050302.AVI,Organized_data_Nov_2020\CLOG3\A\nothing, 2020-09-05 03:27:10,FALSE,CLOG3,A,TRUE,FALSE,FALSE,nothing,false,,
River Logs,09050303.AVI,Organized_data_Nov_2020\CLOG3\A\nothing, 2020-09-05 03:33:34,FALSE,CLOG3,A,TRUE,FALSE,FALSE,nothing,false,,
River Logs,09050050.MP4,Organized_data_Nov_2020\CLOG10\on_log\tamandua, 2020-09-05 03:48:34,FALSE,CLOG10,A,FALSE,FALSE,TRUE,tamandua,true,,
River Logs,09050304.AVI,Organized_data_Nov_2020\CLOG3\A\nothing, 2020-09-05 03:51:36,FALSE,CLOG3,A,TRUE,FALSE,FALSE,nothing,false,,
River Logs,09050305.AVI,Organized_data_Nov_2020\CLOG3\A\nothing, 2020-09-05 03:54:02,FALSE,CLOG3,A,TRUE,FALSE,FALSE,nothing,false,,
River Logs,09050306.AVI,Organized_data_Nov_2020\CLOG3\A\nothing, 2020-09-05 04:23:50,FALSE,CLOG3,A,TRUE,FALSE,FALSE,nothing,false,,
River Logs,09050307.AVI,Organized_data_Nov_2020\CLOG3\A\nothing, 2020-09-05 04:29:52,FALSE,CLOG3,A,TRUE,FALSE,FALSE,nothing,false,,
River Logs,09050308.AVI,Organized_data_Nov_2020\CLOG3\A\nothing, 2020-09-05 04:47:24,FALSE,CLOG3,A,TRUE,FALSE,FALSE,nothing,false,,
River Logs,09050309.AVI,Organized_data_Nov_2020\CLOG3\A\on_log\iguana_green, 2020-09-05 05:15:00,FALSE,CLOG3,A,FALSE,FALSE,TRUE,iguana_green,false,,
River Logs,09050310.AVI,Organized_data_Nov_2020\CLOG3\A\nothing, 2020-09-05 05:16:10,FALSE,CLOG3,A,TRUE,FALSE,FALSE,nothing,false,,
River Logs,09050311.AVI,Organized_data_Nov_2020\CLOG3\A\nothing, 2020-09-05 06:12:18,FALSE,CLOG3,A,TRUE,FALSE,FALSE,nothing,false,,
River Logs,09050051.MP4,Organized_data_Nov_2020\CLOG10\on_log\coati, 2020-09-05 07:23:48,FALSE,CLOG10,A,FALSE,FALSE,TRUE,coati,true,,
River Logs,09050052.MP4,Organized_data_Nov_2020\CLOG10\on_log\tamandua, 2020-09-05 07:33:48,FALSE,CLOG10,A,FALSE,FALSE,TRUE,tamandua,true,,
River Logs,RCNX0676.AVI,Organized_data_Nov_2020\PLOG5\B\on_log\tayra, 2020-09-05 07:33:50,FALSE,PLOG5,B,FALSE,FALSE,TRUE,tayra,true,,
River Logs,RCNX0680.AVI,Organized_data_Nov_2020\PLOG5\B\nothing, 2020-09-05 08:47:34,FALSE,PLOG5,B,TRUE,FALSE,FALSE,nothing,false,,
River Logs,EK000130 (2).AVI,Organized_data_Nov_2020\PLOG2\A\people, 2020-09-05 11:31:34,FALSE,PLOG2,A,FALSE,FALSE,FALSE,people,false,,
River Logs,EK000131.AVI,Organized_data_Nov_2020\PLOG2\A\people, 2020-09-05 11:37:02,FALSE,PLOG2,A,FALSE,FALSE,FALSE,people,false,,
River Logs,EK000132.AVI,Organized_data_Nov_2020\PLOG2\A\people, 2020-09-05 11:38:32,FALSE,PLOG2,A,FALSE,FALSE,FALSE,people,false,,
River Logs,09050053.MP4,Organized_data_Nov_2020\CLOG10\nothing, 2020-09-05 16:00:26,FALSE,CLOG10,A,TRUE,FALSE,FALSE,nothing,false,,
River Logs,EK000052.AVI,Organized_data_Nov_2020\CLOG9\off_log\curassow_great, 2020-09-05 17:17:36,FALSE,CLOG9,A,FALSE,FALSE,FALSE,curassow_great,false,,
River Logs,EK000053.AVI,Organized_data_Nov_2020\CLOG9\on_log\coati, 2020-09-05 18:08:24,FALSE,CLOG9,A,FALSE,FALSE,TRUE,coati,true,,
River Logs,EK000054.AVI,Organized_data_Nov_2020\CLOG9\on_log\coati, 2020-09-05 18:09:08,FALSE,CLOG9,A,FALSE,FALSE,TRUE,coati,true,,
River Logs,EK000055.AVI,Organized_data_Nov_2020\CLOG9\on_log\coati, 2020-09-05 18:09:56,FALSE,CLOG9,A,FALSE,FALSE,TRUE,coati,true,,
River Logs,RCNX0684.AVI,Organized_data_Nov_2020\PLOG5\B\on_log\skunk_striped, 2020-09-05 20:28:34,FALSE,PLOG5,B,FALSE,FALSE,TRUE,skunk_striped,true,marking,
River Logs,EK000133.AVI,Organized_data_Nov_2020\PLOG2\A\on_log\tamandua, 2020-09-05 23:42:36,FALSE,PLOG2,A,FALSE,FALSE,TRUE,tamandua,true,,
River Logs,09060312.AVI,Organized_data_Nov_2020\CLOG3\A\nothing, 2020-09-06 03:02:08,FALSE,CLOG3,A,TRUE,FALSE,FALSE,nothing,false,,
River Logs,09060313.AVI,Organized_data_Nov_2020\CLOG3\A\nothing, 2020-09-06 03:05:32,FALSE,CLOG3,A,TRUE,FALSE,FALSE,nothing,false,,
River Logs,09060314.AVI,Organized_data_Nov_2020\CLOG3\A\on_log\iguana_green, 2020-09-06 03:08:04,FALSE,CLOG3,A,FALSE,FALSE,TRUE,iguana_green,false,,
River Logs,09060315.AVI,Organized_data_Nov_2020\CLOG3\A\nothing, 2020-09-06 03:20:10,FALSE,CLOG3,A,TRUE,FALSE,FALSE,nothing,false,,
River Logs,09060316.AVI,Organized_data_Nov_2020\CLOG3\A\nothing, 2020-09-06 03:29:52,FALSE,CLOG3,A,TRUE,FALSE,FALSE,nothing,false,,
River Logs,RCNX0688.AVI,Organized_data_Nov_2020\PLOG5\B\on_log\skunk_striped, 2020-09-06 04:35:34,FALSE,PLOG5,B,FALSE,FALSE,TRUE,skunk_striped,true,,
River Logs,RCNX0692.AVI,Organized_data_Nov_2020\PLOG5\B\nothing, 2020-09-06 06:49:34,FALSE,PLOG5,B,TRUE,FALSE,FALSE,nothing,false,,
River Logs,EK000056.AVI,Organized_data_Nov_2020\CLOG9\off_log\bird, 2020-09-06 08:22:24,FALSE,CLOG9,A,FALSE,FALSE,FALSE,bird,false,,
River Logs,RCNX0696.AVI,Organized_data_Nov_2020\PLOG5\B\on_log\tayra, 2020-09-06 10:01:14,FALSE,PLOG5,B,FALSE,FALSE,TRUE,tayra,true,,
River Logs,EK000057.AVI,Organized_data_Nov_2020\CLOG9\off_log\bird, 2020-09-06 14:19:18,FALSE,CLOG9,A,FALSE,FALSE,FALSE,bird,false,,
River Logs,EK000058.AVI,Organized_data_Nov_2020\CLOG9\off_log\bird, 2020-09-06 15:18:02,FALSE,CLOG9,A,FALSE,FALSE,FALSE,bird,false,,
River Logs,RCNX0700.AVI,Organized_data_Nov_2020\PLOG5\B\on_log\tamandua, 2020-09-06 17:34:10,FALSE,PLOG5,B,FALSE,FALSE,TRUE,tamandua,true,,
River Logs,09070058.AVI,Organized_data_Nov_2020\CLOG1\nothing, 2020-09-07 03:32:04,FALSE,CLOG1,A,TRUE,FALSE,FALSE,nothing,false,,
River Logs,RCNX0704.AVI,Organized_data_Nov_2020\PLOG5\B\nothing, 2020-09-07 05:46:12,FALSE,PLOG5,B,TRUE,FALSE,FALSE,nothing,false,,
River Logs,09070317.AVI,Organized_data_Nov_2020\CLOG3\A\nothing, 2020-09-07 06:57:58,FALSE,CLOG3,A,TRUE,FALSE,FALSE,nothing,false,,
River Logs,EK000134.AVI,Organized_data_Nov_2020\PLOG2\A\on_log\agouti, 2020-09-07 09:12:38,FALSE,PLOG2,A,FALSE,FALSE,TRUE,agouti,true,,
River Logs,EK000135.AVI,Organized_data_Nov_2020\PLOG2\A\nothing, 2020-09-07 09:14:08,FALSE,PLOG2,A,TRUE,FALSE,FALSE,nothing,false,,
River Logs,EK000045.AVI,Organized_data_Nov_2020\CLOG4\on_log\coati, 2020-09-07 11:41:40,FALSE,CLOG4,A,FALSE,FALSE,TRUE,coati,true,,
River Logs,EK000046.AVI,Organized_data_Nov_2020\CLOG4\on_log\coati, 2020-09-07 11:43:54,FALSE,CLOG4,A,FALSE,FALSE,TRUE,coati,false,,
River Logs,EK000136.AVI,Organized_data_Nov_2020\PLOG2\A\nothing, 2020-09-07 13:08:28,FALSE,PLOG2,A,TRUE,FALSE,FALSE,nothing,false,,
River Logs,09070059.AVI,Organized_data_Nov_2020\CLOG1\on_log\lizard_uid, 2020-09-07 14:14:08,FALSE,CLOG1,A,FALSE,FALSE,TRUE,lizard_uid,false,,
River Logs,EK000047.AVI,Organized_data_Nov_2020\CLOG4\off_log\squirrel_monkey, 2020-09-07 14:56:14,FALSE,CLOG4,A,FALSE,FALSE,FALSE,squirrel_monkey,false,,
River Logs,EK000059.AVI,Organized_data_Nov_2020\CLOG9\on_log\ocelot, 2020-09-07 15:04:44,FALSE,CLOG9,A,FALSE,FALSE,TRUE,ocelot,true,,
River Logs,EK000060.AVI,Organized_data_Nov_2020\CLOG9\off_log\bird, 2020-09-07 16:09:30,FALSE,CLOG9,A,FALSE,FALSE,FALSE,bird,false,,
River Logs,EK000021.AVI,Organized_data_Nov_2020\PLOG7\B\on_log\puma, 2020-09-07 20:49:26,FALSE,PLOG7,B,FALSE,FALSE,TRUE,puma,true,,
River Logs,RCNX0708.AVI,Organized_data_Nov_2020\PLOG5\B\on_log\skunk_striped, 2020-09-07 21:29:38,FALSE,PLOG5,B,FALSE,FALSE,TRUE,skunk_striped,true,,
River Logs,RCNX0712.AVI,Organized_data_Nov_2020\PLOG5\B\on_log\opossum_common, 2020-09-07 22:00:54,FALSE,PLOG5,B,FALSE,FALSE,TRUE,opossum_common,true,,
River Logs,EK000048.AVI,Organized_data_Nov_2020\CLOG4\nothing, 2020-09-07 23:57:10,FALSE,CLOG4,A,TRUE,FALSE,FALSE,nothing,false,,
River Logs,09070060.AVI,Organized_data_Nov_2020\CLOG1\nothing, 2020-09-07 23:59:42,FALSE,CLOG1,A,TRUE,FALSE,FALSE,nothing,false,,
River Logs,RCNX0716.AVI,Organized_data_Nov_2020\PLOG5\B\on_log\opossum_common, 2020-09-08 01:33:12,FALSE,PLOG5,B,FALSE,FALSE,TRUE,opossum_common,true,,
River Logs,09080318.AVI,Organized_data_Nov_2020\CLOG3\A\nothing, 2020-09-08 02:26:40,FALSE,CLOG3,A,TRUE,FALSE,FALSE,nothing,false,,
River Logs,09080319.AVI,Organized_data_Nov_2020\CLOG3\A\nothing, 2020-09-08 02:31:46,FALSE,CLOG3,A,TRUE,FALSE,FALSE,nothing,false,,
River Logs,09080320.AVI,Organized_data_Nov_2020\CLOG3\A\nothing, 2020-09-08 02:32:50,FALSE,CLOG3,A,TRUE,FALSE,FALSE,nothing,false,,
River Logs,09080321.AVI,Organized_data_Nov_2020\CLOG3\A\nothing, 2020-09-08 02:45:14,FALSE,CLOG3,A,TRUE,FALSE,FALSE,nothing,false,,
River Logs,RCNX0720.AVI,Organized_data_Nov_2020\PLOG5\B\nothing, 2020-09-08 03:02:44,FALSE,PLOG5,B,TRUE,FALSE,FALSE,nothing,false,,
River Logs,RCNX0724.AVI,Organized_data_Nov_2020\PLOG5\B\nothing, 2020-09-08 04:10:02,FALSE,PLOG5,B,TRUE,FALSE,FALSE,nothing,false,,
River Logs,09080061.AVI,Organized_data_Nov_2020\CLOG1\nothing, 2020-09-08 04:29:36,FALSE,CLOG1,A,TRUE,FALSE,FALSE,nothing,false,,
River Logs,09080062.AVI,Organized_data_Nov_2020\CLOG1\nothing, 2020-09-08 06:58:54,FALSE,CLOG1,A,TRUE,FALSE,FALSE,nothing,false,,
River Logs,EK000061.AVI,Organized_data_Nov_2020\CLOG9\off_log\bird, 2020-09-08 07:48:36,FALSE,CLOG9,A,FALSE,FALSE,FALSE,bird,false,,
River Logs,EK000062.AVI,Organized_data_Nov_2020\CLOG9\nothing, 2020-09-08 12:08:56,FALSE,CLOG9,A,TRUE,FALSE,FALSE,nothing,false,,
River Logs,09080063.AVI,Organized_data_Nov_2020\CLOG1\nothing, 2020-09-08 20:37:10,FALSE,CLOG1,A,TRUE,FALSE,FALSE,nothing,false,,
River Logs,09080322.AVI,Organized_data_Nov_2020\CLOG3\A\nothing, 2020-09-08 23:31:16,FALSE,CLOG3,A,TRUE,FALSE,FALSE,nothing,false,,
River Logs,EK000137.AVI,Organized_data_Nov_2020\PLOG2\A\on_log\ocelot, 2020-09-08 23:36:00,FALSE,PLOG2,A,FALSE,FALSE,TRUE,ocelot,true,,
River Logs,RCNX0728.AVI,Organized_data_Nov_2020\PLOG5\B\nothing, 2020-09-08 23:59:50,FALSE,PLOG5,B,TRUE,FALSE,FALSE,nothing,false,,
River Logs,RCNX0732.AVI,Organized_data_Nov_2020\PLOG5\B\nothing, 2020-09-09 01:59:04,FALSE,PLOG5,B,TRUE,FALSE,FALSE,nothing,false,,
River Logs,09090323.AVI,Organized_data_Nov_2020\CLOG3\A\on_log\iguana_green, 2020-09-09 03:28:44,FALSE,CLOG3,A,FALSE,FALSE,TRUE,iguana_green,false,,
River Logs,09090324.AVI,Organized_data_Nov_2020\CLOG3\A\nothing, 2020-09-09 05:34:10,FALSE,CLOG3,A,TRUE,FALSE,FALSE,nothing,false,,
River Logs,RCNX0736.AVI,Organized_data_Nov_2020\PLOG5\B\on_log\skunk_striped, 2020-09-09 05:50:28,FALSE,PLOG5,B,FALSE,FALSE,TRUE,skunk_striped,true,,
River Logs,09090325.AVI,Organized_data_Nov_2020\CLOG3\A\nothing, 2020-09-09 06:15:26,FALSE,CLOG3,A,TRUE,FALSE,FALSE,nothing,false,,
River Logs,EK000063.AVI,Organized_data_Nov_2020\CLOG9\nothing, 2020-09-09 10:22:44,FALSE,CLOG9,A,TRUE,FALSE,FALSE,nothing,false,,
River Logs,09090064.AVI,Organized_data_Nov_2020\CLOG1\nothing, 2020-09-09 20:32:44,FALSE,CLOG1,A,TRUE,FALSE,FALSE,nothing,false,,
River Logs,09090065.AVI,Organized_data_Nov_2020\CLOG1\nothing, 2020-09-09 20:59:48,FALSE,CLOG1,A,TRUE,FALSE,FALSE,nothing,false,,
River Logs,EK000049 (2).AVI,Organized_data_Nov_2020\CLOG4\nothing, 2020-09-09 22:32:58,FALSE,CLOG4,A,TRUE,FALSE,FALSE,nothing,false,,
River Logs,RCNX0740.AVI,Organized_data_Nov_2020\PLOG5\B\on_log\tamandua, 2020-09-10 05:05:40,FALSE,PLOG5,B,FALSE,FALSE,TRUE,tamandua,true,,
River Logs,RCNX0744.AVI,Organized_data_Nov_2020\PLOG5\B\on_log\ocelot, 2020-09-10 05:34:42,FALSE,PLOG5,B,FALSE,FALSE,TRUE,ocelot,true,,
River Logs,RCNX0748.AVI,Organized_data_Nov_2020\PLOG5\B\on_log\tamandua, 2020-09-10 06:09:08,FALSE,PLOG5,B,FALSE,FALSE,TRUE,tamandua,true,,
River Logs,RCNX0752.AVI,Organized_data_Nov_2020\PLOG5\B\on_log\tamandua, 2020-09-10 08:18:28,FALSE,PLOG5,B,FALSE,FALSE,TRUE,tamandua,true,,
River Logs,EK000138.AVI,Organized_data_Nov_2020\PLOG2\A\on_log\curassow_great, 2020-09-10 10:06:34,FALSE,PLOG2,A,FALSE,FALSE,TRUE,curassow_great,true,,
River Logs,09100066.AVI,Organized_data_Nov_2020\CLOG1\nothing, 2020-09-10 13:18:52,FALSE,CLOG1,A,TRUE,FALSE,FALSE,nothing,false,,
River Logs,EK000064.AVI,Organized_data_Nov_2020\CLOG9\nothing, 2020-09-10 13:39:40,FALSE,CLOG9,A,TRUE,FALSE,FALSE,nothing,false,,
River Logs,RCNX0756.AVI,Organized_data_Nov_2020\PLOG5\B\nothing, 2020-09-10 14:21:52,FALSE,PLOG5,B,TRUE,FALSE,FALSE,nothing,false,,
River Logs,EK000139.AVI,Organized_data_Nov_2020\PLOG2\A\on_log\curassow_great, 2020-09-10 14:22:28,FALSE,PLOG2,A,FALSE,FALSE,TRUE,curassow_great,false,,
River Logs,09100054.MP4,Organized_data_Nov_2020\CLOG10\on_log\tayra, 2020-09-10 15:10:20,FALSE,CLOG10,A,FALSE,FALSE,TRUE,tayra,false,,
River Logs,EK000065.AVI,Organized_data_Nov_2020\CLOG9\off_log\bird, 2020-09-10 15:21:24,FALSE,CLOG9,A,FALSE,FALSE,FALSE,bird,false,,
River Logs,09100055.MP4,Organized_data_Nov_2020\CLOG10\on_log\curassow_great, 2020-09-10 18:54:06,FALSE,CLOG10,A,FALSE,FALSE,TRUE,curassow_great,false,,
River Logs,09100067.AVI,Organized_data_Nov_2020\CLOG1\nothing, 2020-09-10 21:06:16,FALSE,CLOG1,A,TRUE,FALSE,FALSE,nothing,false,,
River Logs,RCNX0760.AVI,Organized_data_Nov_2020\PLOG5\B\nothing, 2020-09-10 23:19:58,FALSE,PLOG5,B,TRUE,FALSE,FALSE,nothing,false,,
River Logs,09100068.AVI,Organized_data_Nov_2020\CLOG1\nothing, 2020-09-11 00:55:36,FALSE,CLOG1,A,TRUE,FALSE,FALSE,nothing,false,,
River Logs,09100069.AVI,Organized_data_Nov_2020\CLOG1\nothing, 2020-09-11 01:10:18,FALSE,CLOG1,A,TRUE,FALSE,FALSE,nothing,false,,
River Logs,09110326.AVI,Organized_data_Nov_2020\CLOG3\A\nothing, 2020-09-11 02:17:18,FALSE,CLOG3,A,TRUE,FALSE,FALSE,nothing,false,,
River Logs,09110327.AVI,Organized_data_Nov_2020\CLOG3\A\nothing, 2020-09-11 02:58:38,FALSE,CLOG3,A,TRUE,FALSE,FALSE,nothing,false,,
River Logs,09110328.AVI,Organized_data_Nov_2020\CLOG3\A\nothing, 2020-09-11 03:01:40,FALSE,CLOG3,A,TRUE,FALSE,FALSE,nothing,false,,
River Logs,EK000066.AVI,Organized_data_Nov_2020\CLOG9\nothing, 2020-09-11 07:38:42,FALSE,CLOG9,A,TRUE,FALSE,FALSE,nothing,false,,
River Logs,EK000067.AVI,Organized_data_Nov_2020\CLOG9\nothing, 2020-09-11 07:43:02,FALSE,CLOG9,A,TRUE,FALSE,FALSE,nothing,false,,
River Logs,EK000068.AVI,Organized_data_Nov_2020\CLOG9\nothing, 2020-09-11 13:47:06,FALSE,CLOG9,A,TRUE,FALSE,FALSE,nothing,false,,
River Logs,09110070.AVI,Organized_data_Nov_2020\CLOG1\nothing, 2020-09-11 19:59:02,FALSE,CLOG1,A,TRUE,FALSE,FALSE,nothing,false,,
River Logs,EK000050.AVI,Organized_data_Nov_2020\CLOG4\on_log\rodent, 2020-09-11 22:57:04,FALSE,CLOG4,A,FALSE,FALSE,TRUE,opossum_foureyed,false,,
River Logs,EK000051.AVI,Organized_data_Nov_2020\CLOG4\on_log\rodent, 2020-09-11 23:55:20,FALSE,CLOG4,A,FALSE,FALSE,TRUE,uid,true,,
River Logs,EK000052.AVI,Organized_data_Nov_2020\CLOG4\on_log\ocelot, 2020-09-12 00:44:08,FALSE,CLOG4,A,FALSE,FALSE,TRUE,ocelot,true,,
River Logs,09120056.MP4,Organized_data_Nov_2020\CLOG10\on_log\tamandua, 2020-09-12 05:28:44,FALSE,CLOG10,A,FALSE,FALSE,TRUE,tamandua,true,,
River Logs,EK000140.AVI,Organized_data_Nov_2020\PLOG2\A\on_log\curassow_great, 2020-09-12 17:46:24,FALSE,PLOG2,A,FALSE,FALSE,TRUE,curassow_great,true,,
River Logs,EK000069.AVI,Organized_data_Nov_2020\CLOG9\nothing, 2020-09-12 19:34:46,FALSE,CLOG9,A,TRUE,FALSE,FALSE,nothing,false,,
River Logs,09120071.AVI,Organized_data_Nov_2020\CLOG1\nothing, 2020-09-12 20:06:16,FALSE,CLOG1,A,TRUE,FALSE,FALSE,nothing,false,,
River Logs,09120072.AVI,Organized_data_Nov_2020\CLOG1\nothing, 2020-09-12 20:18:24,FALSE,CLOG1,A,TRUE,FALSE,FALSE,nothing,false,,
River Logs,RCNX0764.AVI,Organized_data_Nov_2020\PLOG5\B\nothing, 2020-09-12 20:28:42,FALSE,PLOG5,B,TRUE,FALSE,FALSE,nothing,false,,
River Logs,09120073.AVI,Organized_data_Nov_2020\CLOG1\people, 2020-09-12 20:56:10,FALSE,CLOG1,A,FALSE,FALSE,FALSE,people,false,,
River Logs,EK000141.AVI,Organized_data_Nov_2020\PLOG2\A\on_log\tamandua, 2020-09-12 22:19:16,FALSE,PLOG2,A,FALSE,FALSE,TRUE,tamandua,true,,
River Logs,RCNX0768.AVI,Organized_data_Nov_2020\PLOG5\B\nothing, 2020-09-12 22:27:22,FALSE,PLOG5,B,TRUE,FALSE,FALSE,nothing,false,,
River Logs,09120074.AVI,Organized_data_Nov_2020\CLOG1\nothing, 2020-09-12 23:36:44,FALSE,CLOG1,A,TRUE,FALSE,FALSE,nothing,false,,
River Logs,09120329.AVI,Organized_data_Nov_2020\CLOG3\A\on_log\iguana_green, 2020-09-13 00:15:54,FALSE,CLOG3,A,FALSE,FALSE,TRUE,iguana_green,false,,
River Logs,09120330.AVI,Organized_data_Nov_2020\CLOG3\A\on_log\lizard_uid, 2020-09-13 00:28:20,FALSE,CLOG3,A,FALSE,FALSE,TRUE,lizard_uid,false,,
River Logs,09120331.AVI,Organized_data_Nov_2020\CLOG3\A\on_log\lizard_uid, 2020-09-13 00:42:10,FALSE,CLOG3,A,FALSE,FALSE,TRUE,lizard_uid,false,,
River Logs,09120332.AVI,Organized_data_Nov_2020\CLOG3\A\on_log\iguana_green, 2020-09-13 00:58:32,FALSE,CLOG3,A,FALSE,FALSE,TRUE,iguana_green,false,,
River Logs,09120075.AVI,Organized_data_Nov_2020\CLOG1\nothing, 2020-09-13 01:14:58,FALSE,CLOG1,A,TRUE,FALSE,FALSE,uid,false,,
River Logs,EK000053.AVI,Organized_data_Nov_2020\CLOG4\on_log\rodent, 2020-09-13 03:38:54,FALSE,CLOG4,A,FALSE,FALSE,TRUE,rodent,true,,
River Logs,RCNX0772.AVI,Organized_data_Nov_2020\PLOG5\B\nothing, 2020-09-13 13:16:12,FALSE,PLOG5,B,TRUE,FALSE,FALSE,nothing,false,,
River Logs,RCNX0776.AVI,Organized_data_Nov_2020\PLOG5\B\nothing, 2020-09-13 13:50:46,FALSE,PLOG5,B,TRUE,FALSE,FALSE,nothing,false,,
River Logs,RCNX0780.AVI,Organized_data_Nov_2020\PLOG5\B\nothing, 2020-09-13 14:05:40,FALSE,PLOG5,B,TRUE,FALSE,FALSE,nothing,false,,
River Logs,EK000142 (2).AVI,Organized_data_Nov_2020\PLOG2\A\nothing, 2020-09-13 14:10:18,FALSE,PLOG2,A,TRUE,FALSE,FALSE,nothing,false,,
River Logs,RCNX0784.AVI,Organized_data_Nov_2020\PLOG5\B\nothing, 2020-09-13 14:28:24,FALSE,PLOG5,B,TRUE,FALSE,FALSE,nothing,false,,
River Logs,RCNX0788.AVI,Organized_data_Nov_2020\PLOG5\B\nothing, 2020-09-13 18:32:14,FALSE,PLOG5,B,TRUE,FALSE,FALSE,nothing,false,,
River Logs,09130076.AVI,Organized_data_Nov_2020\CLOG1\nothing, 2020-09-13 19:54:44,FALSE,CLOG1,A,TRUE,FALSE,FALSE,nothing,false,,
River Logs,EK000143.AVI,Organized_data_Nov_2020\PLOG2\A\on_log\ocelot, 2020-09-13 21:57:16,FALSE,PLOG2,A,FALSE,FALSE,TRUE,ocelot,true,,
River Logs,EK000054.AVI,Organized_data_Nov_2020\CLOG4\on_log\tamandua, 2020-09-13 23:41:40,FALSE,CLOG4,A,FALSE,FALSE,TRUE,tamandua,true,,
River Logs,09130333.AVI,Organized_data_Nov_2020\CLOG3\A\on_log\lizard_uid, 2020-09-14 00:30:18,FALSE,CLOG3,A,FALSE,FALSE,TRUE,lizard_uid,false,,
River Logs,09130334.AVI,Organized_data_Nov_2020\CLOG3\A\nothing, 2020-09-14 01:44:44,FALSE,CLOG3,A,TRUE,FALSE,FALSE,nothing,false,,
River Logs,09140335.AVI,Organized_data_Nov_2020\CLOG3\A\nothing, 2020-09-14 02:32:52,FALSE,CLOG3,A,TRUE,FALSE,FALSE,nothing,false,,
River Logs,09140336.AVI,Organized_data_Nov_2020\CLOG3\A\on_log\iguana_green, 2020-09-14 03:08:00,FALSE,CLOG3,A,FALSE,FALSE,TRUE,iguana_green,false,,
River Logs,09140337.AVI,Organized_data_Nov_2020\CLOG3\A\nothing, 2020-09-14 04:03:44,FALSE,CLOG3,A,TRUE,FALSE,FALSE,nothing,false,,
River Logs,RCNX0792.AVI,Organized_data_Nov_2020\PLOG5\B\on_log\tamandua, 2020-09-14 08:45:48,FALSE,PLOG5,B,FALSE,FALSE,TRUE,tamandua,true,,
River Logs,RCNX0796.AVI,Organized_data_Nov_2020\PLOG5\B\nothing, 2020-09-14 11:49:10,FALSE,PLOG5,B,TRUE,FALSE,FALSE,nothing,false,,
River Logs,RCNX0800.AVI,Organized_data_Nov_2020\PLOG5\B\on_log\iguana_green, 2020-09-14 13:38:32,FALSE,PLOG5,B,FALSE,FALSE,TRUE,iguana_green,false,,
River Logs,EK000070.AVI,Organized_data_Nov_2020\CLOG9\nothing, 2020-09-14 14:29:24,FALSE,CLOG9,A,TRUE,FALSE,FALSE,nothing,false,,
River Logs,09140057.MP4,Organized_data_Nov_2020\CLOG10\on_log\curassow_great, 2020-09-14 18:50:04,FALSE,CLOG10,A,FALSE,FALSE,TRUE,curassow_great,true,,
River Logs,09140058.MP4,Organized_data_Nov_2020\CLOG10\off_log\curassow_great, 2020-09-14 18:51:14,FALSE,CLOG10,A,FALSE,FALSE,FALSE,curassow_great,false,,
River Logs,EK000144.AVI,Organized_data_Nov_2020\PLOG2\A\on_log\paca, 2020-09-15 01:22:32,FALSE,PLOG2,A,FALSE,FALSE,TRUE,paca,false,,
River Logs,EK000145 (2).AVI,Organized_data_Nov_2020\PLOG2\A\nothing, 2020-09-15 04:14:14,FALSE,PLOG2,A,TRUE,FALSE,FALSE,nothing,false,,
River Logs,EK000146.AVI,Organized_data_Nov_2020\PLOG2\A\on_log\ocelot, 2020-09-15 04:15:46,FALSE,PLOG2,A,FALSE,FALSE,TRUE,ocelot,true,,
River Logs,09150338.AVI,Organized_data_Nov_2020\CLOG3\A\nothing, 2020-09-15 06:10:24,FALSE,CLOG3,A,TRUE,FALSE,FALSE,nothing,false,,
River Logs,EK000147.AVI,Organized_data_Nov_2020\PLOG2\A\on_log\curassow_great, 2020-09-15 13:52:54,FALSE,PLOG2,A,FALSE,FALSE,TRUE,curassow_great,true,,
River Logs,RCNX0804.AVI,Organized_data_Nov_2020\PLOG5\B\nothing, 2020-09-15 14:51:58,FALSE,PLOG5,B,TRUE,FALSE,FALSE,nothing,false,,
River Logs,RCNX0808.AVI,Organized_data_Nov_2020\PLOG5\B\nothing, 2020-09-15 14:57:58,FALSE,PLOG5,B,TRUE,FALSE,FALSE,nothing,false,,
River Logs,09150059.MP4,Organized_data_Nov_2020\CLOG10\off_log\coati, 2020-09-15 15:08:20,FALSE,CLOG10,A,FALSE,FALSE,FALSE,coati,false,,
River Logs,RCNX0812.AVI,Organized_data_Nov_2020\PLOG5\B\nothing, 2020-09-15 22:58:56,FALSE,PLOG5,B,TRUE,FALSE,FALSE,nothing,false,,
River Logs,09150077.AVI,Organized_data_Nov_2020\CLOG1\nothing, 2020-09-16 00:36:38,FALSE,CLOG1,A,TRUE,FALSE,FALSE,nothing,false,,
River Logs,EK000148.AVI,Organized_data_Nov_2020\PLOG2\A\on_log\raccoon, 2020-09-16 01:37:44,FALSE,PLOG2,A,FALSE,FALSE,TRUE,raccoon,true,,
River Logs,09160078.AVI,Organized_data_Nov_2020\CLOG1\nothing, 2020-09-16 04:16:18,FALSE,CLOG1,A,TRUE,FALSE,FALSE,nothing,false,,
River Logs,09160339.AVI,Organized_data_Nov_2020\CLOG3\A\nothing, 2020-09-16 05:35:44,FALSE,CLOG3,A,TRUE,FALSE,FALSE,nothing,false,,
River Logs,09160340.AVI,Organized_data_Nov_2020\CLOG3\A\nothing, 2020-09-16 05:51:00,FALSE,CLOG3,A,TRUE,FALSE,FALSE,nothing,false,,
River Logs,09160341.AVI,Organized_data_Nov_2020\CLOG3\A\nothing, 2020-09-16 05:57:26,FALSE,CLOG3,A,TRUE,FALSE,FALSE,nothing,false,,
River Logs,09160342.AVI,Organized_data_Nov_2020\CLOG3\A\nothing, 2020-09-16 06:06:02,FALSE,CLOG3,A,TRUE,FALSE,FALSE,nothing,false,,
River Logs,EK000022 (2).AVI,Organized_data_Nov_2020\PLOG7\B\nothing, 2020-09-16 08:02:42,FALSE,PLOG7,B,TRUE,FALSE,FALSE,nothing,false,,
River Logs,EK000071.AVI,Organized_data_Nov_2020\CLOG9\nothing, 2020-09-16 09:31:20,FALSE,CLOG9,A,TRUE,FALSE,FALSE,nothing,false,,
River Logs,EK000149.AVI,Organized_data_Nov_2020\PLOG2\A\on_log\tayra, 2020-09-16 15:51:34,FALSE,PLOG2,A,FALSE,FALSE,TRUE,tayra,true,,
River Logs,EK000150.AVI,Organized_data_Nov_2020\PLOG2\A\on_log\tayra, 2020-09-16 16:29:06,FALSE,PLOG2,A,FALSE,FALSE,TRUE,tayra,false,,
River Logs,RCNX0816.AVI,Organized_data_Nov_2020\PLOG5\B\on_log\tamandua, 2020-09-16 21:52:26,FALSE,PLOG5,B,FALSE,FALSE,TRUE,tamandua,false,foraging,
River Logs,RCNX0820.AVI,Organized_data_Nov_2020\PLOG5\B\nothing, 2020-09-17 14:21:52,FALSE,PLOG5,B,TRUE,FALSE,FALSE,nothing,false,,
River Logs,RCNX0824.AVI,Organized_data_Nov_2020\PLOG5\B\on_log\curassow_great, 2020-09-17 18:38:14,FALSE,PLOG5,B,FALSE,FALSE,TRUE,curassow_great,true,,
River Logs,09170079.AVI,Organized_data_Nov_2020\CLOG1\nothing, 2020-09-17 20:13:16,FALSE,CLOG1,A,TRUE,FALSE,FALSE,nothing,false,,
River Logs,09170080.AVI,Organized_data_Nov_2020\CLOG1\nothing, 2020-09-18 01:49:16,FALSE,CLOG1,A,TRUE,FALSE,FALSE,nothing,false,,
River Logs,EK000151.AVI,Organized_data_Nov_2020\PLOG2\A\on_log\ocelot, 2020-09-18 03:25:48,FALSE,PLOG2,A,FALSE,FALSE,TRUE,ocelot,true,,
River Logs,09180081.AVI,Organized_data_Nov_2020\CLOG1\nothing, 2020-09-18 05:06:12,FALSE,CLOG1,A,TRUE,FALSE,FALSE,nothing,false,,
River Logs,09180343.AVI,Organized_data_Nov_2020\CLOG3\A\nothing, 2020-09-18 06:55:00,FALSE,CLOG3,A,TRUE,FALSE,FALSE,nothing,false,,
River Logs,09180344.AVI,Organized_data_Nov_2020\CLOG3\A\on_log\iguana_green, 2020-09-18 07:09:42,FALSE,CLOG3,A,FALSE,FALSE,TRUE,iguana_green,false,,
River Logs,EK000152 (2).AVI,Organized_data_Nov_2020\PLOG2\A\nothing, 2020-09-18 09:38:34,FALSE,PLOG2,A,TRUE,FALSE,FALSE,nothing,false,,
River Logs,EK000153.AVI,Organized_data_Nov_2020\PLOG2\A\on_log\ocelot, 2020-09-18 09:39:28,FALSE,PLOG2,A,FALSE,FALSE,TRUE,ocelot,true,,
River Logs,EK000154.AVI,Organized_data_Nov_2020\PLOG2\A\on_log\ocelot, 2020-09-18 09:49:14,FALSE,PLOG2,A,FALSE,FALSE,TRUE,ocelot,true,,
River Logs,EK000155.AVI,Organized_data_Nov_2020\PLOG2\A\on_log\ocelot, 2020-09-18 09:50:00,FALSE,PLOG2,A,FALSE,FALSE,TRUE,ocelot,true,,
River Logs,09180082.AVI,Organized_data_Nov_2020\CLOG1\nothing, 2020-09-18 10:22:04,FALSE,CLOG1,A,TRUE,FALSE,FALSE,nothing,false,,
River Logs,09180083.AVI,Organized_data_Nov_2020\CLOG1\nothing, 2020-09-18 10:40:30,FALSE,CLOG1,A,TRUE,FALSE,FALSE,nothing,false,,
River Logs,09180084.AVI,Organized_data_Nov_2020\CLOG1\people, 2020-09-18 11:07:32,FALSE,CLOG1,A,FALSE,FALSE,FALSE,people,true,,
River Logs,EK000056.AVI,Organized_data_Nov_2020\CLOG4\nothing, 2020-09-18 11:10:48,FALSE,CLOG4,A,TRUE,FALSE,FALSE,nothing,false,,
River Logs,RCNX0828.AVI,Organized_data_Nov_2020\PLOG5\B\nothing, 2020-09-18 14:34:36,FALSE,PLOG5,B,TRUE,FALSE,FALSE,nothing,false,,
River Logs,EK000023.AVI,Organized_data_Nov_2020\PLOG7\B\on_log\coati, 2020-09-18 16:27:42,FALSE,PLOG7,B,FALSE,FALSE,TRUE,coati,true,,
River Logs,EK000024.AVI,Organized_data_Nov_2020\PLOG7\B\on_log\coati, 2020-09-18 16:28:26,FALSE,PLOG7,B,FALSE,FALSE,TRUE,coati,true,,
River Logs,EK000156.AVI,Organized_data_Nov_2020\PLOG2\A\on_log\ocelot, 2020-09-18 16:48:04,FALSE,PLOG2,A,FALSE,FALSE,TRUE,ocelot,true,,
River Logs,09180060.MP4,Organized_data_Nov_2020\CLOG10\on_log\tayra, 2020-09-18 18:19:58,FALSE,CLOG10,A,FALSE,FALSE,TRUE,tayra,true,,
River Logs,09180061.MP4,Organized_data_Nov_2020\CLOG10\on_log\tayra, 2020-09-18 18:20:52,FALSE,CLOG10,A,FALSE,FALSE,TRUE,tayra,true,,
River Logs,EK000157.AVI,Organized_data_Nov_2020\PLOG2\A\on_log\coati, 2020-09-18 18:25:24,FALSE,PLOG2,A,FALSE,FALSE,TRUE,coati,false,,
River Logs,EK000158.AVI,Organized_data_Nov_2020\PLOG2\A\nothing, 2020-09-19 00:42:48,FALSE,PLOG2,A,TRUE,FALSE,FALSE,nothing,false,,
River Logs,EK000159.AVI,Organized_data_Nov_2020\PLOG2\A\nothing, 2020-09-19 04:25:24,FALSE,PLOG2,A,TRUE,FALSE,FALSE,nothing,false,,
River Logs,EK000057.AVI,Organized_data_Nov_2020\CLOG4\on_log\ocelot, 2020-09-19 04:56:18,FALSE,CLOG4,A,FALSE,FALSE,TRUE,ocelot,true,,
River Logs,RCNX0832.AVI,Organized_data_Nov_2020\PLOG5\B\nothing, 2020-09-19 05:45:28,FALSE,PLOG5,B,TRUE,FALSE,FALSE,nothing,false,,
River Logs,RCNX0836.AVI,Organized_data_Nov_2020\PLOG5\B\on_log\skunk_striped, 2020-09-19 06:03:58,FALSE,PLOG5,B,FALSE,FALSE,TRUE,skunk_striped,true,,
River Logs,EK000160.AVI,Organized_data_Nov_2020\PLOG2\A\on_log\skunk_striped, 2020-09-19 06:06:34,FALSE,PLOG2,A,FALSE,FALSE,TRUE,skunk_striped,true,,
River Logs,EK000161.AVI,Organized_data_Nov_2020\PLOG2\A\on_log\skunk_striped, 2020-09-19 06:13:20,FALSE,PLOG2,A,FALSE,FALSE,TRUE,skunk_striped,true,,
River Logs,EK000162.AVI,Organized_data_Nov_2020\PLOG2\A\on_log\coati, 2020-09-19 08:03:34,FALSE,PLOG2,A,FALSE,FALSE,TRUE,coati,true,,
River Logs,09190035.MP4,Organized_data_Nov_2020\CLOG8\A\nothing, 2020-09-19 13:02:24,FALSE,CLOG8,A,TRUE,FALSE,FALSE,nothing,false,,
River Logs,09190062.MP4,Organized_data_Nov_2020\CLOG10\nothing, 2020-09-19 13:16:38,FALSE,CLOG10,A,TRUE,FALSE,FALSE,nothing,false,,
River Logs,09190036.MP4,Organized_data_Nov_2020\CLOG8\A\nothing, 2020-09-19 13:17:22,FALSE,CLOG8,A,TRUE,FALSE,FALSE,nothing,false,,
River Logs,09190037.MP4,Organized_data_Nov_2020\CLOG8\A\nothing, 2020-09-19 13:20:44,FALSE,CLOG8,A,TRUE,FALSE,FALSE,nothing,false,,
River Logs,09190038.MP4,Organized_data_Nov_2020\CLOG8\A\nothing, 2020-09-19 13:25:22,FALSE,CLOG8,A,TRUE,FALSE,FALSE,nothing,false,,
River Logs,EK000072.AVI,Organized_data_Nov_2020\CLOG9\off_log\peccary_collared, 2020-09-19 13:54:20,FALSE,CLOG9,A,FALSE,FALSE,FALSE,peccary_collared,false,,
River Logs,EK000025.AVI,Organized_data_Nov_2020\PLOG7\B\on_log\puma, 2020-09-19 16:21:18,FALSE,PLOG7,B,FALSE,FALSE,TRUE,puma,true,,
River Logs,EK000073.AVI,Organized_data_Nov_2020\CLOG9\off_log\peccary_collared, 2020-09-19 17:54:32,FALSE,CLOG9,A,FALSE,FALSE,FALSE,peccary_collared,false,,
River Logs,EK000074.AVI,Organized_data_Nov_2020\CLOG9\off_log\peccary_collared, 2020-09-19 17:58:34,FALSE,CLOG9,A,FALSE,FALSE,FALSE,peccary_collared,false,,
River Logs,09190345.AVI,Organized_data_Nov_2020\CLOG3\A\nothing, 2020-09-19 18:21:50,FALSE,CLOG3,A,TRUE,FALSE,FALSE,nothing,false,,
River Logs,09190063.MP4,Organized_data_Nov_2020\CLOG10\on_log\tayra, 2020-09-19 18:53:44,FALSE,CLOG10,A,FALSE,FALSE,TRUE,tayra,true,,
River Logs,09190064.MP4,Organized_data_Nov_2020\CLOG10\on_log\tayra, 2020-09-19 18:55:06,FALSE,CLOG10,A,FALSE,FALSE,TRUE,tayra,true,,
River Logs,09200065.MP4,Organized_data_Nov_2020\CLOG10\on_log\tayra, 2020-09-20 03:09:34,FALSE,CLOG10,A,FALSE,FALSE,TRUE,tayra,true,,
River Logs,09200066.MP4,Organized_data_Nov_2020\CLOG10\on_log\tayra, 2020-09-20 08:40:04,FALSE,CLOG10,A,FALSE,FALSE,TRUE,tayra,true,,
River Logs,EK000058.AVI,Organized_data_Nov_2020\CLOG4\on_log\squirrel_uid, 2020-09-20 08:48:54,FALSE,CLOG4,A,FALSE,FALSE,TRUE,squirrel_uid,false,,
River Logs,RCNX0840.AVI,Organized_data_Nov_2020\PLOG5\B\nothing, 2020-09-20 09:02:02,FALSE,PLOG5,B,TRUE,FALSE,FALSE,nothing,false,,
River Logs,EK000059.AVI,Organized_data_Nov_2020\CLOG4\on_log\squirrel_uid, 2020-09-20 09:24:50,FALSE,CLOG4,A,FALSE,FALSE,TRUE,squirrel_uid,false,,
River Logs,09200067.MP4,Organized_data_Nov_2020\CLOG10\on_log\coati, 2020-09-20 19:25:58,FALSE,CLOG10,A,FALSE,FALSE,TRUE,coati,true,,
River Logs,RCNX0844.AVI,Organized_data_Nov_2020\PLOG5\B\on_log\skunk_striped, 2020-09-20 20:45:30,FALSE,PLOG5,B,FALSE,FALSE,TRUE,skunk_striped,true,,
River Logs,RCNX0848.AVI,Organized_data_Nov_2020\PLOG5\B\nothing, 2020-09-20 20:52:06,FALSE,PLOG5,B,TRUE,FALSE,FALSE,nothing,false,,
River Logs,09200085.AVI,Organized_data_Nov_2020\CLOG1\nothing, 2020-09-20 22:57:46,FALSE,CLOG1,A,TRUE,FALSE,FALSE,nothing,false,,
River Logs,RCNX0852.AVI,Organized_data_Nov_2020\PLOG5\B\on_log\tamandua, 2020-09-21 01:17:28,FALSE,PLOG5,B,FALSE,FALSE,TRUE,tamandua,false,foraging,
River Logs,RCNX0856.AVI,Organized_data_Nov_2020\PLOG5\B\on_log\tamandua, 2020-09-21 01:18:46,FALSE,PLOG5,B,FALSE,FALSE,TRUE,tamandua,true,,
River Logs,09210086.AVI,Organized_data_Nov_2020\CLOG1\nothing, 2020-09-21 04:27:06,FALSE,CLOG1,A,TRUE,FALSE,FALSE,nothing,false,,
River Logs,09210346.AVI,Organized_data_Nov_2020\CLOG3\A\nothing, 2020-09-21 04:36:24,FALSE,CLOG3,A,TRUE,FALSE,FALSE,nothing,false,,
River Logs,09210347.AVI,Organized_data_Nov_2020\CLOG3\A\on_log\lizard_uid, 2020-09-21 04:44:58,FALSE,CLOG3,A,FALSE,FALSE,TRUE,lizard_uid,false,,
River Logs,EK000163.AVI,Organized_data_Nov_2020\PLOG2\A\on_log\tamandua, 2020-09-21 05:00:28,FALSE,PLOG2,A,FALSE,FALSE,TRUE,tamandua,true,,
River Logs,09210087.AVI,Organized_data_Nov_2020\CLOG1\nothing, 2020-09-21 05:04:26,FALSE,CLOG1,A,TRUE,FALSE,FALSE,nothing,false,,
River Logs,09210348.AVI,Organized_data_Nov_2020\CLOG3\A\nothing, 2020-09-21 05:16:46,FALSE,CLOG3,A,TRUE,FALSE,FALSE,nothing,false,,
River Logs,EK000075.AVI,Organized_data_Nov_2020\CLOG9\nothing, 2020-09-21 07:44:52,FALSE,CLOG9,A,TRUE,FALSE,FALSE,nothing,false,,
River Logs,EK000026 (2).AVI,Organized_data_Nov_2020\PLOG7\B\nothing, 2020-09-21 10:42:32,FALSE,PLOG7,B,TRUE,FALSE,FALSE,nothing,false,,
River Logs,EK000060.AVI,Organized_data_Nov_2020\CLOG4\on_log\coati, 2020-09-21 16:03:30,FALSE,CLOG4,A,FALSE,FALSE,TRUE,coati,true,,
River Logs,EK000027.AVI,Organized_data_Nov_2020\PLOG7\B\on_log\curassow_great, 2020-09-21 18:30:28,FALSE,PLOG7,B,FALSE,FALSE,TRUE,curassow_great,true,,
River Logs,RCNX0860.AVI,Organized_data_Nov_2020\PLOG5\B\nothing, 2020-09-21 20:12:14,FALSE,PLOG5,B,TRUE,FALSE,FALSE,nothing,false,,
River Logs,EK000076.AVI,Organized_data_Nov_2020\CLOG9\on_log\ocelot, 2020-09-21 21:34:04,FALSE,CLOG9,A,FALSE,FALSE,TRUE,ocelot,true,,
River Logs,09210088.AVI,Organized_data_Nov_2020\CLOG1\nothing, 2020-09-21 23:52:16,FALSE,CLOG1,A,TRUE,FALSE,FALSE,nothing,false,,
River Logs,09210089.AVI,Organized_data_Nov_2020\CLOG1\nothing, 2020-09-21 23:59:06,FALSE,CLOG1,A,TRUE,FALSE,FALSE,nothing,false,,
River Logs,09220349.AVI,Organized_data_Nov_2020\CLOG3\A\on_log\iguana_green, 2020-09-22 04:07:06,FALSE,CLOG3,A,FALSE,FALSE,TRUE,iguana_green,false,,
River Logs,EK000164.AVI,Organized_data_Nov_2020\PLOG2\A\on_log\curassow_great, 2020-09-22 10:24:32,FALSE,PLOG2,A,FALSE,FALSE,TRUE,curassow_great,false,,
River Logs,EK000165.AVI,Organized_data_Nov_2020\PLOG2\A\on_log\curassow_great, 2020-09-22 10:25:18,FALSE,PLOG2,A,FALSE,FALSE,TRUE,curassow_great,false,,
River Logs,EK000077.AVI,Organized_data_Nov_2020\CLOG9\nothing, 2020-09-22 11:12:20,FALSE,CLOG9,A,TRUE,FALSE,FALSE,nothing,false,,
River Logs,EK000166 (2).AVI,Organized_data_Nov_2020\PLOG2\A\on_log\agouti, 2020-09-22 12:22:50,FALSE,PLOG2,A,FALSE,FALSE,TRUE,agouti,false,,
River Logs,EK000061.AVI,Organized_data_Nov_2020\CLOG4\on_log\coati, 2020-09-22 14:19:04,FALSE,CLOG4,A,FALSE,FALSE,TRUE,coati,true,,
River Logs,RCNX0864.AVI,Organized_data_Nov_2020\PLOG5\B\on_log\skunk_striped, 2020-09-22 21:14:10,FALSE,PLOG5,B,FALSE,FALSE,TRUE,skunk_striped,true,,
River Logs,EK000167 (2).AVI,Organized_data_Nov_2020\PLOG2\A\nothing, 2020-09-22 22:10:04,FALSE,PLOG2,A,TRUE,FALSE,FALSE,nothing,false,,
River Logs,EK000168.AVI,Organized_data_Nov_2020\PLOG2\A\on_log\skunk_striped, 2020-09-23 01:02:22,FALSE,PLOG2,A,FALSE,FALSE,TRUE,skunk_striped,true,,
River Logs,09220350.AVI,Organized_data_Nov_2020\CLOG3\A\on_log\lizard_uid, 2020-09-23 01:12:30,FALSE,CLOG3,A,FALSE,FALSE,TRUE,lizard_uid,false,,
River Logs,09220351.AVI,Organized_data_Nov_2020\CLOG3\A\on_log\lizard_uid, 2020-09-23 01:34:48,FALSE,CLOG3,A,FALSE,FALSE,TRUE,lizard_uid,false,,
River Logs,09220352.AVI,Organized_data_Nov_2020\CLOG3\A\nothing, 2020-09-23 01:43:04,FALSE,CLOG3,A,TRUE,FALSE,FALSE,nothing,false,,
River Logs,09230353.AVI,Organized_data_Nov_2020\CLOG3\A\nothing, 2020-09-23 03:03:26,FALSE,CLOG3,A,TRUE,FALSE,FALSE,nothing,false,,
River Logs,09230090.AVI,Organized_data_Nov_2020\CLOG1\nothing, 2020-09-23 04:01:00,FALSE,CLOG1,A,TRUE,FALSE,FALSE,nothing,false,,
River Logs,EK000062.AVI,Organized_data_Nov_2020\CLOG4\on_log\coati, 2020-09-23 11:20:34,FALSE,CLOG4,A,FALSE,FALSE,TRUE,coati,true,,
River Logs,EK000169.AVI,Organized_data_Nov_2020\PLOG2\A\setup, 2020-09-23 12:01:14,FALSE,PLOG2,A,FALSE,TRUE,FALSE,setup,false,,
River Logs,EK000170.AVI,Organized_data_Nov_2020\PLOG2\A\setup, 2020-09-23 12:01:58,FALSE,PLOG2,A,FALSE,TRUE,FALSE,setup,false,,
River Logs,EK000171.AVI,Organized_data_Nov_2020\PLOG2\A\setup, 2020-09-23 12:02:44,FALSE,PLOG2,A,FALSE,TRUE,FALSE,setup,false,,
River Logs,EK000172.AVI,Organized_data_Nov_2020\PLOG2\A\setup, 2020-09-23 12:03:28,FALSE,PLOG2,A,FALSE,TRUE,FALSE,setup,false,,
River Logs,EK000173.AVI,Organized_data_Nov_2020\PLOG2\A\setup, 2020-09-23 12:04:14,FALSE,PLOG2,A,FALSE,TRUE,FALSE,setup,false,,
River Logs,RCNX0868.AVI,Organized_data_Nov_2020\PLOG5\B\nothing, 2020-09-23 18:54:12,FALSE,PLOG5,B,TRUE,FALSE,FALSE,nothing,false,,
River Logs,RCNX0872.AVI,Organized_data_Nov_2020\PLOG5\B\on_log\ocelot, 2020-09-23 19:00:14,FALSE,PLOG5,B,FALSE,FALSE,TRUE,ocelot,true,,
River Logs,09240354.AVI,Organized_data_Nov_2020\CLOG3\A\nothing, 2020-09-24 05:53:12,FALSE,CLOG3,A,TRUE,FALSE,FALSE,nothing,false,,
River Logs,RCNX0876.AVI,Organized_data_Nov_2020\PLOG5\B\nothing, 2020-09-24 16:50:00,FALSE,PLOG5,B,TRUE,FALSE,FALSE,nothing,false,,
River Logs,09240091.AVI,Organized_data_Nov_2020\CLOG1\nothing, 2020-09-24 19:34:56,FALSE,CLOG1,A,TRUE,FALSE,FALSE,nothing,false,,
River Logs,RCNX0880.AVI,Organized_data_Nov_2020\PLOG5\B\on_log\opossum_common, 2020-09-24 20:20:26,FALSE,PLOG5,B,FALSE,FALSE,TRUE,opossum_common,true,,
River Logs,RCNX0884.AVI,Organized_data_Nov_2020\PLOG5\B\nothing, 2020-09-24 20:24:40,FALSE,PLOG5,B,TRUE,FALSE,FALSE,nothing,false,,
River Logs,RCNX0888.AVI,Organized_data_Nov_2020\PLOG5\B\nothing, 2020-09-24 23:38:58,FALSE,PLOG5,B,TRUE,FALSE,FALSE,nothing,false,,
River Logs,09240092.AVI,Organized_data_Nov_2020\CLOG1\nothing, 2020-09-25 00:54:44,FALSE,CLOG1,A,TRUE,FALSE,FALSE,nothing,false,,
River Logs,09250355.AVI,Organized_data_Nov_2020\CLOG3\A\nothing, 2020-09-25 02:13:38,FALSE,CLOG3,A,TRUE,FALSE,FALSE,nothing,false,,
River Logs,09250093.AVI,Organized_data_Nov_2020\CLOG1\nothing, 2020-09-25 02:40:24,FALSE,CLOG1,A,TRUE,FALSE,FALSE,nothing,false,,
River Logs,09250356.AVI,Organized_data_Nov_2020\CLOG3\A\nothing, 2020-09-25 05:10:10,FALSE,CLOG3,A,TRUE,FALSE,FALSE,nothing,false,,
River Logs,09250094.AVI,Organized_data_Nov_2020\CLOG1\nothing, 2020-09-25 05:48:38,FALSE,CLOG1,A,TRUE,FALSE,FALSE,nothing,false,,
River Logs,EK000063.AVI,Organized_data_Nov_2020\CLOG4\on_log\squirrel_uid, 2020-09-25 08:48:30,FALSE,CLOG4,A,FALSE,FALSE,TRUE,squirrel_uid,true,,
River Logs,09250095.AVI,Organized_data_Nov_2020\CLOG1\nothing, 2020-09-26 00:37:14,FALSE,CLOG1,A,TRUE,FALSE,FALSE,nothing,false,,
River Logs,09250096.AVI,Organized_data_Nov_2020\CLOG1\nothing, 2020-09-26 01:03:38,FALSE,CLOG1,A,TRUE,FALSE,FALSE,nothing,false,,
River Logs,09260097.AVI,Organized_data_Nov_2020\CLOG1\nothing, 2020-09-26 06:37:08,FALSE,CLOG1,A,TRUE,FALSE,FALSE,nothing,false,,
River Logs,09260098.AVI,Organized_data_Nov_2020\CLOG1\nothing, 2020-09-26 15:30:14,FALSE,CLOG1,A,TRUE,FALSE,FALSE,nothing,false,,
River Logs,09270099.AVI,Organized_data_Nov_2020\CLOG1\nothing, 2020-09-27 14:00:04,FALSE,CLOG1,A,TRUE,FALSE,FALSE,nothing,false,,
River Logs,EK000078.AVI,Organized_data_Nov_2020\CLOG9\on_log\coati, 2020-09-27 14:03:26,FALSE,CLOG9,A,FALSE,FALSE,TRUE,coati,true,,
River Logs,09270100.AVI,Organized_data_Nov_2020\CLOG1\nothing, 2020-09-27 14:58:24,FALSE,CLOG1,A,TRUE,FALSE,FALSE,nothing,false,,
River Logs,EK000028.AVI,Organized_data_Nov_2020\PLOG7\B\on_log\puma, 2020-09-27 20:00:26,FALSE,PLOG7,B,FALSE,FALSE,TRUE,puma,false,,
River Logs,EK000029.AVI,Organized_data_Nov_2020\PLOG7\B\on_log\puma, 2020-09-27 20:10:24,FALSE,PLOG7,B,FALSE,FALSE,TRUE,puma,true,,
River Logs,EK000030.AVI,Organized_data_Nov_2020\PLOG7\B\on_log\puma, 2020-09-27 22:30:38,FALSE,PLOG7,B,FALSE,FALSE,TRUE,puma,true,,
River Logs,EK000031.AVI,Organized_data_Nov_2020\PLOG7\B\on_log\ocelot, 2020-09-27 23:14:56,FALSE,PLOG7,B,FALSE,FALSE,TRUE,ocelot,true,,
River Logs,09280039.MP4,Organized_data_Nov_2020\CLOG8\A\nothing, 2020-09-28 13:07:48,FALSE,CLOG8,A,TRUE,FALSE,FALSE,nothing,false,,
River Logs,09280101.AVI,Organized_data_Nov_2020\CLOG1\nothing, 2020-09-28 16:27:00,FALSE,CLOG1,A,TRUE,FALSE,FALSE,nothing,false,,
River Logs,09290102.AVI,Organized_data_Nov_2020\CLOG1\nothing, 2020-09-29 12:53:46,FALSE,CLOG1,A,TRUE,FALSE,FALSE,nothing,false,,
River Logs,09290103.AVI,Organized_data_Nov_2020\CLOG1\nothing, 2020-09-29 16:22:46,FALSE,CLOG1,A,TRUE,FALSE,FALSE,nothing,false,,
River Logs,09290104.AVI,Organized_data_Nov_2020\CLOG1\nothing, 2020-09-29 16:23:40,FALSE,CLOG1,A,TRUE,FALSE,FALSE,nothing,false,,
River Logs,EK000079.AVI,Organized_data_Nov_2020\CLOG9\off_log\tamandua, 2020-09-30 09:02:22,FALSE,CLOG9,A,FALSE,FALSE,FALSE,tamandua,false,,
River Logs,EK000080.AVI,Organized_data_Nov_2020\CLOG9\nothing, 2020-09-30 12:29:00,FALSE,CLOG9,A,TRUE,FALSE,FALSE,nothing,false,,
River Logs,10010357.AVI,Organized_data_Nov_2020\CLOG3\A\on_log\lizard_uid, 2020-10-01 03:18:42,FALSE,CLOG3,A,FALSE,FALSE,TRUE,lizard_uid,false,,
River Logs,10010068.MP4,Organized_data_Nov_2020\CLOG10\nothing, 2020-10-01 05:12:32,FALSE,CLOG10,A,TRUE,FALSE,FALSE,nothing,false,,
River Logs,EK000081.AVI,Organized_data_Nov_2020\CLOG9\off_log\bird, 2020-10-01 11:44:50,FALSE,CLOG9,A,FALSE,FALSE,FALSE,bird,false,,
River Logs,EK000082.AVI,Organized_data_Nov_2020\CLOG9\off_log\bird, 2020-10-01 11:45:40,FALSE,CLOG9,A,FALSE,FALSE,FALSE,bird,false,,
River Logs,EK000083.AVI,Organized_data_Nov_2020\CLOG9\nothing, 2020-10-02 08:31:32,FALSE,CLOG9,A,TRUE,FALSE,FALSE,nothing,false,,
River Logs,EK000032.AVI,Organized_data_Nov_2020\PLOG7\B\on_log\ocelot, 2020-10-03 21:48:46,FALSE,PLOG7,B,FALSE,FALSE,TRUE,ocelot,true,,
River Logs,10040358.AVI,Organized_data_Nov_2020\CLOG3\A\setup, 2020-10-04 02:44:28,FALSE,CLOG3,A,FALSE,TRUE,FALSE,setup,false,,
River Logs,10040359.AVI,Organized_data_Nov_2020\CLOG3\A\setup, 2020-10-04 02:45:28,FALSE,CLOG3,A,FALSE,TRUE,FALSE,setup,false,,
River Logs,10040360.AVI,Organized_data_Nov_2020\CLOG3\A\setup, 2020-10-04 02:46:24,FALSE,CLOG3,A,FALSE,TRUE,FALSE,setup,false,,
River Logs,10060040.MP4,Organized_data_Nov_2020\CLOG8\A\nothing, 2020-10-06 12:57:08,FALSE,CLOG8,A,TRUE,FALSE,FALSE,nothing,false,,
River Logs,EK000084.AVI,Organized_data_Nov_2020\CLOG9\on_log\opossum_foureyed, 2020-10-06 23:22:44,FALSE,CLOG9,A,FALSE,FALSE,TRUE,opossum_foureyed,true,,
River Logs,EK000033.AVI,Organized_data_Nov_2020\PLOG7\B\on_log\coati, 2020-10-07 14:38:38,FALSE,PLOG7,B,FALSE,FALSE,TRUE,coati,true,,
River Logs,EK000085.AVI,Organized_data_Nov_2020\CLOG9\nothing, 2020-10-07 17:47:50,FALSE,CLOG9,A,TRUE,FALSE,FALSE,nothing,false,,
River Logs,10080069.MP4,Organized_data_Nov_2020\CLOG10\off_log\agouti, 2020-10-08 07:59:46,FALSE,CLOG10,A,FALSE,FALSE,FALSE,agouti,false,,
River Logs,EK000086.AVI,Organized_data_Nov_2020\CLOG9\setup, 2020-10-08 09:58:38,FALSE,CLOG9,A,FALSE,TRUE,FALSE,setup,false,,
River Logs,EK000087.AVI,Organized_data_Nov_2020\CLOG9\setup, 2020-10-08 10:00:20,FALSE,CLOG9,A,FALSE,TRUE,FALSE,setup,false,,
River Logs,10080070.MP4,Organized_data_Nov_2020\CLOG10\people, 2020-10-08 10:20:38,FALSE,CLOG10,A,FALSE,FALSE,FALSE,people,false,,
River Logs,10080041.MP4,Organized_data_Nov_2020\CLOG8\A\setup, 2020-10-08 11:09:22,FALSE,CLOG8,A,FALSE,TRUE,FALSE,setup,false,,
River Logs,10080071.MP4,Organized_data_Nov_2020\CLOG10\setup, 2020-10-08 11:56:24,FALSE,CLOG10,A,FALSE,TRUE,FALSE,setup,false,,
River Logs,10080072.MP4,Organized_data_Nov_2020\CLOG10\setup, 2020-10-08 11:57:44,FALSE,CLOG10,A,FALSE,TRUE,FALSE,setup,false,,
River Logs,10080105.AVI,Organized_data_Nov_2020\CLOG1\nothing, 2020-10-08 15:15:24,FALSE,CLOG1,A,TRUE,FALSE,FALSE,nothing,false,,
River Logs,10080106.AVI,Organized_data_Nov_2020\CLOG1\nothing, 2020-10-08 15:16:16,FALSE,CLOG1,A,TRUE,FALSE,FALSE,nothing,false,,
River Logs,10080107.AVI,Organized_data_Nov_2020\CLOG1\nothing, 2020-10-08 15:17:06,FALSE,CLOG1,A,TRUE,FALSE,FALSE,nothing,false,,
River Logs,EK000034.AVI,Organized_data_Nov_2020\PLOG7\B\on_log\curassow_great, 2020-10-10 15:52:50,FALSE,PLOG7,B,FALSE,FALSE,TRUE,curassow_great,true,,
River Logs,EK000035.AVI,Organized_data_Nov_2020\PLOG7\B\on_log\ocelot, 2020-10-10 22:29:16,FALSE,PLOG7,B,FALSE,FALSE,TRUE,ocelot,true,,
River Logs,EK000036.AVI,Organized_data_Nov_2020\PLOG7\B\on_log\puma, 2020-10-12 10:58:04,FALSE,PLOG7,B,FALSE,FALSE,TRUE,puma,false,,
River Logs,EK000037 (2).AVI,Organized_data_Nov_2020\PLOG7\B\nothing, 2020-10-13 01:13:06,FALSE,PLOG7,B,TRUE,FALSE,FALSE,nothing,false,,
River Logs,EK000038.AVI,Organized_data_Nov_2020\PLOG7\B\on_log\puma, 2020-10-13 14:15:18,FALSE,PLOG7,B,FALSE,FALSE,TRUE,puma,true,,
River Logs,EK000039.AVI,Organized_data_Nov_2020\PLOG7\B\setup, 2020-10-14 11:22:20,FALSE,PLOG7,B,FALSE,TRUE,FALSE,setup,false,,
River Logs,EK000040.AVI,Organized_data_Nov_2020\PLOG7\B\setup, 2020-10-14 11:23:04,FALSE,PLOG7,B,FALSE,TRUE,FALSE,setup,false,,
River Logs,EK000041.AVI,Organized_data_Nov_2020\PLOG7\B\setup, 2020-10-14 11:23:52,FALSE,PLOG7,B,FALSE,TRUE,FALSE,setup,false,,
River Logs,PICT0001.AVI,Organized_data_Nov_2020\CLOG3\B\nothing, 2020-11-17 16:19:14,FALSE,CLOG3,B,TRUE,FALSE,FALSE,nothing,false,,
River Logs,PICT0002 (2).AVI,Organized_data_Nov_2020\CLOG3\B\setup, 2020-11-17 16:20:34,FALSE,CLOG3,B,FALSE,TRUE,FALSE,setup,false,,
River Logs,PICT0003 (2).AVI,Organized_data_Nov_2020\CLOG3\B\setup, 2020-11-17 16:21:30,FALSE,CLOG3,B,FALSE,TRUE,FALSE,setup,false,,
River Logs,PICT0004.AVI,Organized_data_Nov_2020\CLOG3\B\nothing, 2020-11-17 16:40:02,FALSE,CLOG3,B,TRUE,FALSE,FALSE,nothing,false,,
River Logs,PICT0005.AVI,Organized_data_Nov_2020\CLOG3\B\on_log\agouti, 2020-11-18 07:52:24,FALSE,CLOG3,B,FALSE,FALSE,TRUE,agouti,false,,
River Logs,PICT0006.AVI,Organized_data_Nov_2020\CLOG3\B\on_log\agouti, 2020-11-18 07:54:10,FALSE,CLOG3,B,FALSE,FALSE,TRUE,agouti,false,,
River Logs,11180001.AVI,Organized_data_Nov_2020\CLOG1\on_log\opossum_uid, 2020-11-18 23:44:50,FALSE,CLOG1,A,FALSE,FALSE,TRUE,opossum_common,true,,
River Logs,11180002.AVI,Organized_data_Nov_2020\CLOG1\nothing, 2020-11-19 00:17:50,FALSE,CLOG1,A,TRUE,FALSE,FALSE,nothing,false,,
River Logs,11190003.AVI,Organized_data_Nov_2020\CLOG1\people, 2020-11-19 07:01:30,FALSE,CLOG1,A,FALSE,FALSE,FALSE,people,true,,
River Logs,11190004.AVI,Organized_data_Nov_2020\CLOG1\people, 2020-11-19 07:54:38,FALSE,CLOG1,A,FALSE,FALSE,FALSE,people,true,,
River Logs,11210005.AVI,Organized_data_Nov_2020\CLOG1\people, 2020-11-21 06:39:14,FALSE,CLOG1,A,FALSE,FALSE,FALSE,people,true,,
River Logs,11210006.AVI,Organized_data_Nov_2020\CLOG1\people, 2020-11-21 21:03:36,FALSE,CLOG1,A,FALSE,FALSE,FALSE,people,false,,
River Logs,PICT0007.AVI,Organized_data_Nov_2020\CLOG3\B\people, 2020-11-21 22:07:10,FALSE,CLOG3,B,FALSE,FALSE,FALSE,people,false,,
River Logs,11220007.AVI,Organized_data_Nov_2020\CLOG1\people, 2020-11-22 07:11:34,FALSE,CLOG1,A,FALSE,FALSE,FALSE,people,true,,
River Logs,11220008.AVI,Organized_data_Nov_2020\CLOG1\people, 2020-11-22 14:16:28,FALSE,CLOG1,A,FALSE,FALSE,FALSE,people,true,,
River Logs,11220009.AVI,Organized_data_Nov_2020\CLOG1\nothing, 2020-11-22 14:43:18,FALSE,CLOG1,A,TRUE,FALSE,FALSE,nothing,false,,
River Logs,11220009.AVI,Organized_data_Nov_2020\CLOG1\people, 2020-11-22 14:43:18,FALSE,CLOG1,A,FALSE,FALSE,FALSE,people,false,,
River Logs,11220010.AVI,Organized_data_Nov_2020\CLOG1\people, 2020-11-22 15:34:42,FALSE,CLOG1,A,FALSE,FALSE,FALSE,people,false,,
River Logs,11220011.AVI,Organized_data_Nov_2020\CLOG1\people, 2020-11-22 15:35:40,FALSE,CLOG1,A,FALSE,FALSE,FALSE,people,false,,
River Logs,11230012.AVI,Organized_data_Nov_2020\CLOG1\nothing, 2020-11-23 04:39:46,FALSE,CLOG1,A,TRUE,FALSE,FALSE,nothing,false,,
River Logs,11230013.AVI,Organized_data_Nov_2020\CLOG1\people, 2020-11-23 06:58:16,FALSE,CLOG1,A,FALSE,FALSE,FALSE,people,true,,
River Logs,11230014.AVI,Organized_data_Nov_2020\CLOG1\nothing, 2020-11-23 23:11:52,FALSE,CLOG1,A,TRUE,FALSE,FALSE,nothing,false,,
River Logs,11250015.AVI,Organized_data_Nov_2020\CLOG1\nothing, 2020-11-25 08:20:06,FALSE,CLOG1,A,TRUE,FALSE,FALSE,nothing,false,,
River Logs,11270017.AVI,Organized_data_Nov_2020\CLOG1\people, 2020-11-27 15:23:34,FALSE,CLOG1,A,FALSE,FALSE,FALSE,people,false,,
River Logs,PICT0008.AVI,Organized_data_Nov_2020\CLOG3\B\people, 2020-11-27 15:37:16,FALSE,CLOG3,B,FALSE,FALSE,FALSE,people,false,,
River Logs,11270018.AVI,Organized_data_Nov_2020\CLOG1\people, 2020-11-27 16:44:22,FALSE,CLOG1,A,FALSE,FALSE,FALSE,people,false,,
River Logs,11290019.AVI,Organized_data_Nov_2020\CLOG1\people, 2020-11-29 08:05:42,FALSE,CLOG1,A,FALSE,FALSE,FALSE,people,false,,
River Logs,11290020.AVI,Organized_data_Nov_2020\CLOG1\nothing, 2020-11-29 16:26:44,FALSE,CLOG1,A,TRUE,FALSE,FALSE,nothing,false,,
River Logs,11300021.AVI,Organized_data_Nov_2020\CLOG1\nothing, 2020-11-30 16:23:12,FALSE,CLOG1,A,TRUE,FALSE,FALSE,nothing,false,,
River Logs,PICT0009.AVI,Organized_data_Nov_2020\CLOG3\B\on_log\ocelot, 2020-11-30 19:58:12,FALSE,CLOG3,B,FALSE,FALSE,TRUE,ocelot,true,,
River Logs,12020022.AVI,Organized_data_Nov_2020\CLOG1\people, 2020-12-02 07:16:32,FALSE,CLOG1,A,FALSE,FALSE,FALSE,people,true,,
River Logs,PICT0010.AVI,Organized_data_Nov_2020\CLOG3\B\nothing, 2020-12-02 08:11:50,FALSE,CLOG3,B,TRUE,FALSE,FALSE,nothing,false,,
River Logs,PICT0011.AVI,Organized_data_Nov_2020\CLOG3\B\nothing, 2020-12-02 08:33:22,FALSE,CLOG3,B,TRUE,FALSE,FALSE,nothing,false,,
River Logs,PICT0012.AVI,Organized_data_Nov_2020\CLOG3\B\on_log\agouti, 2020-12-02 09:00:14,FALSE,CLOG3,B,FALSE,FALSE,TRUE,agouti,false,,
River Logs,12060023.AVI,Organized_data_Nov_2020\CLOG1\people, 2020-12-06 07:16:26,FALSE,CLOG1,A,FALSE,FALSE,FALSE,people,true,,
River Logs,12060024.AVI,Organized_data_Nov_2020\CLOG1\nothing, 2020-12-06 07:38:18,FALSE,CLOG1,A,TRUE,FALSE,FALSE,nothing,false,,
River Logs,12060025.AVI,Organized_data_Nov_2020\CLOG1\people, 2020-12-06 10:49:04,FALSE,CLOG1,A,FALSE,FALSE,FALSE,people,true,,
River Logs,12060026.AVI,Organized_data_Nov_2020\CLOG1\people, 2020-12-06 11:09:16,FALSE,CLOG1,A,FALSE,FALSE,FALSE,people,true,,
River Logs,PICT0013.AVI,Organized_data_Nov_2020\CLOG3\B\on_log\coati, 2020-12-09 15:26:16,FALSE,CLOG3,B,FALSE,FALSE,TRUE,coati,false,,
River Logs,12100027.AVI,Organized_data_Nov_2020\CLOG1\nothing, 2020-12-10 07:54:42,FALSE,CLOG1,A,TRUE,FALSE,FALSE,nothing,false,,
River Logs,12100028.AVI,Organized_data_Nov_2020\CLOG1\people, 2020-12-10 13:32:54,FALSE,CLOG1,A,FALSE,FALSE,FALSE,people,true,,
River Logs,12100029.AVI,Organized_data_Nov_2020\CLOG1\people, 2020-12-10 15:59:58,FALSE,CLOG1,A,FALSE,FALSE,FALSE,people,true,,
River Logs,PICT0015.AVI,Organized_data_Nov_2020\CLOG3\B\nothing, 2020-12-12 13:43:10,FALSE,CLOG3,B,TRUE,FALSE,FALSE,nothing,false,,
River Logs,PICT0017.AVI,Organized_data_Nov_2020\CLOG3\B\nothing, 2020-12-12 13:51:22,FALSE,CLOG3,B,TRUE,FALSE,FALSE,nothing,false,,
River Logs,12120030.AVI,Organized_data_Nov_2020\CLOG1\people, 2020-12-12 15:27:06,FALSE,CLOG1,A,FALSE,FALSE,FALSE,people,true,,
River Logs,12120031.AVI,Organized_data_Nov_2020\CLOG1\nothing, 2020-12-12 15:43:54,FALSE,CLOG1,A,TRUE,FALSE,FALSE,nothing,false,,
River Logs,12140032.AVI,Organized_data_Nov_2020\CLOG1\off_log\agouti, 2020-12-14 16:41:34,FALSE,CLOG1,A,FALSE,FALSE,FALSE,agouti,false,,
River Logs,PICT0019.AVI,Organized_data_Nov_2020\CLOG3\B\on_log\ocelot, 2020-12-16 02:00:48,FALSE,CLOG3,B,FALSE,FALSE,TRUE,ocelot,true,,
River Logs,12160033.AVI,Organized_data_Nov_2020\CLOG1\people, 2020-12-16 12:17:28,FALSE,CLOG1,A,FALSE,FALSE,FALSE,people,true,,
River Logs,PICT0020 (2).AVI,Organized_data_Nov_2020\CLOG3\B\nothing, 2020-12-16 13:38:40,FALSE,CLOG3,B,TRUE,FALSE,FALSE,nothing,false,,
River Logs,12160034.AVI,Organized_data_Nov_2020\CLOG1\nothing, 2020-12-16 13:53:02,FALSE,CLOG1,A,TRUE,FALSE,FALSE,nothing,false,,
River Logs,12180036.AVI,Organized_data_Nov_2020\CLOG1\nothing, 2020-12-18 08:52:42,FALSE,CLOG1,A,TRUE,FALSE,FALSE,nothing,false,,
River Logs,PICT0021.AVI,Organized_data_Nov_2020\CLOG3\B\on_log\agouti, 2020-12-18 10:23:38,FALSE,CLOG3,B,FALSE,FALSE,TRUE,agouti,false,,
River Logs,PICT0022.AVI,Organized_data_Nov_2020\CLOG3\B\on_log\agouti, 2020-12-18 10:32:36,FALSE,CLOG3,B,FALSE,FALSE,TRUE,agouti,false,,
River Logs,PICT0023.AVI,Organized_data_Nov_2020\CLOG3\B\nothing, 2020-12-18 10:33:36,FALSE,CLOG3,B,TRUE,FALSE,FALSE,nothing,false,,
River Logs,12190037.AVI,Organized_data_Nov_2020\CLOG1\nothing, 2020-12-19 17:27:56,FALSE,CLOG1,A,TRUE,FALSE,FALSE,nothing,false,,
River Logs,PICT0024.AVI,Organized_data_Nov_2020\CLOG3\B\on_log\racoon_crabeating, 2020-12-20 21:02:18,FALSE,CLOG3,B,FALSE,FALSE,TRUE,racoon_crabeating,false,,
River Logs,PICT0025.AVI,Organized_data_Nov_2020\CLOG3\B\on_log\racoon_crabeating, 2020-12-20 21:03:44,FALSE,CLOG3,B,FALSE,FALSE,TRUE,racoon_crabeating,false,,
River Logs,12210038.AVI,Organized_data_Nov_2020\CLOG1\nothing, 2020-12-21 09:03:14,FALSE,CLOG1,A,TRUE,FALSE,FALSE,nothing,false,,
River Logs,PICT0026.AVI,Organized_data_Nov_2020\CLOG3\B\on_log\agouti, 2020-12-22 16:17:54,FALSE,CLOG3,B,FALSE,FALSE,true,agouti,false,,
River Logs,PICT0027.AVI,Organized_data_Nov_2020\CLOG3\B\nothing, 2020-12-22 23:11:50,FALSE,CLOG3,B,TRUE,FALSE,FALSE,skunk_striped,false,,
River Logs,PICT0028.AVI,Organized_data_Nov_2020\CLOG3\B\on_log\tamandua, 2020-12-23 03:22:34,FALSE,CLOG3,B,FALSE,FALSE,TRUE,tamandua,false,,
River Logs,12230039.AVI,Organized_data_Nov_2020\CLOG1\people, 2020-12-23 11:01:20,FALSE,CLOG1,A,FALSE,FALSE,FALSE,people,true,,
River Logs,12230040.AVI,Organized_data_Nov_2020\CLOG1\people, 2020-12-23 11:02:46,FALSE,CLOG1,A,FALSE,FALSE,FALSE,people,true,,
River Logs,PICT0029.AVI,Organized_data_Nov_2020\CLOG3\B\nothing, 2020-12-23 19:39:16,FALSE,CLOG3,B,TRUE,FALSE,FALSE,nothing,false,,
River Logs,12240041.AVI,Organized_data_Nov_2020\CLOG1\on_log\dog, 2020-12-24 12:31:14,FALSE,CLOG1,A,FALSE,FALSE,TRUE,dog,false,,
River Logs,12240041.AVI,Organized_data_Nov_2020\CLOG1\people, 2020-12-24 12:31:14,FALSE,CLOG1,A,FALSE,FALSE,FALSE,people,false,,
River Logs,12250042.AVI,Organized_data_Nov_2020\CLOG1\people, 2020-12-25 12:29:00,FALSE,CLOG1,A,FALSE,FALSE,FALSE,people,false,quad in river,
River Logs,12250043.AVI,Organized_data_Nov_2020\CLOG1\people, 2020-12-25 12:30:44,FALSE,CLOG1,A,FALSE,FALSE,FALSE,people,false,quad in river,
River Logs,12250044.AVI,Organized_data_Nov_2020\CLOG1\people, 2020-12-25 12:31:42,FALSE,CLOG1,A,FALSE,FALSE,FALSE,people,false,quad in river,
River Logs,PICT0030.AVI,Organized_data_Nov_2020\CLOG3\B\nothing, 2020-12-25 13:30:16,FALSE,CLOG3,B,TRUE,FALSE,FALSE,nothing,false,,
River Logs,PICT0031.AVI,Organized_data_Nov_2020\CLOG3\B\nothing, 2020-12-25 13:33:56,FALSE,CLOG3,B,TRUE,FALSE,FALSE,nothing,false,,
River Logs,12260045.AVI,Organized_data_Nov_2020\CLOG1\nothing, 2020-12-26 11:51:44,FALSE,CLOG1,A,TRUE,FALSE,FALSE,nothing,false,,
River Logs,PICT0032.AVI,Organized_data_Nov_2020\CLOG3\B\on_log\peccary_collared, 2020-12-27 06:08:46,FALSE,CLOG3,B,FALSE,FALSE,TRUE,peccary_collared,false,,
River Logs,PICT0033.AVI,Organized_data_Nov_2020\CLOG3\B\on_log\peccary_collared, 2020-12-27 06:10:22,FALSE,CLOG3,B,FALSE,FALSE,TRUE,peccary_collared,false,,
River Logs,12270046.AVI,Organized_data_Nov_2020\CLOG1\nothing, 2020-12-27 08:29:00,FALSE,CLOG1,A,TRUE,FALSE,FALSE,nothing,false,,
River Logs,PICT0034.AVI,Organized_data_Nov_2020\CLOG3\B\on_log\ocelot, 2020-12-30 19:04:08,FALSE,CLOG3,B,FALSE,FALSE,TRUE,ocelot,false,,
River Logs,PICT0035.AVI,Organized_data_Nov_2020\CLOG3\B\on_log\ocelot, 2020-12-30 19:04:52,FALSE,CLOG3,B,FALSE,FALSE,TRUE,ocelot,true,,
River Logs,PICT0036.AVI,Organized_data_Nov_2020\CLOG3\B\people, 2020-12-30 20:21:52,FALSE,CLOG3,B,FALSE,FALSE,FALSE,people,false,,
River Logs,01010047.AVI,Organized_data_Nov_2020\CLOG1\off_log\dog, 2021-01-01 10:26:18,FALSE,CLOG1,A,FALSE,FALSE,FALSE,dog,false,,
River Logs,01010048.AVI,Organized_data_Nov_2020\CLOG1\off_log\dog, 2021-01-01 10:27:34,FALSE,CLOG1,A,FALSE,FALSE,FALSE,dog,false,,
River Logs,01010049.AVI,Organized_data_Nov_2020\CLOG1\off_log\dog, 2021-01-01 11:10:16,FALSE,CLOG1,A,FALSE,FALSE,FALSE,dog,false,,
River Logs,01010050.AVI,Organized_data_Nov_2020\CLOG1\nothing, 2021-01-01 11:14:50,FALSE,CLOG1,A,TRUE,FALSE,FALSE,nothing,false,,
River Logs,01030051.AVI,Organized_data_Nov_2020\CLOG1\people, 2021-01-03 09:25:00,FALSE,CLOG1,A,FALSE,FALSE,FALSE,people,false,,
River Logs,PICT0037.AVI,Organized_data_Nov_2020\CLOG3\B\people, 2021-01-03 09:43:26,FALSE,CLOG3,B,FALSE,FALSE,FALSE,people,false,,
River Logs,01030052.AVI,Organized_data_Nov_2020\CLOG1\people, 2021-01-03 12:17:16,FALSE,CLOG1,A,FALSE,FALSE,FALSE,people,false,,
River Logs,01040053.AVI,Organized_data_Nov_2020\CLOG1\people, 2021-01-04 14:44:28,FALSE,CLOG1,A,FALSE,FALSE,FALSE,people,true,,
River Logs,PICT0038.AVI,Organized_data_Nov_2020\CLOG3\B\on_log\skunk_striped, 2021-01-04 19:51:00,FALSE,CLOG3,B,FALSE,FALSE,TRUE,skunk_striped,true,,
River Logs,01060054.AVI,Organized_data_Nov_2020\CLOG1\setup, 2021-01-06 09:39:16,FALSE,CLOG1,A,FALSE,TRUE,FALSE,setup,false,,
River Logs,01060055.AVI,Organized_data_Nov_2020\CLOG1\setup, 2021-01-06 09:40:00,FALSE,CLOG1,A,FALSE,TRUE,FALSE,setup,false,,
River Logs,PICT0039.AVI,Organized_data_Nov_2020\CLOG3\B\setup, 2021-01-06 10:32:56,FALSE,CLOG3,B,FALSE,TRUE,FALSE,setup,false,,
River Logs,03150001.AVI,Organized_data_Nov_2020\CLOG1\setup, 2021-03-15 11:39:52,FALSE,CLOG1,A,FALSE,TRUE,FALSE,setup,false,,
River Logs,03150002.AVI,Organized_data_Nov_2020\CLOG1\setup, 2021-03-15 11:40:44,FALSE,CLOG1,A,FALSE,TRUE,FALSE,setup,false,,
River Logs,03150003.AVI,Organized_data_Nov_2020\CLOG1\setup, 2021-03-15 11:41:34,FALSE,CLOG1,A,FALSE,TRUE,FALSE,setup,false,,
River Logs,03150004.AVI,Organized_data_Nov_2020\CLOG1\setup, 2021-03-15 11:42:26,FALSE,CLOG1,A,FALSE,TRUE,FALSE,setup,false,,
River Logs,03150005.AVI,Organized_data_Nov_2020\CLOG1\nothing, 2021-03-15 11:44:02,FALSE,CLOG1,A,TRUE,FALSE,FALSE,nothing,false,,
River Logs,03150001.AVI,Organized_data_Nov_2020\CLOG5\B\setup, 2021-03-15 12:26:20,FALSE,CLOG5,B,FALSE,TRUE,FALSE,setup,false,,
River Logs,03150001.MP4,Organized_data_Nov_2020\CLOG5\A\setup, 2021-03-15 12:52:28,FALSE,CLOG5,A,FALSE,TRUE,FALSE,setup,false,,
River Logs,03150002.MP4,Organized_data_Nov_2020\CLOG5\A\setup, 2021-03-15 12:53:14,FALSE,CLOG5,A,FALSE,TRUE,FALSE,setup,false,,
River Logs,03150003.MP4,Organized_data_Nov_2020\CLOG5\A\setup, 2021-03-15 12:54:08,FALSE,CLOG5,A,FALSE,TRUE,FALSE,setup,false,,
River Logs,03150002.AVI,Organized_data_Nov_2020\CLOG5\B\setup, 2021-03-15 13:48:24,FALSE,CLOG5,B,FALSE,TRUE,FALSE,setup,false,,
River Logs,03150004.MP4,Organized_data_Nov_2020\CLOG5\A\setup, 2021-03-15 14:02:46,FALSE,CLOG5,A,FALSE,TRUE,FALSE,setup,false,,
River Logs,03150003.AVI,Organized_data_Nov_2020\CLOG5\B\setup, 2021-03-15 14:18:12,FALSE,CLOG5,B,FALSE,TRUE,FALSE,setup,false,,
River Logs,03150005.MP4,Organized_data_Nov_2020\CLOG5\A\setup, 2021-03-15 14:32:36,FALSE,CLOG5,A,FALSE,TRUE,FALSE,setup,false,,
River Logs,03150004.AVI,Organized_data_Nov_2020\CLOG5\B\on_log\ocelot, 2021-03-15 15:07:52,FALSE,CLOG5,B,FALSE,FALSE,TRUE,ocelot,true,,
River Logs,03160001.AVI,Organized_data_Nov_2020\CLOG6\A\setup, 2021-03-16 08:01:26,FALSE,CLOG6,A,FALSE,TRUE,FALSE,setup,false,,
River Logs,03160002.AVI,Organized_data_Nov_2020\CLOG6\A\setup, 2021-03-16 08:02:48,FALSE,CLOG6,A,FALSE,TRUE,FALSE,setup,false,,
River Logs,03160003.AVI,Organized_data_Nov_2020\CLOG6\A\setup, 2021-03-16 08:04:40,FALSE,CLOG6,A,FALSE,TRUE,FALSE,setup,false,,
River Logs,03160004.AVI,Organized_data_Nov_2020\CLOG6\A\setup, 2021-03-16 08:05:44,FALSE,CLOG6,A,FALSE,TRUE,FALSE,setup,false,,
River Logs,03160005.AVI,Organized_data_Nov_2020\CLOG6\A\setup, 2021-03-16 08:06:42,FALSE,CLOG6,A,FALSE,TRUE,FALSE,setup,false,,
River Logs,03160006.AVI,Organized_data_Nov_2020\CLOG6\A\setup, 2021-03-16 08:07:34,FALSE,CLOG6,A,FALSE,TRUE,FALSE,setup,false,,
River Logs,03160007.AVI,Organized_data_Nov_2020\CLOG6\A\setup, 2021-03-16 08:08:56,FALSE,CLOG6,A,FALSE,TRUE,FALSE,setup,false,,
River Logs,03160008.AVI,Organized_data_Nov_2020\CLOG6\A\setup, 2021-03-16 09:01:22,FALSE,CLOG6,A,FALSE,TRUE,FALSE,setup,false,,
River Logs,03160005.AVI,Organized_data_Nov_2020\CLOG5\B\nothing, 2021-03-16 12:48:20,FALSE,CLOG5,B,TRUE,FALSE,FALSE,nothing,false,,
River Logs,IMG_0001.AVI,Organized_data_Nov_2020\PLOG3\B\setup, 2021-03-16 14:13:42,FALSE,PLOG3,B,FALSE,TRUE,FALSE,setup,false,,
River Logs,IMG_0002.AVI,Organized_data_Nov_2020\PLOG3\B\nothing, 2021-03-16 15:40:56,FALSE,PLOG3,B,TRUE,FALSE,FALSE,nothing,false,,
River Logs,03160009.AVI,Organized_data_Nov_2020\CLOG6\A\on_log\tamandua, 2021-03-16 20:15:18,FALSE,CLOG6,A,FALSE,FALSE,TRUE,tamandua,true,,
River Logs,03170001.AVI,Organized_data_Nov_2020\PLOG5\B\setup, 2021-03-17 09:54:40,FALSE,PLOG5,B,FALSE,TRUE,FALSE,setup,false,,
River Logs,03170002.AVI,Organized_data_Nov_2020\PLOG5\B\setup, 2021-03-17 09:56:12,FALSE,PLOG5,B,FALSE,TRUE,FALSE,setup,false,,
River Logs,03170003.AVI,Organized_data_Nov_2020\PLOG5\B\setup, 2021-03-17 12:06:30,FALSE,PLOG5,B,FALSE,TRUE,FALSE,setup,false,,
River Logs,PICT0001.ASF,Organized_data_Nov_2020\PLOG7\A\nothing, 2021-03-17 13:15:42,FALSE,PLOG7,A,TRUE,FALSE,FALSE,nothing,false,,
River Logs,PICT0002.ASF,Organized_data_Nov_2020\PLOG7\A\nothing, 2021-03-17 13:16:26,FALSE,PLOG7,A,TRUE,FALSE,FALSE,nothing,false,,
River Logs,PICT0003.ASF,Organized_data_Nov_2020\PLOG7\A\nothing, 2021-03-17 13:17:10,FALSE,PLOG7,A,TRUE,FALSE,FALSE,nothing,false,,
River Logs,PICT0004.ASF,Organized_data_Nov_2020\PLOG7\A\nothing, 2021-03-17 13:17:54,FALSE,PLOG7,A,TRUE,FALSE,FALSE,nothing,false,,
River Logs,PICT0005.ASF,Organized_data_Nov_2020\PLOG7\A\nothing, 2021-03-17 13:18:40,FALSE,PLOG7,A,TRUE,FALSE,FALSE,nothing,false,,
River Logs,PICT0006.ASF,Organized_data_Nov_2020\PLOG7\A\nothing, 2021-03-17 13:19:24,FALSE,PLOG7,A,TRUE,FALSE,FALSE,nothing,false,,
River Logs,PICT0007.ASF,Organized_data_Nov_2020\PLOG7\A\nothing, 2021-03-17 13:20:08,FALSE,PLOG7,A,TRUE,FALSE,FALSE,nothing,false,,
River Logs,PICT0008.ASF,Organized_data_Nov_2020\PLOG7\A\nothing, 2021-03-17 13:20:52,FALSE,PLOG7,A,TRUE,FALSE,FALSE,nothing,false,,
River Logs,PICT0009.ASF,Organized_data_Nov_2020\PLOG7\A\nothing, 2021-03-17 13:21:36,FALSE,PLOG7,A,TRUE,FALSE,FALSE,nothing,false,,
River Logs,PICT0010.ASF,Organized_data_Nov_2020\PLOG7\A\nothing, 2021-03-17 13:22:20,FALSE,PLOG7,A,TRUE,FALSE,FALSE,nothing,false,,
River Logs,PICT0011.ASF,Organized_data_Nov_2020\PLOG7\A\nothing, 2021-03-17 13:23:04,FALSE,PLOG7,A,TRUE,FALSE,FALSE,nothing,false,,
River Logs,PICT0012.ASF,Organized_data_Nov_2020\PLOG7\A\nothing, 2021-03-17 13:23:48,FALSE,PLOG7,A,TRUE,FALSE,FALSE,nothing,false,,
River Logs,PICT0013.ASF,Organized_data_Nov_2020\PLOG7\A\nothing, 2021-03-17 13:24:32,FALSE,PLOG7,A,TRUE,FALSE,FALSE,nothing,false,,
River Logs,PICT0014.ASF,Organized_data_Nov_2020\PLOG7\A\nothing, 2021-03-17 13:25:16,FALSE,PLOG7,A,TRUE,FALSE,FALSE,nothing,false,,
River Logs,PICT0015.ASF,Organized_data_Nov_2020\PLOG7\A\nothing, 2021-03-17 13:26:00,FALSE,PLOG7,A,TRUE,FALSE,FALSE,nothing,false,,
River Logs,PICT0016.ASF,Organized_data_Nov_2020\PLOG7\A\nothing, 2021-03-17 13:26:44,FALSE,PLOG7,A,TRUE,FALSE,FALSE,nothing,false,,
River Logs,PICT0017.ASF,Organized_data_Nov_2020\PLOG7\A\corrupted, 2021-03-17 13:27:12,true,PLOG7,A,FALSE,FALSE,FALSE,corrupted,false,,
River Logs,03170001.AVI,Organized_data_Nov_2020\PLOG7\B\nothing, 2021-03-17 13:27:38,FALSE,PLOG7,B,TRUE,FALSE,FALSE,nothing,false,,
River Logs,PICT0018.ASF,Organized_data_Nov_2020\PLOG7\A\corrupted, 2021-03-17 13:28:52,true,PLOG7,A,FALSE,FALSE,FALSE,corrupted,false,,
River Logs,PICT0019.ASF,Organized_data_Nov_2020\PLOG7\A\corrupted, 2021-03-17 13:30:32,true,PLOG7,A,FALSE,FALSE,FALSE,corrupted,false,,
River Logs,PICT0020.ASF,Organized_data_Nov_2020\PLOG7\A\corrupted, 2021-03-17 13:32:12,true,PLOG7,A,FALSE,FALSE,FALSE,corrupted,false,,
River Logs,PICT0021.ASF,Organized_data_Nov_2020\PLOG7\A\corrupted, 2021-03-17 13:33:52,true,PLOG7,A,FALSE,FALSE,FALSE,corrupted,false,,
River Logs,PICT0022.ASF,Organized_data_Nov_2020\PLOG7\A\corrupted, 2021-03-17 13:35:30,true,PLOG7,A,FALSE,FALSE,FALSE,corrupted,false,,
River Logs,PICT0023.ASF,Organized_data_Nov_2020\PLOG7\A\corrupted, 2021-03-17 13:37:10,true,PLOG7,A,FALSE,FALSE,FALSE,corrupted,false,,
River Logs,PICT0024.ASF,Organized_data_Nov_2020\PLOG7\A\corrupted, 2021-03-17 13:38:50,true,PLOG7,A,FALSE,FALSE,FALSE,corrupted,false,,
River Logs,PICT0025.ASF,Organized_data_Nov_2020\PLOG7\A\corrupted, 2021-03-17 13:40:28,true,PLOG7,A,FALSE,FALSE,FALSE,corrupted,false,,
River Logs,PICT0026.ASF,Organized_data_Nov_2020\PLOG7\A\corrupted, 2021-03-17 13:42:08,true,PLOG7,A,FALSE,FALSE,FALSE,corrupted,false,,
River Logs,PICT0027.ASF,Organized_data_Nov_2020\PLOG7\A\corrupted, 2021-03-17 13:43:48,true,PLOG7,A,FALSE,FALSE,FALSE,corrupted,false,,
River Logs,PICT0028.ASF,Organized_data_Nov_2020\PLOG7\A\corrupted, 2021-03-17 13:45:28,true,PLOG7,A,FALSE,FALSE,FALSE,corrupted,false,,
River Logs,PICT0029.ASF,Organized_data_Nov_2020\PLOG7\A\corrupted, 2021-03-17 13:47:06,true,PLOG7,A,FALSE,FALSE,FALSE,corrupted,false,,
River Logs,PICT0030.ASF,Organized_data_Nov_2020\PLOG7\A\corrupted, 2021-03-17 13:48:46,true,PLOG7,A,FALSE,FALSE,FALSE,corrupted,false,,
River Logs,PICT0031.ASF,Organized_data_Nov_2020\PLOG7\A\corrupted, 2021-03-17 13:50:26,true,PLOG7,A,FALSE,FALSE,FALSE,corrupted,false,,
River Logs,PICT0032.ASF,Organized_data_Nov_2020\PLOG7\A\corrupted, 2021-03-17 13:52:06,true,PLOG7,A,FALSE,FALSE,FALSE,corrupted,false,,
River Logs,PICT0033.ASF,Organized_data_Nov_2020\PLOG7\A\corrupted, 2021-03-17 13:53:44,true,PLOG7,A,FALSE,FALSE,FALSE,corrupted,false,,
River Logs,PICT0034.ASF,Organized_data_Nov_2020\PLOG7\A\corrupted, 2021-03-17 13:57:04,true,PLOG7,A,FALSE,FALSE,FALSE,corrupted,false,,
River Logs,PICT0035.ASF,Organized_data_Nov_2020\PLOG7\A\corrupted, 2021-03-17 13:58:44,true,PLOG7,A,FALSE,FALSE,FALSE,corrupted,false,,
River Logs,PICT0036.ASF,Organized_data_Nov_2020\PLOG7\A\corrupted, 2021-03-17 14:02:02,true,PLOG7,A,FALSE,FALSE,FALSE,corrupted,false,,
River Logs,PICT0037.ASF,Organized_data_Nov_2020\PLOG7\A\corrupted, 2021-03-17 14:03:42,true,PLOG7,A,FALSE,FALSE,FALSE,corrupted,false,,
River Logs,PICT0038.ASF,Organized_data_Nov_2020\PLOG7\A\nothing, 2021-03-17 14:05:38,FALSE,PLOG7,A,TRUE,FALSE,FALSE,nothing,false,,
River Logs,PICT0039.ASF,Organized_data_Nov_2020\PLOG7\A\corrupted, 2021-03-17 14:06:06,true,PLOG7,A,FALSE,FALSE,FALSE,corrupted,false,,
River Logs,PICT0040.ASF,Organized_data_Nov_2020\PLOG7\A\nothing, 2021-03-17 14:08:00,FALSE,PLOG7,A,TRUE,FALSE,FALSE,nothing,false,,
River Logs,PICT0041.ASF,Organized_data_Nov_2020\PLOG7\A\corrupted, 2021-03-17 14:08:28,true,PLOG7,A,FALSE,FALSE,FALSE,corrupted,false,,
River Logs,PICT0042.ASF,Organized_data_Nov_2020\PLOG7\A\corrupted, 2021-03-17 14:10:08,true,PLOG7,A,FALSE,FALSE,FALSE,corrupted,false,,
River Logs,PICT0043.ASF,Organized_data_Nov_2020\PLOG7\A\nothing, 2021-03-17 14:12:04,FALSE,PLOG7,A,TRUE,FALSE,FALSE,nothing,false,,
River Logs,PICT0044.ASF,Organized_data_Nov_2020\PLOG7\A\corrupted, 2021-03-17 14:12:32,true,PLOG7,A,FALSE,FALSE,FALSE,corrupted,false,,
River Logs,PICT0045.ASF,Organized_data_Nov_2020\PLOG7\A\corrupted, 2021-03-17 14:14:12,true,PLOG7,A,FALSE,FALSE,FALSE,corrupted,false,,
River Logs,PICT0046.ASF,Organized_data_Nov_2020\PLOG7\A\nothing, 2021-03-17 14:16:06,FALSE,PLOG7,A,TRUE,FALSE,FALSE,nothing,false,,
River Logs,PICT0047.ASF,Organized_data_Nov_2020\PLOG7\A\nothing, 2021-03-17 14:16:50,FALSE,PLOG7,A,TRUE,FALSE,FALSE,nothing,false,,
River Logs,PICT0048.ASF,Organized_data_Nov_2020\PLOG7\A\nothing, 2021-03-17 14:17:34,FALSE,PLOG7,A,TRUE,FALSE,FALSE,nothing,false,,
River Logs,PICT0049.ASF,Organized_data_Nov_2020\PLOG7\A\nothing, 2021-03-17 14:18:20,FALSE,PLOG7,A,TRUE,FALSE,FALSE,nothing,false,,
River Logs,PICT0050.ASF,Organized_data_Nov_2020\PLOG7\A\corrupted, 2021-03-17 14:18:48,true,PLOG7,A,FALSE,FALSE,FALSE,corrupted,false,,
River Logs,PICT0051.ASF,Organized_data_Nov_2020\PLOG7\A\nothing, 2021-03-17 14:22:22,FALSE,PLOG7,A,TRUE,FALSE,FALSE,nothing,false,,
River Logs,PICT0052.ASF,Organized_data_Nov_2020\PLOG7\A\nothing, 2021-03-17 14:23:06,FALSE,PLOG7,A,TRUE,FALSE,FALSE,nothing,false,,
River Logs,PICT0053.ASF,Organized_data_Nov_2020\PLOG7\A\nothing, 2021-03-17 14:23:50,FALSE,PLOG7,A,TRUE,FALSE,FALSE,nothing,false,,
River Logs,PICT0054.ASF,Organized_data_Nov_2020\PLOG7\A\nothing, 2021-03-17 14:24:34,FALSE,PLOG7,A,TRUE,FALSE,FALSE,nothing,false,,
River Logs,PICT0055.ASF,Organized_data_Nov_2020\PLOG7\A\nothing, 2021-03-17 14:25:18,FALSE,PLOG7,A,TRUE,FALSE,FALSE,nothing,false,,
River Logs,PICT0056.ASF,Organized_data_Nov_2020\PLOG7\A\nothing, 2021-03-17 14:26:02,FALSE,PLOG7,A,TRUE,FALSE,FALSE,nothing,false,,
River Logs,PICT0057.ASF,Organized_data_Nov_2020\PLOG7\A\nothing, 2021-03-17 14:26:46,FALSE,PLOG7,A,TRUE,FALSE,FALSE,nothing,false,,
River Logs,PICT0058.ASF,Organized_data_Nov_2020\PLOG7\A\nothing, 2021-03-17 14:29:10,FALSE,PLOG7,A,TRUE,FALSE,FALSE,nothing,false,,
River Logs,PICT0059.ASF,Organized_data_Nov_2020\PLOG7\A\nothing, 2021-03-17 14:29:54,FALSE,PLOG7,A,TRUE,FALSE,FALSE,nothing,false,,
River Logs,PICT0060.ASF,Organized_data_Nov_2020\PLOG7\A\on_log\lizard_uid, 2021-03-17 14:30:38,FALSE,PLOG7,A,FALSE,FALSE,TRUE,lizard_uid,false,,
River Logs,IMG_0003.AVI,Organized_data_Nov_2020\PLOG3\B\on_log\coati, 2021-03-17 15:11:28,FALSE,PLOG3,B,FALSE,FALSE,TRUE,coati,true,marking,
River Logs,03170002.AVI,Organized_data_Nov_2020\PLOG7\B\on_log\coati, 2021-03-17 15:16:54,FALSE,PLOG7,B,FALSE,FALSE,TRUE,coati,true,,
River Logs,03170006.MP4,Organized_data_Nov_2020\CLOG5\A\on_log\bird, 2021-03-17 16:21:22,FALSE,CLOG5,A,FALSE,FALSE,TRUE,bird,false,,
River Logs,03170003.AVI,Organized_data_Nov_2020\PLOG7\B\on_log\curassow_great, 2021-03-17 17:59:32,FALSE,PLOG7,B,FALSE,FALSE,TRUE,curassow_great,true,,
River Logs,03170004.AVI,Organized_data_Nov_2020\PLOG5\B\setup, 2021-03-17 22:06:34,FALSE,PLOG5,B,FALSE,TRUE,FALSE,people,false,,
River Logs,03170005.AVI,Organized_data_Nov_2020\PLOG5\B\setup, 2021-03-17 22:07:22,FALSE,PLOG5,B,FALSE,TRUE,FALSE,people,false,,
River Logs,03170006.AVI,Organized_data_Nov_2020\PLOG5\B\setup, 2021-03-17 22:51:44,FALSE,PLOG5,B,FALSE,TRUE,FALSE,people,false,,
River Logs,03170007.AVI,Organized_data_Nov_2020\PLOG5\B\setup, 2021-03-17 22:52:54,FALSE,PLOG5,B,FALSE,TRUE,FALSE,people,false,,
River Logs,03170008.AVI,Organized_data_Nov_2020\PLOG5\B\setup, 2021-03-17 22:53:50,FALSE,PLOG5,B,FALSE,TRUE,FALSE,people,false,,
River Logs,03180010.AVI,Organized_data_Nov_2020\CLOG6\A\on_log\tamandua, 2021-03-18 00:59:18,FALSE,CLOG6,A,FALSE,FALSE,TRUE,tamandua,true,,
River Logs,IMG_0004.AVI,Organized_data_Nov_2020\PLOG3\B\on_log\opossum_common, 2021-03-18 04:16:18,FALSE,PLOG3,B,FALSE,FALSE,TRUE,opossum_common,false,jumping off,
River Logs,IMG_0005.AVI,Organized_data_Nov_2020\PLOG3\B\nothing, 2021-03-18 09:28:46,FALSE,PLOG3,B,TRUE,FALSE,FALSE,nothing,false,,
River Logs,03180009.AVI,Organized_data_Nov_2020\PLOG5\B\nothing, 2021-03-18 12:38:12,FALSE,PLOG5,B,TRUE,FALSE,FALSE,nothing,false,,
River Logs,IMG_0006.AVI,Organized_data_Nov_2020\PLOG3\B\nothing, 2021-03-18 15:29:58,FALSE,PLOG3,B,TRUE,FALSE,FALSE,nothing,false,,
River Logs,03180010.AVI,Organized_data_Nov_2020\PLOG5\B\on_log\bird, 2021-03-18 16:15:44,FALSE,PLOG5,B,FALSE,FALSE,TRUE,bird,false,,
River Logs,IMG_0007.AVI,Organized_data_Nov_2020\PLOG3\B\on_log\coati, 2021-03-18 19:36:30,FALSE,PLOG3,B,FALSE,FALSE,TRUE,coati,true,marking,
River Logs,IMG_0008.AVI,Organized_data_Nov_2020\PLOG3\B\on_log\ocelot, 2021-03-18 21:04:36,FALSE,PLOG3,B,FALSE,FALSE,TRUE,ocelot,true,,
River Logs,03180011.AVI,Organized_data_Nov_2020\CLOG6\A\on_log\tamandua, 2021-03-18 21:33:30,FALSE,CLOG6,A,FALSE,FALSE,TRUE,tamandua,true,,
River Logs,IMG_0009 - Copy.AVI,Organized_data_Nov_2020\PLOG3\B\on_log\opossum_common, 2021-03-19 04:59:26,FALSE,PLOG3,B,FALSE,FALSE,TRUE,opossum_common,true,,
River Logs,IMG_0010.AVI,Organized_data_Nov_2020\PLOG3\B\on_log\tamandua, 2021-03-19 05:15:20,FALSE,PLOG3,B,FALSE,FALSE,TRUE,tamandua,true,,
River Logs,03190011.AVI,Organized_data_Nov_2020\PLOG5\B\nothing, 2021-03-19 06:57:56,FALSE,PLOG5,B,TRUE,FALSE,FALSE,nothing,false,,
River Logs,IMG_0011.AVI,Organized_data_Nov_2020\PLOG3\B\on_log\coati, 2021-03-19 10:49:48,FALSE,PLOG3,B,FALSE,FALSE,TRUE,coati,true,,
River Logs,IMG_0012.AVI,Organized_data_Nov_2020\PLOG3\B\on_log\coati, 2021-03-19 10:50:12,FALSE,PLOG3,B,FALSE,FALSE,TRUE,coati,true,marking,
River Logs,IMG_0013.AVI,Organized_data_Nov_2020\PLOG3\B\on_log\coati, 2021-03-19 10:55:54,FALSE,PLOG3,B,FALSE,FALSE,TRUE,coati,true,,
River Logs,IMG_0014.AVI,Organized_data_Nov_2020\PLOG3\B\on_log\coati, 2021-03-19 17:27:06,FALSE,PLOG3,B,FALSE,FALSE,TRUE,coati,true,marking,
River Logs,03190004.AVI,Organized_data_Nov_2020\PLOG7\B\nothing, 2021-03-19 20:34:20,FALSE,PLOG7,B,TRUE,FALSE,FALSE,nothing,false,,
River Logs,IMG_0015.AVI,Organized_data_Nov_2020\PLOG3\B\on_log\ocelot, 2021-03-19 21:25:12,FALSE,PLOG3,B,FALSE,FALSE,TRUE,ocelot,true,,
River Logs,IMG_0016.AVI,Organized_data_Nov_2020\PLOG3\B\nothing, 2021-03-20 01:42:18,FALSE,PLOG3,B,TRUE,FALSE,FALSE,nothing,false,,
River Logs,IMG_0017.AVI,Organized_data_Nov_2020\PLOG3\B\nothing, 2021-03-20 02:47:56,FALSE,PLOG3,B,TRUE,FALSE,FALSE,nothing,false,,
River Logs,IMG_0018.AVI,Organized_data_Nov_2020\PLOG3\B\on_log\coati, 2021-03-20 09:56:18,FALSE,PLOG3,B,FALSE,FALSE,TRUE,coati,true,,
River Logs,03200005.AVI,Organized_data_Nov_2020\PLOG7\B\on_log\curassow_great, 2021-03-20 20:07:10,FALSE,PLOG7,B,FALSE,FALSE,TRUE,curassow_great,false,,
River Logs,IMG_0019.AVI,Organized_data_Nov_2020\PLOG3\B\on_log\tamandua, 2021-03-20 23:52:34,FALSE,PLOG3,B,FALSE,FALSE,TRUE,tamandua,true,,
River Logs,03210012.AVI,Organized_data_Nov_2020\PLOG5\B\nothing, 2021-03-21 12:23:50,FALSE,PLOG5,B,TRUE,FALSE,FALSE,nothing,false,,
River Logs,IMG_0020.AVI,Organized_data_Nov_2020\PLOG3\B\on_log\curassow_great, 2021-03-21 14:19:08,FALSE,PLOG3,B,FALSE,FALSE,TRUE,curassow_great,false,,
River Logs,03210013.AVI,Organized_data_Nov_2020\PLOG5\B\nothing, 2021-03-21 14:44:24,FALSE,PLOG5,B,TRUE,FALSE,FALSE,nothing,false,,
River Logs,IMG_0021.AVI,Organized_data_Nov_2020\PLOG3\B\nothing, 2021-03-21 14:52:14,FALSE,PLOG3,B,TRUE,FALSE,FALSE,nothing,false,,
River Logs,03210006.AVI,Organized_data_Nov_2020\PLOG7\B\on_log\coati, 2021-03-21 15:33:46,FALSE,PLOG7,B,FALSE,FALSE,TRUE,coati,true,,
River Logs,03210007.AVI,Organized_data_Nov_2020\PLOG7\B\on_log\coati, 2021-03-21 15:34:48,FALSE,PLOG7,B,FALSE,FALSE,TRUE,coati,true,,
River Logs,03210012.AVI,Organized_data_Nov_2020\CLOG6\A\on_log\tamandua, 2021-03-21 17:22:20,FALSE,CLOG6,A,FALSE,FALSE,TRUE,tamandua,true,,
River Logs,03210006.AVI,Organized_data_Nov_2020\CLOG1\off_log\dog, 2021-03-21 18:21:24,FALSE,CLOG1,A,FALSE,FALSE,FALSE,dog,false,,
River Logs,03210007.AVI,Organized_data_Nov_2020\CLOG1\nothing, 2021-03-21 18:24:56,FALSE,CLOG1,A,TRUE,FALSE,FALSE,nothing,false,,
River Logs,03210008.AVI,Organized_data_Nov_2020\PLOG7\B\on_log\coati, 2021-03-21 19:35:54,FALSE,PLOG7,B,FALSE,FALSE,TRUE,coati,true,,
River Logs,IMG_0022.AVI,Organized_data_Nov_2020\PLOG3\B\off_log\people, 2021-03-21 23:15:54,FALSE,PLOG3,B,FALSE,FALSE,FALSE,people,false,,
River Logs,IMG_0023.AVI,Organized_data_Nov_2020\PLOG3\B\nothing, 2021-03-21 23:16:06,FALSE,PLOG3,B,TRUE,FALSE,FALSE,nothing,false,,
River Logs,03220013.AVI,Organized_data_Nov_2020\CLOG6\A\on_log\tamandua, 2021-03-22 00:27:14,FALSE,CLOG6,A,FALSE,FALSE,TRUE,tamandua,true,foraging,
River Logs,IMG_0024.AVI,Organized_data_Nov_2020\PLOG3\B\on_log\ocelot, 2021-03-22 00:50:28,FALSE,PLOG3,B,FALSE,FALSE,TRUE,ocelot,true,,
River Logs,03220014.AVI,Organized_data_Nov_2020\PLOG5\B\on_log\tayra, 2021-03-22 14:40:26,FALSE,PLOG5,B,FALSE,FALSE,TRUE,tayra,true,,
River Logs,03220015.AVI,Organized_data_Nov_2020\PLOG5\B\on_log\tayra, 2021-03-22 14:48:06,FALSE,PLOG5,B,FALSE,FALSE,TRUE,tayra,true,,
River Logs,IMG_0025.AVI,Organized_data_Nov_2020\PLOG3\B\on_log\coati, 2021-03-22 16:32:46,FALSE,PLOG3,B,FALSE,FALSE,TRUE,coati,true,,
River Logs,IMG_0026.AVI,Organized_data_Nov_2020\PLOG3\B\on_log\coati, 2021-03-22 16:33:22,FALSE,PLOG3,B,FALSE,FALSE,TRUE,coati,true,,
River Logs,03220008.AVI,Organized_data_Nov_2020\CLOG1\nothing, 2021-03-22 19:01:30,FALSE,CLOG1,A,TRUE,FALSE,FALSE,nothing,false,,
River Logs,IMG_0027.AVI,Organized_data_Nov_2020\PLOG3\B\on_log\tamandua, 2021-03-23 00:21:22,FALSE,PLOG3,B,FALSE,FALSE,TRUE,tamandua,true,,
River Logs,IMG_0028.AVI,Organized_data_Nov_2020\PLOG3\B\on_log\opossum_common, 2021-03-23 01:05:30,FALSE,PLOG3,B,FALSE,FALSE,TRUE,opossum_common,true,,
River Logs,03230014.AVI,Organized_data_Nov_2020\CLOG6\A\on_log\tamandua, 2021-03-23 01:56:08,FALSE,CLOG6,A,FALSE,FALSE,TRUE,tamandua,true,,
River Logs,IMG_0029.AVI,Organized_data_Nov_2020\PLOG3\B\on_log\opossum_common, 2021-03-23 02:48:20,FALSE,PLOG3,B,FALSE,FALSE,TRUE,opossum_common,true,,
River Logs,03230015.AVI,Organized_data_Nov_2020\CLOG6\A\on_log\tamandua, 2021-03-23 02:56:08,FALSE,CLOG6,A,FALSE,FALSE,TRUE,tamandua,true,foraging,
River Logs,IMG_0030.AVI,Organized_data_Nov_2020\PLOG3\B\nothing, 2021-03-23 08:52:10,FALSE,PLOG3,B,TRUE,FALSE,FALSE,nothing,false,,
River Logs,03230010.AVI,Organized_data_Nov_2020\PLOG7\B\on_log\curassow_great, 2021-03-23 10:27:42,FALSE,PLOG7,B,FALSE,FALSE,TRUE,curassow_great,true,,
River Logs,03230011.AVI,Organized_data_Nov_2020\PLOG7\B\on_log\curassow_great, 2021-03-23 10:32:36,FALSE,PLOG7,B,FALSE,FALSE,TRUE,curassow_great,false,,
River Logs,03230012.AVI,Organized_data_Nov_2020\PLOG7\B\on_log\curassow_great, 2021-03-23 10:33:28,FALSE,PLOG7,B,FALSE,FALSE,TRUE,curassow_great,false,,
River Logs,03230013.AVI,Organized_data_Nov_2020\PLOG7\B\on_log\curassow_great, 2021-03-23 10:34:54,FALSE,PLOG7,B,FALSE,FALSE,TRUE,curassow_great,true,,
River Logs,03230014.AVI,Organized_data_Nov_2020\PLOG7\B\on_log\curassow_great, 2021-03-23 11:21:28,FALSE,PLOG7,B,FALSE,FALSE,TRUE,curassow_great,false,,
River Logs,03230015.AVI,Organized_data_Nov_2020\PLOG7\B\on_log\curassow_great, 2021-03-23 11:22:26,FALSE,PLOG7,B,FALSE,FALSE,TRUE,curassow_great,false,,
River Logs,03230016.AVI,Organized_data_Nov_2020\PLOG7\B\on_log\curassow_great, 2021-03-23 11:23:14,FALSE,PLOG7,B,FALSE,FALSE,TRUE,curassow_great,false,,
River Logs,03230017.AVI,Organized_data_Nov_2020\PLOG7\B\on_log\curassow_great, 2021-03-23 11:24:08,FALSE,PLOG7,B,FALSE,FALSE,TRUE,curassow_great,false,,
River Logs,03230018.AVI,Organized_data_Nov_2020\PLOG7\B\on_log\curassow_great, 2021-03-23 11:59:18,FALSE,PLOG7,B,FALSE,FALSE,TRUE,curassow_great,false,,
River Logs,IMG_0031.AVI,Organized_data_Nov_2020\PLOG3\B\on_log\coati, 2021-03-23 18:39:46,FALSE,PLOG3,B,FALSE,FALSE,TRUE,coati,true,,
River Logs,IMG_0032.AVI,Organized_data_Nov_2020\PLOG3\B\on_log\opossum_common, 2021-03-24 00:09:54,FALSE,PLOG3,B,FALSE,FALSE,TRUE,opossum_common,true,,
River Logs,IMG_0033.AVI,Organized_data_Nov_2020\PLOG3\B\on_log\opossum_common, 2021-03-24 00:41:00,FALSE,PLOG3,B,FALSE,FALSE,TRUE,opossum_common,true,,
River Logs,03250016.AVI,Organized_data_Nov_2020\CLOG6\A\on_log\Striped hog Nosed skun, 2021-03-25 00:53:06,FALSE,CLOG6,A,FALSE,FALSE,TRUE,skunk_striped,true,,
River Logs,03250018.AVI,Organized_data_Nov_2020\CLOG6\A\on_log\iguana, 2021-03-25 10:17:00,FALSE,CLOG6,A,FALSE,FALSE,TRUE,iguana_green,false,,
River Logs,03250019.AVI,Organized_data_Nov_2020\CLOG6\A\on_log\iguana, 2021-03-25 10:19:34,FALSE,CLOG6,A,FALSE,FALSE,TRUE,iguana_green,false,,
River Logs,03250016.AVI,Organized_data_Nov_2020\PLOG5\B\on_log\lizard_uid, 2021-03-25 10:45:12,FALSE,PLOG5,B,FALSE,FALSE,TRUE,lizard_uid,false,,
River Logs,03250019.AVI,Organized_data_Nov_2020\PLOG7\B\on_log\coati, 2021-03-25 10:47:02,FALSE,PLOG7,B,FALSE,FALSE,TRUE,coati,true,,
River Logs,03250007.AVI,Organized_data_Nov_2020\CLOG5\B\nothing, 2021-03-25 14:30:48,FALSE,CLOG5,B,TRUE,FALSE,FALSE,nothing,false,,
River Logs,03250008.AVI,Organized_data_Nov_2020\CLOG5\B\nothing, 2021-03-25 14:37:56,FALSE,CLOG5,B,TRUE,FALSE,FALSE,nothing,false,,
River Logs,03250017.AVI,Organized_data_Nov_2020\PLOG5\B\nothing, 2021-03-25 15:09:18,FALSE,PLOG5,B,TRUE,FALSE,FALSE,nothing,false,,
River Logs,IMG_0034.AVI,Organized_data_Nov_2020\PLOG3\B\on_log\opossum_common, 2021-03-26 01:13:18,FALSE,PLOG3,B,FALSE,FALSE,TRUE,opossum_common,true,,
River Logs,IMG_0035.AVI,Organized_data_Nov_2020\PLOG3\B\on_log\opossum_common, 2021-03-26 01:34:36,FALSE,PLOG3,B,FALSE,FALSE,TRUE,opossum_common,true,,
River Logs,IMG_0036.AVI,Organized_data_Nov_2020\PLOG3\B\nothing, 2021-03-26 01:36:08,FALSE,PLOG3,B,TRUE,FALSE,FALSE,nothing,false,,
River Logs,03260018.AVI,Organized_data_Nov_2020\PLOG5\B\nothing, 2021-03-26 12:00:38,FALSE,PLOG5,B,TRUE,FALSE,FALSE,nothing,false,,
River Logs,03260019.AVI,Organized_data_Nov_2020\PLOG5\B\nothing, 2021-03-26 12:04:08,FALSE,PLOG5,B,TRUE,FALSE,FALSE,nothing,false,,
River Logs,03260020.AVI,Organized_data_Nov_2020\PLOG7\B\on_log\coati, 2021-03-26 13:31:12,FALSE,PLOG7,B,FALSE,FALSE,TRUE,coati,true,,
River Logs,03270020.AVI,Organized_data_Nov_2020\PLOG5\B\on_log\puma, 2021-03-27 07:27:08,FALSE,PLOG5,B,FALSE,FALSE,TRUE,puma,true,,
River Logs,IMG_0037.AVI,Organized_data_Nov_2020\PLOG3\B\on_log\opossum_common, 2021-03-27 23:59:30,FALSE,PLOG3,B,FALSE,FALSE,TRUE,opossum_common,true,,
River Logs,IMG_0038.AVI,Organized_data_Nov_2020\PLOG3\B\on_log\tamandua, 2021-03-28 05:33:06,FALSE,PLOG3,B,FALSE,FALSE,TRUE,tamandua,true,,
River Logs,03280021.AVI,Organized_data_Nov_2020\PLOG5\B\nothing, 2021-03-28 11:37:16,FALSE,PLOG5,B,TRUE,FALSE,FALSE,nothing,false,,
River Logs,03280022.AVI,Organized_data_Nov_2020\PLOG5\B\nothing, 2021-03-28 12:27:52,FALSE,PLOG5,B,TRUE,FALSE,FALSE,nothing,false,,
River Logs,03280023.AVI,Organized_data_Nov_2020\PLOG5\B\nothing, 2021-03-28 13:10:50,FALSE,PLOG5,B,TRUE,FALSE,FALSE,nothing,false,,
River Logs,IMG_0040.AVI,Organized_data_Nov_2020\PLOG3\B\on_log\tamandua, 2021-03-29 08:27:36,FALSE,PLOG3,B,FALSE,FALSE,TRUE,tamandua,true,,
River Logs,03290020.AVI,Organized_data_Nov_2020\CLOG6\A\on_log\birds, 2021-03-29 08:38:34,FALSE,CLOG6,A,FALSE,FALSE,TRUE,bird,false,,
River Logs,IMG_0041.AVI,Organized_data_Nov_2020\PLOG3\B\on_log\coati, 2021-03-29 10:05:48,FALSE,PLOG3,B,FALSE,FALSE,TRUE,coati,true,,
River Logs,03290024.AVI,Organized_data_Nov_2020\PLOG5\B\nothing, 2021-03-29 10:23:32,FALSE,PLOG5,B,TRUE,FALSE,FALSE,nothing,false,,
River Logs,03290025.AVI,Organized_data_Nov_2020\PLOG5\B\nothing, 2021-03-29 11:33:36,FALSE,PLOG5,B,TRUE,FALSE,FALSE,nothing,false,,
River Logs,03290026.AVI,Organized_data_Nov_2020\PLOG5\B\nothing, 2021-03-29 11:35:04,FALSE,PLOG5,B,TRUE,FALSE,FALSE,nothing,false,,
River Logs,03290027.AVI,Organized_data_Nov_2020\PLOG5\B\nothing, 2021-03-29 11:57:50,FALSE,PLOG5,B,TRUE,FALSE,FALSE,nothing,false,,
River Logs,IMG_0042.AVI,Organized_data_Nov_2020\PLOG3\B\on_log\coati, 2021-03-29 11:59:40,FALSE,PLOG3,B,FALSE,FALSE,TRUE,coati,true,marking,
River Logs,03290021.AVI,Organized_data_Nov_2020\PLOG7\B\on_log\coati, 2021-03-29 12:19:58,FALSE,PLOG7,B,FALSE,FALSE,TRUE,coati,true,marking,
River Logs,03290022.AVI,Organized_data_Nov_2020\PLOG7\B\on_log\curassow_great, 2021-03-29 14:38:30,FALSE,PLOG7,B,FALSE,FALSE,TRUE,curassow_great,true,,
River Logs,03290028.AVI,Organized_data_Nov_2020\PLOG5\B\nothing, 2021-03-29 14:48:12,FALSE,PLOG5,B,TRUE,FALSE,FALSE,nothing,false,,
River Logs,03290029.AVI,Organized_data_Nov_2020\PLOG5\B\nothing, 2021-03-29 15:47:10,FALSE,PLOG5,B,TRUE,FALSE,FALSE,nothing,false,,
River Logs,IMG_0043 - Copy.AVI,Organized_data_Nov_2020\PLOG3\B\on_log\opossum_common, 2021-03-29 23:21:28,FALSE,PLOG3,B,FALSE,FALSE,TRUE,opossum_common,true,,
River Logs,03300023.AVI,Organized_data_Nov_2020\PLOG7\B\nothing, 2021-03-30 04:32:24,FALSE,PLOG7,B,TRUE,FALSE,FALSE,nothing,false,,
River Logs,03300030.AVI,Organized_data_Nov_2020\PLOG5\B\nothing, 2021-03-30 11:51:38,FALSE,PLOG5,B,TRUE,FALSE,FALSE,nothing,false,,
River Logs,03300031.AVI,Organized_data_Nov_2020\PLOG5\B\nothing, 2021-03-30 12:03:16,FALSE,PLOG5,B,TRUE,FALSE,FALSE,nothing,false,,
River Logs,03300032.AVI,Organized_data_Nov_2020\PLOG5\B\nothing, 2021-03-30 13:27:22,FALSE,PLOG5,B,TRUE,FALSE,FALSE,nothing,false,,
River Logs,03300033.AVI,Organized_data_Nov_2020\PLOG5\B\nothing, 2021-03-30 14:28:08,FALSE,PLOG5,B,TRUE,FALSE,FALSE,nothing,false,,
River Logs,03300024.AVI,Organized_data_Nov_2020\PLOG7\B\on_log\ocelot, 2021-03-30 14:50:22,FALSE,PLOG7,B,FALSE,FALSE,TRUE,ocelot,true,,
River Logs,03300025.AVI,Organized_data_Nov_2020\PLOG7\B\nothing, 2021-03-30 15:09:40,FALSE,PLOG7,B,TRUE,FALSE,FALSE,nothing,false,,
River Logs,03300021.AVI,Organized_data_Nov_2020\CLOG6\A\on_log\Striped hog Nosed skun, 2021-03-30 18:20:02,FALSE,CLOG6,A,FALSE,FALSE,TRUE,skunk_striped,true,,
River Logs,03310034.AVI,Organized_data_Nov_2020\PLOG5\B\nothing, 2021-03-31 11:29:20,FALSE,PLOG5,B,TRUE,FALSE,FALSE,nothing,false,,
River Logs,03310035.AVI,Organized_data_Nov_2020\PLOG5\B\nothing, 2021-03-31 11:50:14,FALSE,PLOG5,B,TRUE,FALSE,FALSE,nothing,false,,
River Logs,03310036.AVI,Organized_data_Nov_2020\PLOG5\B\nothing, 2021-03-31 12:15:00,FALSE,PLOG5,B,TRUE,FALSE,FALSE,nothing,false,,
River Logs,03310037.AVI,Organized_data_Nov_2020\PLOG5\B\nothing, 2021-03-31 12:34:44,FALSE,PLOG5,B,TRUE,FALSE,FALSE,nothing,false,,
River Logs,03310038.AVI,Organized_data_Nov_2020\PLOG5\B\nothing, 2021-03-31 13:37:58,FALSE,PLOG5,B,TRUE,FALSE,FALSE,nothing,false,,
River Logs,IMG_0044.AVI,Organized_data_Nov_2020\PLOG3\B\on_log\opossum_common, 2021-04-01 02:51:44,FALSE,PLOG3,B,FALSE,FALSE,TRUE,opossum_common,true,,
River Logs,IMG_0045.AVI,Organized_data_Nov_2020\PLOG3\B\on_log\tamandua, 2021-04-01 05:59:56,FALSE,PLOG3,B,FALSE,FALSE,TRUE,tamandua,true,,
River Logs,04010026.AVI,Organized_data_Nov_2020\PLOG7\B\on_log\curassow_great, 2021-04-01 11:49:20,FALSE,PLOG7,B,FALSE,FALSE,TRUE,curassow_great,true,,
River Logs,04010027.AVI,Organized_data_Nov_2020\PLOG7\B\nothing, 2021-04-01 11:58:02,FALSE,PLOG7,B,TRUE,FALSE,FALSE,nothing,false,,
River Logs,04010039.AVI,Organized_data_Nov_2020\PLOG5\B\on_log\tayra, 2021-04-01 13:10:08,FALSE,PLOG5,B,FALSE,FALSE,TRUE,tayra,true,,
River Logs,04010028.AVI,Organized_data_Nov_2020\PLOG7\B\on_log\coati, 2021-04-01 17:44:32,FALSE,PLOG7,B,FALSE,FALSE,TRUE,coati,true,,
River Logs,04010029.AVI,Organized_data_Nov_2020\PLOG7\B\on_log\coati, 2021-04-01 17:46:50,FALSE,PLOG7,B,FALSE,FALSE,TRUE,coati,true,,
River Logs,04020040.AVI,Organized_data_Nov_2020\PLOG5\B\nothing, 2021-04-02 11:14:04,FALSE,PLOG5,B,TRUE,FALSE,FALSE,nothing,false,,
River Logs,04020041.AVI,Organized_data_Nov_2020\PLOG5\B\nothing, 2021-04-02 13:18:58,FALSE,PLOG5,B,TRUE,FALSE,FALSE,nothing,false,,
River Logs,04020022.AVI,Organized_data_Nov_2020\CLOG6\A\on_log\Striped hog Nosed skun, 2021-04-02 19:54:16,FALSE,CLOG6,A,FALSE,FALSE,TRUE,skunk_striped,true,,
River Logs,04030023.AVI,Organized_data_Nov_2020\CLOG6\A\on_log\tamandua, 2021-04-03 02:39:50,FALSE,CLOG6,A,FALSE,FALSE,TRUE,tamandua,true,foraging,
River Logs,04030042.AVI,Organized_data_Nov_2020\PLOG5\B\nothing, 2021-04-03 10:41:22,FALSE,PLOG5,B,TRUE,FALSE,FALSE,nothing,false,,
River Logs,04030043.AVI,Organized_data_Nov_2020\PLOG5\B\nothing, 2021-04-03 12:46:40,FALSE,PLOG5,B,TRUE,FALSE,FALSE,nothing,false,,
River Logs,04030044.AVI,Organized_data_Nov_2020\PLOG5\B\nothing, 2021-04-03 13:13:40,FALSE,PLOG5,B,TRUE,FALSE,FALSE,nothing,false,,
River Logs,04030045.AVI,Organized_data_Nov_2020\PLOG5\B\nothing, 2021-04-03 13:16:02,FALSE,PLOG5,B,TRUE,FALSE,FALSE,nothing,false,,
River Logs,04030046.AVI,Organized_data_Nov_2020\PLOG5\B\nothing, 2021-04-03 13:18:44,FALSE,PLOG5,B,TRUE,FALSE,FALSE,nothing,false,,
River Logs,IMG_0046.AVI,Organized_data_Nov_2020\PLOG3\B\on_log\coati, 2021-04-03 14:10:30,FALSE,PLOG3,B,FALSE,FALSE,TRUE,coati,true,,
River Logs,04030047.AVI,Organized_data_Nov_2020\PLOG5\B\nothing, 2021-04-03 14:49:24,FALSE,PLOG5,B,TRUE,FALSE,FALSE,nothing,false,,
River Logs,04030048.AVI,Organized_data_Nov_2020\PLOG5\B\nothing, 2021-04-03 15:44:52,FALSE,PLOG5,B,TRUE,FALSE,FALSE,nothing,false,,
River Logs,04030024.AVI,Organized_data_Nov_2020\CLOG6\A\on_log\Striped hog Nosed skun, 2021-04-03 19:44:18,FALSE,CLOG6,A,FALSE,FALSE,TRUE,skunk_striped,true,,
River Logs,IMG_0047.AVI,Organized_data_Nov_2020\PLOG3\B\on_log\opossum_common, 2021-04-03 23:11:18,FALSE,PLOG3,B,FALSE,FALSE,TRUE,opossum_common,true,,
River Logs,IMG_0048.AVI,Organized_data_Nov_2020\PLOG3\B\on_log\opossum_common, 2021-04-04 01:19:54,FALSE,PLOG3,B,FALSE,FALSE,TRUE,opossum_common,true,,
River Logs,04040025.AVI,Organized_data_Nov_2020\CLOG6\A\on_log\Striped hog Nosed skun, 2021-04-04 03:11:54,FALSE,CLOG6,A,FALSE,FALSE,TRUE,skunk_striped,true,,
River Logs,04040049.AVI,Organized_data_Nov_2020\PLOG5\B\nothing, 2021-04-04 11:50:28,FALSE,PLOG5,B,TRUE,FALSE,FALSE,nothing,false,,
River Logs,04040050.AVI,Organized_data_Nov_2020\PLOG5\B\on_log\curassow_great, 2021-04-04 12:19:04,FALSE,PLOG5,B,FALSE,FALSE,TRUE,curassow_great,true,,
River Logs,04040051.AVI,Organized_data_Nov_2020\PLOG5\B\nothing, 2021-04-04 12:23:42,FALSE,PLOG5,B,TRUE,FALSE,FALSE,nothing,false,,
River Logs,04040052.AVI,Organized_data_Nov_2020\PLOG5\B\nothing, 2021-04-04 12:29:48,FALSE,PLOG5,B,TRUE,FALSE,FALSE,nothing,false,,
River Logs,04040053.AVI,Organized_data_Nov_2020\PLOG5\B\nothing, 2021-04-04 12:56:56,FALSE,PLOG5,B,TRUE,FALSE,FALSE,nothing,false,,
River Logs,04040054.AVI,Organized_data_Nov_2020\PLOG5\A\on_log\lizard_uid, 2021-04-04 15:06:56,FALSE,PLOG5,A,FALSE,FALSE,TRUE,lizard_uid,false,,
River Logs,IMG_0049.AVI,Organized_data_Nov_2020\PLOG3\B\off_log\people, 2021-04-04 16:27:44,FALSE,PLOG3,B,FALSE,FALSE,FALSE,people,false,,
River Logs,IMG_0050.AVI,Organized_data_Nov_2020\PLOG3\B\on_log\coati, 2021-04-04 18:13:50,FALSE,PLOG3,B,FALSE,FALSE,TRUE,coati,true,,
River Logs,IMG_0051.AVI,Organized_data_Nov_2020\PLOG3\B\off_log\people, 2021-04-04 19:07:48,FALSE,PLOG3,B,FALSE,FALSE,FALSE,people,false,,
River Logs,IMG_0052.AVI,Organized_data_Nov_2020\PLOG3\B\on_log\tamandua, 2021-04-04 23:21:56,FALSE,PLOG3,B,FALSE,FALSE,TRUE,tamandua,true,,
River Logs,IMG_0053.AVI,Organized_data_Nov_2020\PLOG3\B\on_log\coati, 2021-04-05 11:59:24,FALSE,PLOG3,B,FALSE,FALSE,TRUE,coati,true,,
River Logs,04050030.AVI,Organized_data_Nov_2020\PLOG7\B\on_log\curassow_great, 2021-04-05 12:42:40,FALSE,PLOG7,B,FALSE,FALSE,TRUE,curassow_great,false,,
River Logs,04050031.AVI,Organized_data_Nov_2020\PLOG7\B\on_log\curassow_great, 2021-04-05 12:55:52,FALSE,PLOG7,B,FALSE,FALSE,TRUE,curassow_great,false,,
River Logs,04050032.AVI,Organized_data_Nov_2020\PLOG7\B\on_log\tamandua, 2021-04-05 14:49:34,FALSE,PLOG7,B,FALSE,FALSE,TRUE,tamandua,false,,
River Logs,IMG_0054.AVI,Organized_data_Nov_2020\PLOG3\B\on_log\tayra, 2021-04-05 16:27:56,FALSE,PLOG3,B,FALSE,FALSE,TRUE,tayra,true,,
River Logs,04060033.AVI,Organized_data_Nov_2020\PLOG7\B\nothing, 2021-04-06 09:25:06,FALSE,PLOG7,B,TRUE,FALSE,FALSE,nothing,false,,
River Logs,04060055.AVI,Organized_data_Nov_2020\PLOG5\A\on_log\iguana_green, 2021-04-06 13:03:30,FALSE,PLOG5,A,FALSE,FALSE,TRUE,iguana_green,false,,
River Logs,04060056.AVI,Organized_data_Nov_2020\PLOG5\A\on_log\iguana_green, 2021-04-06 13:06:38,FALSE,PLOG5,A,FALSE,FALSE,TRUE,iguana_green,false,,
River Logs,04060057.AVI,Organized_data_Nov_2020\PLOG5\B\nothing, 2021-04-06 13:19:28,FALSE,PLOG5,B,TRUE,FALSE,FALSE,nothing,false,,
River Logs,04060034.AVI,Organized_data_Nov_2020\PLOG7\B\on_log\curassow_great, 2021-04-06 13:21:40,FALSE,PLOG7,B,FALSE,FALSE,TRUE,curassow_great,false,,
River Logs,04060035.AVI,Organized_data_Nov_2020\PLOG7\B\on_log\curassow_great, 2021-04-06 13:23:12,FALSE,PLOG7,B,FALSE,FALSE,TRUE,curassow_great,true,,
River Logs,04060036.AVI,Organized_data_Nov_2020\PLOG7\B\on_log\tayra, 2021-04-06 16:47:28,FALSE,PLOG7,B,FALSE,FALSE,TRUE,tayra,true,,
River Logs,04070026.AVI,Organized_data_Nov_2020\CLOG6\A\on_log\Striped hog Nosed skun, 2021-04-07 02:35:18,FALSE,CLOG6,A,FALSE,FALSE,TRUE,skunk_striped,true,,
River Logs,04070058.AVI,Organized_data_Nov_2020\PLOG5\B\nothing, 2021-04-07 12:00:10,FALSE,PLOG5,B,TRUE,FALSE,FALSE,nothing,false,,
River Logs,04070059.AVI,Organized_data_Nov_2020\PLOG5\B\nothing, 2021-04-07 13:34:02,FALSE,PLOG5,B,TRUE,FALSE,FALSE,nothing,false,,
River Logs,04070037.AVI,Organized_data_Nov_2020\PLOG7\B\on_log\curassow_great, 2021-04-07 19:43:58,FALSE,PLOG7,B,FALSE,FALSE,TRUE,curassow_great,false,,
River Logs,04070038.AVI,Organized_data_Nov_2020\PLOG7\B\on_log\curassow_great, 2021-04-07 19:47:14,FALSE,PLOG7,B,FALSE,FALSE,TRUE,curassow_great,false,,
River Logs,04070039.AVI,Organized_data_Nov_2020\PLOG7\B\on_log\curassow_great, 2021-04-07 19:48:02,FALSE,PLOG7,B,FALSE,FALSE,TRUE,curassow_great,false,,
River Logs,04070040.AVI,Organized_data_Nov_2020\PLOG7\B\on_log\curassow_great, 2021-04-07 19:48:52,FALSE,PLOG7,B,FALSE,FALSE,TRUE,curassow_great,false,,
River Logs,04070041.AVI,Organized_data_Nov_2020\PLOG7\B\on_log\curassow_great, 2021-04-07 19:49:42,FALSE,PLOG7,B,FALSE,FALSE,TRUE,curassow_great,false,,
River Logs,04070042.AVI,Organized_data_Nov_2020\PLOG7\B\on_log\curassow_great, 2021-04-07 19:50:30,FALSE,PLOG7,B,FALSE,FALSE,TRUE,curassow_great,false,,
River Logs,04070043.AVI,Organized_data_Nov_2020\PLOG7\B\on_log\curassow_great, 2021-04-07 19:51:20,FALSE,PLOG7,B,FALSE,FALSE,TRUE,curassow_great,false,,
River Logs,04070044.AVI,Organized_data_Nov_2020\PLOG7\B\on_log\curassow_great, 2021-04-07 19:52:40,FALSE,PLOG7,B,FALSE,FALSE,TRUE,curassow_great,false,,
River Logs,04070045.AVI,Organized_data_Nov_2020\PLOG7\B\on_log\curassow_great, 2021-04-07 19:53:32,FALSE,PLOG7,B,FALSE,FALSE,TRUE,curassow_great,false,,
River Logs,04070046.AVI,Organized_data_Nov_2020\PLOG7\B\on_log\curassow_great, 2021-04-07 19:54:26,FALSE,PLOG7,B,FALSE,FALSE,TRUE,curassow_great,false,,
River Logs,04070047.AVI,Organized_data_Nov_2020\PLOG7\B\on_log\curassow_great, 2021-04-07 19:55:32,FALSE,PLOG7,B,FALSE,FALSE,TRUE,curassow_great,false,,
River Logs,04070048.AVI,Organized_data_Nov_2020\PLOG7\B\on_log\curassow_great, 2021-04-07 19:56:34,FALSE,PLOG7,B,FALSE,FALSE,TRUE,curassow_great,false,,
River Logs,04070049.AVI,Organized_data_Nov_2020\PLOG7\B\on_log\curassow_great, 2021-04-07 19:57:40,FALSE,PLOG7,B,FALSE,FALSE,TRUE,curassow_great,false,,
River Logs,04070050.AVI,Organized_data_Nov_2020\PLOG7\B\on_log\curassow_great, 2021-04-07 19:58:30,FALSE,PLOG7,B,FALSE,FALSE,TRUE,curassow_great,false,,
River Logs,04070051.AVI,Organized_data_Nov_2020\PLOG7\B\on_log\curassow_great, 2021-04-07 19:59:20,FALSE,PLOG7,B,FALSE,FALSE,TRUE,curassow_great,false,,
River Logs,04070052.AVI,Organized_data_Nov_2020\PLOG7\B\on_log\curassow_great, 2021-04-07 20:00:14,FALSE,PLOG7,B,FALSE,FALSE,TRUE,curassow_great,false,,
River Logs,04070053.AVI,Organized_data_Nov_2020\PLOG7\B\on_log\curassow_great, 2021-04-07 20:01:04,FALSE,PLOG7,B,FALSE,FALSE,TRUE,curassow_great,false,,
River Logs,04070054.AVI,Organized_data_Nov_2020\PLOG7\B\on_log\curassow_great, 2021-04-07 20:02:00,FALSE,PLOG7,B,FALSE,FALSE,TRUE,curassow_great,false,,
River Logs,04070055.AVI,Organized_data_Nov_2020\PLOG7\B\on_log\curassow_great, 2021-04-07 20:02:50,FALSE,PLOG7,B,FALSE,FALSE,TRUE,curassow_great,false,,
River Logs,04070056.AVI,Organized_data_Nov_2020\PLOG7\B\on_log\curassow_great, 2021-04-07 20:03:40,FALSE,PLOG7,B,FALSE,FALSE,TRUE,curassow_great,false,,
River Logs,04070057.AVI,Organized_data_Nov_2020\PLOG7\B\on_log\curassow_great, 2021-04-07 20:04:34,FALSE,PLOG7,B,FALSE,FALSE,TRUE,curassow_great,false,,
River Logs,04070058.AVI,Organized_data_Nov_2020\PLOG7\B\on_log\curassow_great, 2021-04-07 20:05:26,FALSE,PLOG7,B,FALSE,FALSE,TRUE,curassow_great,false,,
River Logs,04070059.AVI,Organized_data_Nov_2020\PLOG7\B\on_log\curassow_great, 2021-04-07 20:07:04,FALSE,PLOG7,B,FALSE,FALSE,TRUE,curassow_great,false,,
River Logs,04070060.AVI,Organized_data_Nov_2020\PLOG7\B\on_log\curassow_great, 2021-04-07 20:07:54,FALSE,PLOG7,B,FALSE,FALSE,TRUE,curassow_great,false,,
River Logs,04070061.AVI,Organized_data_Nov_2020\PLOG7\B\on_log\curassow_great, 2021-04-07 20:08:58,FALSE,PLOG7,B,FALSE,FALSE,TRUE,curassow_great,false,,
River Logs,04070062.AVI,Organized_data_Nov_2020\PLOG7\B\on_log\curassow_great, 2021-04-07 20:10:44,FALSE,PLOG7,B,FALSE,FALSE,TRUE,curassow_great,true,,
River Logs,04090060.AVI,Organized_data_Nov_2020\PLOG5\B\on_log\bird, 2021-04-09 09:24:32,FALSE,PLOG5,B,FALSE,FALSE,TRUE,bird,false,,
River Logs,04110027.AVI,Organized_data_Nov_2020\CLOG6\A\on_log\ocelot, 2021-04-11 03:15:38,FALSE,CLOG6,A,FALSE,FALSE,TRUE,ocelot,true,,
River Logs,04110028.AVI,Organized_data_Nov_2020\CLOG6\A\on_log\great curacao, 2021-04-11 11:32:28,FALSE,CLOG6,A,FALSE,FALSE,TRUE,curassow_great,true,,
River Logs,04110063.AVI,Organized_data_Nov_2020\PLOG7\B\on_log\coati, 2021-04-11 12:51:16,FALSE,PLOG7,B,FALSE,FALSE,TRUE,coati,true,,
River Logs,04110064.AVI,Organized_data_Nov_2020\PLOG7\B\on_log\coati, 2021-04-11 12:52:08,FALSE,PLOG7,B,FALSE,FALSE,TRUE,coati,true,,
River Logs,04120062.AVI,Organized_data_Nov_2020\PLOG5\B\nothing, 2021-04-12 13:31:04,FALSE,PLOG5,B,TRUE,FALSE,FALSE,nothing,false,,
River Logs,04120061.AVI,Organized_data_Nov_2020\PLOG5\A\off_log\dog, 2021-04-12 14:02:04,FALSE,PLOG5,A,FALSE,FALSE,FALSE,dog,false,,
River Logs,04120063.AVI,Organized_data_Nov_2020\PLOG5\B\nothing, 2021-04-12 17:32:34,FALSE,PLOG5,B,TRUE,FALSE,FALSE,nothing,false,,
River Logs,04120064.AVI,Organized_data_Nov_2020\PLOG5\B\nothing, 2021-04-12 21:05:00,FALSE,PLOG5,B,TRUE,FALSE,FALSE,nothing,false,,
River Logs,04130065.AVI,Organized_data_Nov_2020\PLOG7\B\on_log\coati, 2021-04-13 13:18:16,FALSE,PLOG7,B,FALSE,FALSE,TRUE,coati,false,,
River Logs,04130066.AVI,Organized_data_Nov_2020\PLOG7\B\on_log\coati, 2021-04-13 14:01:28,FALSE,PLOG7,B,FALSE,FALSE,TRUE,coati,true,,
River Logs,04130065.AVI,Organized_data_Nov_2020\PLOG5\B\on_log\skunk_striped, 2021-04-14 00:33:34,FALSE,PLOG5,B,FALSE,FALSE,TRUE,skunk_striped,true,marking,
River Logs,04140066.AVI,Organized_data_Nov_2020\PLOG5\B\nothing, 2021-04-14 08:56:42,FALSE,PLOG5,B,TRUE,FALSE,FALSE,nothing,false,,
River Logs,04150067.AVI,Organized_data_Nov_2020\PLOG5\B\nothing, 2021-04-15 10:41:06,FALSE,PLOG5,B,TRUE,FALSE,FALSE,nothing,false,,
River Logs,04160029.AVI,Organized_data_Nov_2020\CLOG6\A\on_log\Striped hog Nosed skun, 2021-04-16 03:31:44,FALSE,CLOG6,A,FALSE,FALSE,TRUE,skunk_striped,true,,
River Logs,04160030.AVI,Organized_data_Nov_2020\CLOG6\A\on_log\tamandua, 2021-04-16 21:12:40,FALSE,CLOG6,A,FALSE,FALSE,TRUE,tamandua,true,,
River Logs,04170009.AVI,Organized_data_Nov_2020\CLOG5\B\on_log\bird, 2021-04-17 13:47:38,FALSE,CLOG5,B,FALSE,FALSE,TRUE,bird,false,,
River Logs,04170067.AVI,Organized_data_Nov_2020\PLOG7\B\on_log\puma, 2021-04-17 14:52:52,FALSE,PLOG7,B,FALSE,FALSE,TRUE,puma,true,,
River Logs,04170031.AVI,Organized_data_Nov_2020\CLOG6\A\on_log\Striped hog Nosed skun, 2021-04-17 16:58:10,FALSE,CLOG6,A,FALSE,FALSE,TRUE,skunk_striped,true,,
River Logs,04170032.AVI,Organized_data_Nov_2020\CLOG6\A\on_log\Striped hog Nosed skun, 2021-04-17 17:22:06,FALSE,CLOG6,A,FALSE,FALSE,TRUE,opossum_common,true,,
River Logs,04190068.AVI,Organized_data_Nov_2020\PLOG5\B\nothing, 2021-04-19 15:08:16,FALSE,PLOG5,B,TRUE,FALSE,FALSE,nothing,false,,
River Logs,04190033.AVI,Organized_data_Nov_2020\CLOG6\A\on_log\Striped hog Nosed skun, 2021-04-19 17:06:36,FALSE,CLOG6,A,FALSE,FALSE,TRUE,skunk_striped,true,,
River Logs,04200069.AVI,Organized_data_Nov_2020\PLOG5\B\on_log\tayra, 2021-04-20 17:53:54,FALSE,PLOG5,B,FALSE,FALSE,TRUE,tayra,true,,
River Logs,04230070.AVI,Organized_data_Nov_2020\PLOG5\B\on_log\coati, 2021-04-23 07:33:48,FALSE,PLOG5,B,FALSE,FALSE,TRUE,coati,true,,
River Logs,04230071.AVI,Organized_data_Nov_2020\PLOG5\B\on_log\coati, 2021-04-23 07:36:20,FALSE,PLOG5,B,FALSE,FALSE,TRUE,coati,true,,
River Logs,04230034.AVI,Organized_data_Nov_2020\CLOG6\A\on_log\tyra, 2021-04-23 12:00:14,FALSE,CLOG6,A,FALSE,FALSE,TRUE,tayra,true,,
River Logs,04230035.AVI,Organized_data_Nov_2020\CLOG6\A\nothing, 2021-04-23 12:01:02,FALSE,CLOG6,A,TRUE,FALSE,FALSE,nothing,false,,
River Logs,04240072.AVI,Organized_data_Nov_2020\PLOG5\B\nothing, 2021-04-24 14:42:12,FALSE,PLOG5,B,TRUE,FALSE,FALSE,nothing,false,,
River Logs,04240073.AVI,Organized_data_Nov_2020\PLOG5\B\on_log\coati, 2021-04-24 16:03:54,FALSE,PLOG5,B,FALSE,FALSE,TRUE,coati,true,,
River Logs,04250074.AVI,Organized_data_Nov_2020\PLOG5\B\on_log\coati, 2021-04-25 10:38:50,FALSE,PLOG5,B,FALSE,FALSE,TRUE,coati,true,,
River Logs,04250075.AVI,Organized_data_Nov_2020\PLOG5\B\on_log\coati, 2021-04-25 12:28:48,FALSE,PLOG5,B,FALSE,FALSE,TRUE,coati,true,marking,
River Logs,04250076.AVI,Organized_data_Nov_2020\PLOG5\B\on_log\coati, 2021-04-25 13:11:08,FALSE,PLOG5,B,FALSE,FALSE,TRUE,coati,true,marking,
River Logs,04260077.AVI,Organized_data_Nov_2020\PLOG5\B\on_log\coati, 2021-04-26 11:48:16,FALSE,PLOG5,B,FALSE,FALSE,TRUE,coati,true,,
River Logs,04260078.AVI,Organized_data_Nov_2020\PLOG5\B\nothing, 2021-04-26 12:41:26,FALSE,PLOG5,B,TRUE,FALSE,FALSE,nothing,false,,
River Logs,04260079.AVI,Organized_data_Nov_2020\PLOG5\B\nothing, 2021-04-26 13:31:52,FALSE,PLOG5,B,TRUE,FALSE,FALSE,nothing,false,,
River Logs,04260080.AVI,Organized_data_Nov_2020\PLOG5\B\nothing, 2021-04-26 13:42:06,FALSE,PLOG5,B,TRUE,FALSE,FALSE,nothing,false,,
River Logs,04260068.AVI,Organized_data_Nov_2020\PLOG7\B\nothing, 2021-04-26 17:08:40,FALSE,PLOG7,B,TRUE,FALSE,FALSE,nothing,false,,
River Logs,04270081.AVI,Organized_data_Nov_2020\PLOG5\B\nothing, 2021-04-27 14:20:28,FALSE,PLOG5,B,TRUE,FALSE,FALSE,nothing,false,,
River Logs,04270082.AVI,Organized_data_Nov_2020\PLOG5\B\nothing, 2021-04-27 14:49:30,FALSE,PLOG5,B,TRUE,FALSE,FALSE,nothing,false,,
River Logs,04270083.AVI,Organized_data_Nov_2020\PLOG5\B\on_log\coati, 2021-04-27 18:26:10,FALSE,PLOG5,B,FALSE,FALSE,TRUE,coati,true,,
River Logs,04280084.AVI,Organized_data_Nov_2020\PLOG5\B\on_log\lizard_uid, 2021-04-28 12:44:42,FALSE,PLOG5,B,FALSE,FALSE,TRUE,lizard_uid,false,,
River Logs,04280085.AVI,Organized_data_Nov_2020\PLOG5\B\nothing, 2021-04-28 12:56:48,FALSE,PLOG5,B,TRUE,FALSE,FALSE,nothing,false,,
River Logs,04280086.AVI,Organized_data_Nov_2020\PLOG5\B\on_log\coati, 2021-04-28 13:50:46,FALSE,PLOG5,B,FALSE,FALSE,TRUE,coati,true,,
River Logs,04280010.AVI,Organized_data_Nov_2020\CLOG5\B\nothing, 2021-04-28 14:35:34,FALSE,CLOG5,B,TRUE,FALSE,FALSE,nothing,false,,
River Logs,04290036.AVI,Organized_data_Nov_2020\CLOG6\A\on_log\coati, 2021-04-29 11:11:28,FALSE,CLOG6,A,FALSE,FALSE,TRUE,coati,true,,
River Logs,04290069.AVI,Organized_data_Nov_2020\PLOG7\B\on_log\curassow_great, 2021-04-29 18:04:52,FALSE,PLOG7,B,FALSE,FALSE,TRUE,curassow_great,false,,
River Logs,04300037.AVI,Organized_data_Nov_2020\CLOG6\A\nothing, 2021-04-30 10:26:10,FALSE,CLOG6,A,TRUE,FALSE,FALSE,nothing,false,,
River Logs,04300087.AVI,Organized_data_Nov_2020\PLOG5\B\nothing, 2021-04-30 10:34:08,FALSE,PLOG5,B,TRUE,FALSE,FALSE,nothing,false,,
River Logs,04300088.AVI,Organized_data_Nov_2020\PLOG5\B\nothing, 2021-04-30 12:49:44,FALSE,PLOG5,B,TRUE,FALSE,FALSE,nothing,false,,
River Logs,04300089.AVI,Organized_data_Nov_2020\PLOG5\B\on_log\tayra, 2021-04-30 15:48:50,FALSE,PLOG5,B,FALSE,FALSE,TRUE,tayra,true,,
River Logs,04300090.AVI,Organized_data_Nov_2020\PLOG5\B\on_log\coati, 2021-04-30 17:54:24,FALSE,PLOG5,B,FALSE,FALSE,TRUE,coati,true,,
River Logs,04300091.AVI,Organized_data_Nov_2020\PLOG5\B\nothing, 2021-04-30 17:55:24,FALSE,PLOG5,B,TRUE,FALSE,FALSE,nothing,false,,
River Logs,05010092.AVI,Organized_data_Nov_2020\PLOG5\B\nothing, 2021-05-01 10:12:58,FALSE,PLOG5,B,TRUE,FALSE,FALSE,nothing,false,,
River Logs,05010093.AVI,Organized_data_Nov_2020\PLOG5\B\nothing, 2021-05-01 12:50:16,FALSE,PLOG5,B,TRUE,FALSE,FALSE,nothing,false,,
River Logs,05010094.AVI,Organized_data_Nov_2020\PLOG5\B\on_log\tamandua, 2021-05-01 15:35:42,FALSE,PLOG5,B,FALSE,FALSE,TRUE,tamandua,true,,
River Logs,05010095.AVI,Organized_data_Nov_2020\PLOG5\B\nothing, 2021-05-01 16:18:16,FALSE,PLOG5,B,TRUE,FALSE,FALSE,nothing,false,,
River Logs,05010070.AVI,Organized_data_Nov_2020\PLOG7\B\nothing, 2021-05-01 17:02:50,FALSE,PLOG7,B,TRUE,FALSE,FALSE,nothing,false,,
River Logs,05020071.AVI,Organized_data_Nov_2020\PLOG7\B\on_log\curassow_great, 2021-05-02 11:17:02,FALSE,PLOG7,B,FALSE,FALSE,TRUE,curassow_great,true,,
River Logs,05020038.AVI,Organized_data_Nov_2020\CLOG6\A\on_log\coati, 2021-05-02 12:25:52,FALSE,CLOG6,A,FALSE,FALSE,TRUE,coati,true,marking,
River Logs,05020039.AVI,Organized_data_Nov_2020\CLOG6\A\on_log\coati, 2021-05-02 12:26:46,FALSE,CLOG6,A,FALSE,FALSE,TRUE,coati,false,,
River Logs,05030011.AVI,Organized_data_Nov_2020\CLOG5\B\off_log\bird, 2021-05-03 12:49:06,FALSE,CLOG5,B,FALSE,FALSE,FALSE,bird,false,,
River Logs,05030096.AVI,Organized_data_Nov_2020\PLOG5\B\nothing, 2021-05-03 15:50:50,FALSE,PLOG5,B,TRUE,FALSE,FALSE,nothing,false,,
River Logs,05030012.AVI,Organized_data_Nov_2020\CLOG5\B\off_log\bird, 2021-05-03 17:11:50,FALSE,CLOG5,B,FALSE,FALSE,FALSE,bird,false,,
River Logs,05040072.AVI,Organized_data_Nov_2020\PLOG7\B\on_log\curassow_great, 2021-05-04 10:46:30,FALSE,PLOG7,B,FALSE,FALSE,TRUE,curassow_great,true,,
River Logs,05040097.AVI,Organized_data_Nov_2020\PLOG5\B\nothing, 2021-05-04 15:05:04,FALSE,PLOG5,B,TRUE,FALSE,FALSE,nothing,false,,
River Logs,05050098.AVI,Organized_data_Nov_2020\PLOG5\B\on_log\coati, 2021-05-05 09:34:22,FALSE,PLOG5,B,FALSE,FALSE,TRUE,coati,true,marking,
River Logs,05050099.AVI,Organized_data_Nov_2020\PLOG5\B\nothing, 2021-05-05 14:37:48,FALSE,PLOG5,B,TRUE,FALSE,FALSE,nothing,false,,
River Logs,05070100.AVI,Organized_data_Nov_2020\PLOG5\B\nothing, 2021-05-07 11:58:36,FALSE,PLOG5,B,TRUE,FALSE,FALSE,nothing,false,,
River Logs,05080101.AVI,Organized_data_Nov_2020\PLOG5\B\on_log\lizard_uid, 2021-05-08 09:41:22,FALSE,PLOG5,B,FALSE,FALSE,TRUE,lizard_uid,false,,
River Logs,05080073.AVI,Organized_data_Nov_2020\PLOG7\B\on_log\curassow_great, 2021-05-08 10:59:06,FALSE,PLOG7,B,FALSE,FALSE,TRUE,curassow_great,false,,
River Logs,05080074.AVI,Organized_data_Nov_2020\PLOG7\B\on_log\curassow_great, 2021-05-08 11:05:06,FALSE,PLOG7,B,FALSE,FALSE,TRUE,curassow_great,false,,
River Logs,05080075.AVI,Organized_data_Nov_2020\PLOG7\B\on_log\curassow_great, 2021-05-08 11:06:06,FALSE,PLOG7,B,FALSE,FALSE,TRUE,curassow_great,true,,
River Logs,05080076.AVI,Organized_data_Nov_2020\PLOG7\B\on_log\curassow_great, 2021-05-08 11:09:26,FALSE,PLOG7,B,FALSE,FALSE,TRUE,curassow_great,true,,
River Logs,05080077.AVI,Organized_data_Nov_2020\PLOG7\B\on_log\tamandua, 2021-05-08 12:25:14,FALSE,PLOG7,B,FALSE,FALSE,TRUE,tamandua,true,,
River Logs,05080078.AVI,Organized_data_Nov_2020\PLOG7\B\on_log\curassow_great, 2021-05-08 14:02:20,FALSE,PLOG7,B,FALSE,FALSE,TRUE,curassow_great,true,,
River Logs,05090079.AVI,Organized_data_Nov_2020\PLOG7\B\on_log\coati, 2021-05-09 12:22:36,FALSE,PLOG7,B,FALSE,FALSE,TRUE,coati,true,marking,
River Logs,05090102.AVI,Organized_data_Nov_2020\PLOG5\B\nothing, 2021-05-09 12:38:30,FALSE,PLOG5,B,TRUE,FALSE,FALSE,nothing,false,,
River Logs,05090080.AVI,Organized_data_Nov_2020\PLOG7\B\on_log\curassow_great, 2021-05-09 14:20:26,FALSE,PLOG7,B,FALSE,FALSE,TRUE,curassow_great,false,,
River Logs,05100013.AVI,Organized_data_Nov_2020\CLOG5\B\setup, 2021-05-10 16:26:12,FALSE,CLOG5,B,FALSE,TRUE,FALSE,setup,false,,
River Logs,05110103.AVI,Organized_data_Nov_2020\PLOG5\B\on_log\coati, 2021-05-11 06:47:24,FALSE,PLOG5,B,FALSE,FALSE,TRUE,coati,true,,
River Logs,05110104.AVI,Organized_data_Nov_2020\PLOG5\B\nothing, 2021-05-11 06:48:16,FALSE,PLOG5,B,TRUE,FALSE,FALSE,nothing,false,,
River Logs,05110105.AVI,Organized_data_Nov_2020\PLOG5\B\on_log\coati, 2021-05-11 07:45:04,FALSE,PLOG5,B,FALSE,FALSE,TRUE,coati,true,marking,
River Logs,05110106.AVI,Organized_data_Nov_2020\PLOG5\B\on_log\tayra, 2021-05-11 16:57:16,FALSE,PLOG5,B,FALSE,FALSE,TRUE,tayra,true,,
River Logs,05120081.AVI,Organized_data_Nov_2020\PLOG7\B\on_log\curassow_great, 2021-05-12 13:37:24,FALSE,PLOG7,B,FALSE,FALSE,TRUE,curassow_great,true,,
River Logs,05150107.AVI,Organized_data_Nov_2020\PLOG5\B\nothing, 2021-05-15 11:50:08,FALSE,PLOG5,B,TRUE,FALSE,FALSE,nothing,false,,
River Logs,05150108.AVI,Organized_data_Nov_2020\PLOG5\B\on_log\coati, 2021-05-15 15:45:56,FALSE,PLOG5,B,FALSE,FALSE,TRUE,coati,true,,
River Logs,05150109.AVI,Organized_data_Nov_2020\PLOG5\B\nothing, 2021-05-15 16:21:22,FALSE,PLOG5,B,TRUE,FALSE,FALSE,nothing,false,,
River Logs,05160110.AVI,Organized_data_Nov_2020\PLOG5\B\nothing, 2021-05-16 13:54:38,FALSE,PLOG5,B,TRUE,FALSE,FALSE,nothing,false,,
River Logs,05170111.AVI,Organized_data_Nov_2020\PLOG5\B\on_log\tamandua, 2021-05-17 06:58:12,FALSE,PLOG5,B,FALSE,FALSE,TRUE,tamandua,true,,
River Logs,05170112.AVI,Organized_data_Nov_2020\PLOG5\B\nothing, 2021-05-17 07:02:26,FALSE,PLOG5,B,TRUE,FALSE,FALSE,nothing,false,,
River Logs,05170082.AVI,Organized_data_Nov_2020\PLOG7\B\on_log\curassow_great, 2021-05-17 14:59:02,FALSE,PLOG7,B,FALSE,FALSE,TRUE,curassow_great,false,,
River Logs,05170083.AVI,Organized_data_Nov_2020\PLOG7\B\on_log\curassow_great, 2021-05-17 15:02:30,FALSE,PLOG7,B,FALSE,FALSE,TRUE,curassow_great,false,,
River Logs,05180113.AVI,Organized_data_Nov_2020\PLOG5\B\on_log\tamandua, 2021-05-18 12:36:02,FALSE,PLOG5,B,FALSE,FALSE,TRUE,tamandua,true,,
River Logs,05200040.AVI,Organized_data_Nov_2020\CLOG6\A\nothing, 2021-05-20 10:47:18,FALSE,CLOG6,A,TRUE,FALSE,FALSE,nothing,false,,
River Logs,05200114.AVI,Organized_data_Nov_2020\PLOG5\B\nothing, 2021-05-20 13:37:00,FALSE,PLOG5,B,TRUE,FALSE,FALSE,nothing,false,,
River Logs,05200115.AVI,Organized_data_Nov_2020\PLOG5\B\nothing, 2021-05-20 14:10:58,FALSE,PLOG5,B,TRUE,FALSE,FALSE,nothing,false,,
River Logs,05200116.AVI,Organized_data_Nov_2020\PLOG5\B\nothing, 2021-05-20 14:12:56,FALSE,PLOG5,B,TRUE,FALSE,FALSE,nothing,false,,
River Logs,05200117.AVI,Organized_data_Nov_2020\PLOG5\B\nothing, 2021-05-20 17:25:40,FALSE,PLOG5,B,TRUE,FALSE,FALSE,nothing,false,,
River Logs,05210041.AVI,Organized_data_Nov_2020\CLOG6\A\on_log\tamandua, 2021-05-21 10:34:54,FALSE,CLOG6,A,FALSE,FALSE,TRUE,tamandua,true,,
River Logs,05210118.AVI,Organized_data_Nov_2020\PLOG5\B\nothing, 2021-05-21 13:05:30,FALSE,PLOG5,B,TRUE,FALSE,FALSE,nothing,false,,
River Logs,05210119.AVI,Organized_data_Nov_2020\PLOG5\B\nothing, 2021-05-21 13:15:16,FALSE,PLOG5,B,TRUE,FALSE,FALSE,nothing,false,,
River Logs,05210120.AVI,Organized_data_Nov_2020\PLOG5\B\nothing, 2021-05-21 13:26:10,FALSE,PLOG5,B,TRUE,FALSE,FALSE,nothing,false,,
River Logs,05210121.AVI,Organized_data_Nov_2020\PLOG5\B\nothing, 2021-05-21 13:34:30,FALSE,PLOG5,B,TRUE,FALSE,FALSE,nothing,false,,
River Logs,05210122.AVI,Organized_data_Nov_2020\PLOG5\B\nothing, 2021-05-21 13:50:42,FALSE,PLOG5,B,TRUE,FALSE,FALSE,nothing,false,,
River Logs,05210123.AVI,Organized_data_Nov_2020\PLOG5\B\nothing, 2021-05-21 14:01:18,FALSE,PLOG5,B,TRUE,FALSE,FALSE,nothing,false,,
River Logs,05210124.AVI,Organized_data_Nov_2020\PLOG5\B\nothing, 2021-05-21 14:08:54,FALSE,PLOG5,B,TRUE,FALSE,FALSE,nothing,false,,
River Logs,05210125.AVI,Organized_data_Nov_2020\PLOG5\B\nothing, 2021-05-21 14:10:34,FALSE,PLOG5,B,TRUE,FALSE,FALSE,nothing,false,,
River Logs,05210126.AVI,Organized_data_Nov_2020\PLOG5\B\nothing, 2021-05-21 14:13:02,FALSE,PLOG5,B,TRUE,FALSE,FALSE,nothing,false,,
River Logs,05210127.AVI,Organized_data_Nov_2020\PLOG5\B\nothing, 2021-05-21 14:14:44,FALSE,PLOG5,B,TRUE,FALSE,FALSE,nothing,false,,
River Logs,05210128.AVI,Organized_data_Nov_2020\PLOG5\B\nothing, 2021-05-21 14:18:24,FALSE,PLOG5,B,TRUE,FALSE,FALSE,nothing,false,,
River Logs,05210129.AVI,Organized_data_Nov_2020\PLOG5\B\nothing, 2021-05-21 14:41:04,FALSE,PLOG5,B,TRUE,FALSE,FALSE,nothing,false,,
River Logs,05210130.AVI,Organized_data_Nov_2020\PLOG5\B\nothing, 2021-05-21 15:30:08,FALSE,PLOG5,B,TRUE,FALSE,FALSE,nothing,false,,
River Logs,05210131.AVI,Organized_data_Nov_2020\PLOG5\B\nothing, 2021-05-21 15:39:10,FALSE,PLOG5,B,TRUE,FALSE,FALSE,nothing,false,,
River Logs,05210132.AVI,Organized_data_Nov_2020\PLOG5\B\nothing, 2021-05-21 15:41:18,FALSE,PLOG5,B,TRUE,FALSE,FALSE,nothing,false,,
River Logs,05210084.AVI,Organized_data_Nov_2020\PLOG7\B\on_log\curassow_great, 2021-05-21 16:36:16,FALSE,PLOG7,B,FALSE,FALSE,TRUE,curassow_great,true,,
River Logs,05240133.AVI,Organized_data_Nov_2020\PLOG5\B\nothing, 2021-05-24 12:40:34,FALSE,PLOG5,B,TRUE,FALSE,FALSE,nothing,false,,
River Logs,05240134.AVI,Organized_data_Nov_2020\PLOG5\B\nothing, 2021-05-24 13:31:28,FALSE,PLOG5,B,TRUE,FALSE,FALSE,nothing,false,,
River Logs,05240136.AVI,Organized_data_Nov_2020\PLOG5\B\nothing, 2021-05-24 13:53:46,FALSE,PLOG5,B,TRUE,FALSE,FALSE,nothing,false,,
River Logs,05240137.AVI,Organized_data_Nov_2020\PLOG5\B\nothing, 2021-05-24 13:54:58,FALSE,PLOG5,B,TRUE,FALSE,FALSE,nothing,false,,
River Logs,05240138.AVI,Organized_data_Nov_2020\PLOG5\B\nothing, 2021-05-24 14:07:44,FALSE,PLOG5,B,TRUE,FALSE,FALSE,nothing,false,,
River Logs,05240139.AVI,Organized_data_Nov_2020\PLOG5\B\nothing, 2021-05-24 14:08:36,FALSE,PLOG5,B,TRUE,FALSE,FALSE,nothing,false,,
River Logs,05240140.AVI,Organized_data_Nov_2020\PLOG5\B\nothing, 2021-05-24 14:14:38,FALSE,PLOG5,B,TRUE,FALSE,FALSE,nothing,false,,
River Logs,05240141.AVI,Organized_data_Nov_2020\PLOG5\B\nothing, 2021-05-24 14:25:04,FALSE,PLOG5,B,TRUE,FALSE,FALSE,nothing,false,,
River Logs,05240135.AVI,Organized_data_Nov_2020\PLOG5\A\on_log\lizard_uid, 2021-05-24 14:47:30,FALSE,PLOG5,A,FALSE,FALSE,TRUE,lizard_uid,false,,
River Logs,05250142.AVI,Organized_data_Nov_2020\PLOG5\B\on_log\lizard_uid, 2021-05-25 12:42:18,FALSE,PLOG5,B,FALSE,FALSE,TRUE,lizard_uid,false,,
River Logs,05250143.AVI,Organized_data_Nov_2020\PLOG5\B\on_log\lizard_uid, 2021-05-25 13:11:44,FALSE,PLOG5,B,FALSE,FALSE,TRUE,lizard_uid,false,,
River Logs,05250144.AVI,Organized_data_Nov_2020\PLOG5\B\nothing, 2021-05-25 13:40:38,FALSE,PLOG5,B,TRUE,FALSE,FALSE,nothing,false,,
River Logs,05250145.AVI,Organized_data_Nov_2020\PLOG5\B\nothing, 2021-05-25 13:45:10,FALSE,PLOG5,B,TRUE,FALSE,FALSE,nothing,false,,
River Logs,05250146.AVI,Organized_data_Nov_2020\PLOG5\B\nothing, 2021-05-25 13:46:02,FALSE,PLOG5,B,TRUE,FALSE,FALSE,nothing,false,,
River Logs,05250147.AVI,Organized_data_Nov_2020\PLOG5\B\on_log\lizard_uid, 2021-05-25 13:53:20,FALSE,PLOG5,B,FALSE,FALSE,TRUE,lizard_uid,false,,
River Logs,05250148.AVI,Organized_data_Nov_2020\PLOG5\B\nothing, 2021-05-25 13:58:12,FALSE,PLOG5,B,TRUE,FALSE,FALSE,nothing,false,,
River Logs,05250149.AVI,Organized_data_Nov_2020\PLOG5\B\nothing, 2021-05-25 14:11:44,FALSE,PLOG5,B,TRUE,FALSE,FALSE,nothing,false,,
River Logs,05250150.AVI,Organized_data_Nov_2020\PLOG5\B\nothing, 2021-05-25 14:13:36,FALSE,PLOG5,B,TRUE,FALSE,FALSE,nothing,false,,
River Logs,05250151.AVI,Organized_data_Nov_2020\PLOG5\B\nothing, 2021-05-25 14:16:34,FALSE,PLOG5,B,TRUE,FALSE,FALSE,nothing,false,,
River Logs,05250152.AVI,Organized_data_Nov_2020\PLOG5\B\nothing, 2021-05-25 14:17:58,FALSE,PLOG5,B,TRUE,FALSE,FALSE,nothing,false,,
River Logs,05250153.AVI,Organized_data_Nov_2020\PLOG5\B\nothing, 2021-05-25 14:20:08,FALSE,PLOG5,B,TRUE,FALSE,FALSE,nothing,false,,
River Logs,05250154.AVI,Organized_data_Nov_2020\PLOG5\B\nothing, 2021-05-25 14:20:58,FALSE,PLOG5,B,TRUE,FALSE,FALSE,nothing,false,,
River Logs,05250155.AVI,Organized_data_Nov_2020\PLOG5\B\nothing, 2021-05-25 14:21:54,FALSE,PLOG5,B,TRUE,FALSE,FALSE,nothing,false,,
River Logs,05250156.AVI,Organized_data_Nov_2020\PLOG5\B\nothing, 2021-05-25 14:22:48,FALSE,PLOG5,B,TRUE,FALSE,FALSE,nothing,false,,
River Logs,05250157.AVI,Organized_data_Nov_2020\PLOG5\B\nothing, 2021-05-25 14:23:38,FALSE,PLOG5,B,TRUE,FALSE,FALSE,nothing,false,,
River Logs,05250158.AVI,Organized_data_Nov_2020\PLOG5\B\nothing, 2021-05-25 14:24:32,FALSE,PLOG5,B,TRUE,FALSE,FALSE,nothing,false,,
River Logs,05250159.AVI,Organized_data_Nov_2020\PLOG5\B\nothing, 2021-05-25 14:25:22,FALSE,PLOG5,B,TRUE,FALSE,FALSE,nothing,false,,
River Logs,05250160.AVI,Organized_data_Nov_2020\PLOG5\B\nothing, 2021-05-25 14:26:20,FALSE,PLOG5,B,TRUE,FALSE,FALSE,nothing,false,,
River Logs,05250161.AVI,Organized_data_Nov_2020\PLOG5\B\nothing, 2021-05-25 14:27:12,FALSE,PLOG5,B,TRUE,FALSE,FALSE,nothing,false,,
River Logs,05250162.AVI,Organized_data_Nov_2020\PLOG5\B\nothing, 2021-05-25 14:30:54,FALSE,PLOG5,B,TRUE,FALSE,FALSE,nothing,false,,
River Logs,05250163.AVI,Organized_data_Nov_2020\PLOG5\B\nothing, 2021-05-25 14:33:08,FALSE,PLOG5,B,TRUE,FALSE,FALSE,nothing,false,,
River Logs,05250164.AVI,Organized_data_Nov_2020\PLOG5\B\nothing, 2021-05-25 14:42:00,FALSE,PLOG5,B,TRUE,FALSE,FALSE,nothing,false,,
River Logs,05260165.AVI,Organized_data_Nov_2020\PLOG5\B\on_log\lizard_uid, 2021-05-26 11:46:16,FALSE,PLOG5,B,FALSE,FALSE,TRUE,lizard_uid,false,,
River Logs,05260166.AVI,Organized_data_Nov_2020\PLOG5\B\nothing, 2021-05-26 12:27:42,FALSE,PLOG5,B,TRUE,FALSE,FALSE,nothing,false,,
River Logs,05260167.AVI,Organized_data_Nov_2020\PLOG5\B\nothing, 2021-05-26 13:28:24,FALSE,PLOG5,B,TRUE,FALSE,FALSE,nothing,false,,
River Logs,05260168.AVI,Organized_data_Nov_2020\PLOG5\B\nothing, 2021-05-26 14:10:02,FALSE,PLOG5,B,TRUE,FALSE,FALSE,nothing,false,,
River Logs,05260169.AVI,Organized_data_Nov_2020\PLOG5\B\nothing, 2021-05-26 14:16:54,FALSE,PLOG5,B,TRUE,FALSE,FALSE,nothing,false,,
River Logs,05260170.AVI,Organized_data_Nov_2020\PLOG5\B\nothing, 2021-05-26 14:17:50,FALSE,PLOG5,B,TRUE,FALSE,FALSE,nothing,false,,
River Logs,05260171.AVI,Organized_data_Nov_2020\PLOG5\B\nothing, 2021-05-26 14:27:04,FALSE,PLOG5,B,TRUE,FALSE,FALSE,nothing,false,,
River Logs,05270172.AVI,Organized_data_Nov_2020\PLOG5\B\nothing, 2021-05-27 10:54:36,FALSE,PLOG5,B,TRUE,FALSE,FALSE,nothing,false,,
River Logs,05280174.AVI,Organized_data_Nov_2020\PLOG5\B\nothing, 2021-05-28 13:01:16,FALSE,PLOG5,B,TRUE,FALSE,FALSE,nothing,false,,
River Logs,05280175.AVI,Organized_data_Nov_2020\PLOG5\B\nothing, 2021-05-28 13:05:18,FALSE,PLOG5,B,TRUE,FALSE,FALSE,nothing,false,,
River Logs,05280176.AVI,Organized_data_Nov_2020\PLOG5\B\nothing, 2021-05-28 13:19:16,FALSE,PLOG5,B,TRUE,FALSE,FALSE,nothing,false,,
River Logs,05280177.AVI,Organized_data_Nov_2020\PLOG5\B\nothing, 2021-05-28 13:20:58,FALSE,PLOG5,B,TRUE,FALSE,FALSE,nothing,false,,
River Logs,05280178.AVI,Organized_data_Nov_2020\PLOG5\B\nothing, 2021-05-28 13:22:30,FALSE,PLOG5,B,TRUE,FALSE,FALSE,nothing,false,,
River Logs,05280179.AVI,Organized_data_Nov_2020\PLOG5\B\nothing, 2021-05-28 13:23:20,FALSE,PLOG5,B,TRUE,FALSE,FALSE,nothing,false,,
River Logs,05280180.AVI,Organized_data_Nov_2020\PLOG5\B\nothing, 2021-05-28 13:28:00,FALSE,PLOG5,B,TRUE,FALSE,FALSE,nothing,false,,
River Logs,05280181.AVI,Organized_data_Nov_2020\PLOG5\B\nothing, 2021-05-28 13:29:00,FALSE,PLOG5,B,TRUE,FALSE,FALSE,nothing,false,,
River Logs,05280182.AVI,Organized_data_Nov_2020\PLOG5\B\nothing, 2021-05-28 13:29:52,FALSE,PLOG5,B,TRUE,FALSE,FALSE,nothing,false,,
River Logs,05280183.AVI,Organized_data_Nov_2020\PLOG5\B\nothing, 2021-05-28 13:30:46,FALSE,PLOG5,B,TRUE,FALSE,FALSE,nothing,false,,
River Logs,05280173.AVI,Organized_data_Nov_2020\PLOG5\A\on_log\lizard_uid, 2021-05-28 13:31:04,FALSE,PLOG5,A,FALSE,FALSE,TRUE,lizard_uid,false,,
River Logs,05280184.AVI,Organized_data_Nov_2020\PLOG5\B\nothing, 2021-05-28 13:31:40,FALSE,PLOG5,B,TRUE,FALSE,FALSE,nothing,false,,
River Logs,05280185.AVI,Organized_data_Nov_2020\PLOG5\B\nothing, 2021-05-28 13:32:32,FALSE,PLOG5,B,TRUE,FALSE,FALSE,nothing,false,,
River Logs,05280186.AVI,Organized_data_Nov_2020\PLOG5\B\nothing, 2021-05-28 13:38:54,FALSE,PLOG5,B,TRUE,FALSE,FALSE,nothing,false,,
River Logs,05280187.AVI,Organized_data_Nov_2020\PLOG5\B\nothing, 2021-05-28 13:41:10,FALSE,PLOG5,B,TRUE,FALSE,FALSE,nothing,false,,
River Logs,05280188.AVI,Organized_data_Nov_2020\PLOG5\B\nothing, 2021-05-28 13:44:36,FALSE,PLOG5,B,TRUE,FALSE,FALSE,nothing,false,,
River Logs,05280189.AVI,Organized_data_Nov_2020\PLOG5\B\nothing, 2021-05-28 14:09:36,FALSE,PLOG5,B,TRUE,FALSE,FALSE,nothing,false,,
River Logs,05280190.AVI,Organized_data_Nov_2020\PLOG5\B\nothing, 2021-05-28 14:40:36,FALSE,PLOG5,B,TRUE,FALSE,FALSE,nothing,false,,
River Logs,05280191.AVI,Organized_data_Nov_2020\PLOG5\B\nothing, 2021-05-28 15:10:44,FALSE,PLOG5,B,TRUE,FALSE,FALSE,nothing,false,,
River Logs,05290192.AVI,Organized_data_Nov_2020\PLOG5\B\nothing, 2021-05-29 12:41:42,FALSE,PLOG5,B,TRUE,FALSE,FALSE,nothing,false,,
River Logs,05290193.AVI,Organized_data_Nov_2020\PLOG5\B\nothing, 2021-05-29 12:58:46,FALSE,PLOG5,B,TRUE,FALSE,FALSE,nothing,false,,
River Logs,05290194.AVI,Organized_data_Nov_2020\PLOG5\B\nothing, 2021-05-29 13:05:14,FALSE,PLOG5,B,TRUE,FALSE,FALSE,nothing,false,,
River Logs,05290195.AVI,Organized_data_Nov_2020\PLOG5\B\nothing, 2021-05-29 13:06:08,FALSE,PLOG5,B,TRUE,FALSE,FALSE,nothing,false,,
River Logs,05290196.AVI,Organized_data_Nov_2020\PLOG5\B\nothing, 2021-05-29 13:07:54,FALSE,PLOG5,B,TRUE,FALSE,FALSE,nothing,false,,
River Logs,05290197.AVI,Organized_data_Nov_2020\PLOG5\B\nothing, 2021-05-29 13:11:42,FALSE,PLOG5,B,TRUE,FALSE,FALSE,nothing,false,,
River Logs,05290198.AVI,Organized_data_Nov_2020\PLOG5\B\nothing, 2021-05-29 13:13:20,FALSE,PLOG5,B,TRUE,FALSE,FALSE,nothing,false,,
River Logs,05290199.AVI,Organized_data_Nov_2020\PLOG5\B\nothing, 2021-05-29 13:18:56,FALSE,PLOG5,B,TRUE,FALSE,FALSE,nothing,false,,
River Logs,05290200.AVI,Organized_data_Nov_2020\PLOG5\B\nothing, 2021-05-29 13:19:48,FALSE,PLOG5,B,TRUE,FALSE,FALSE,nothing,false,,
River Logs,05290201.AVI,Organized_data_Nov_2020\PLOG5\B\nothing, 2021-05-29 13:20:52,FALSE,PLOG5,B,TRUE,FALSE,FALSE,nothing,false,,
River Logs,05290202.AVI,Organized_data_Nov_2020\PLOG5\B\nothing, 2021-05-29 13:21:48,FALSE,PLOG5,B,TRUE,FALSE,FALSE,nothing,false,,
River Logs,05290203.AVI,Organized_data_Nov_2020\PLOG5\B\nothing, 2021-05-29 13:22:44,FALSE,PLOG5,B,TRUE,FALSE,FALSE,nothing,false,,
River Logs,05290204.AVI,Organized_data_Nov_2020\PLOG5\B\nothing, 2021-05-29 13:24:24,FALSE,PLOG5,B,TRUE,FALSE,FALSE,nothing,false,,
River Logs,05290205.AVI,Organized_data_Nov_2020\PLOG5\B\nothing, 2021-05-29 13:29:02,FALSE,PLOG5,B,TRUE,FALSE,FALSE,nothing,false,,
River Logs,05290206.AVI,Organized_data_Nov_2020\PLOG5\B\nothing, 2021-05-29 13:30:12,FALSE,PLOG5,B,TRUE,FALSE,FALSE,nothing,false,,
River Logs,05290207.AVI,Organized_data_Nov_2020\PLOG5\B\nothing, 2021-05-29 13:31:28,FALSE,PLOG5,B,TRUE,FALSE,FALSE,nothing,false,,
River Logs,05290208.AVI,Organized_data_Nov_2020\PLOG5\B\nothing, 2021-05-29 13:40:22,FALSE,PLOG5,B,TRUE,FALSE,FALSE,nothing,false,,
River Logs,05290209.AVI,Organized_data_Nov_2020\PLOG5\B\nothing, 2021-05-29 13:44:22,FALSE,PLOG5,B,TRUE,FALSE,FALSE,nothing,false,,
River Logs,05290210.AVI,Organized_data_Nov_2020\PLOG5\B\nothing, 2021-05-29 13:47:28,FALSE,PLOG5,B,TRUE,FALSE,FALSE,nothing,false,,
River Logs,05290211.AVI,Organized_data_Nov_2020\PLOG5\B\nothing, 2021-05-29 13:48:22,FALSE,PLOG5,B,TRUE,FALSE,FALSE,nothing,false,,
River Logs,05290212.AVI,Organized_data_Nov_2020\PLOG5\B\nothing, 2021-05-29 13:49:30,FALSE,PLOG5,B,TRUE,FALSE,FALSE,nothing,false,,
River Logs,05290213.AVI,Organized_data_Nov_2020\PLOG5\B\nothing, 2021-05-29 13:50:42,FALSE,PLOG5,B,TRUE,FALSE,FALSE,nothing,false,,
River Logs,05290214.AVI,Organized_data_Nov_2020\PLOG5\B\nothing, 2021-05-29 13:54:40,FALSE,PLOG5,B,TRUE,FALSE,FALSE,nothing,false,,
River Logs,05290215.AVI,Organized_data_Nov_2020\PLOG5\B\nothing, 2021-05-29 13:56:00,FALSE,PLOG5,B,TRUE,FALSE,FALSE,nothing,false,,
River Logs,05290216.AVI,Organized_data_Nov_2020\PLOG5\B\nothing, 2021-05-29 13:56:50,FALSE,PLOG5,B,TRUE,FALSE,FALSE,nothing,false,,
River Logs,05290217.AVI,Organized_data_Nov_2020\PLOG5\B\nothing, 2021-05-29 13:57:48,FALSE,PLOG5,B,TRUE,FALSE,FALSE,nothing,false,,
River Logs,05290218.AVI,Organized_data_Nov_2020\PLOG5\B\nothing, 2021-05-29 14:01:58,FALSE,PLOG5,B,TRUE,FALSE,FALSE,nothing,false,,
River Logs,05290219.AVI,Organized_data_Nov_2020\PLOG5\B\nothing, 2021-05-29 14:03:16,FALSE,PLOG5,B,TRUE,FALSE,FALSE,nothing,false,,
River Logs,05290220.AVI,Organized_data_Nov_2020\PLOG5\B\nothing, 2021-05-29 14:04:14,FALSE,PLOG5,B,TRUE,FALSE,FALSE,nothing,false,,
River Logs,05290221.AVI,Organized_data_Nov_2020\PLOG5\B\nothing, 2021-05-29 14:05:06,FALSE,PLOG5,B,TRUE,FALSE,FALSE,nothing,false,,
River Logs,05290222.AVI,Organized_data_Nov_2020\PLOG5\B\nothing, 2021-05-29 14:06:18,FALSE,PLOG5,B,TRUE,FALSE,FALSE,nothing,false,,
River Logs,05290223.AVI,Organized_data_Nov_2020\PLOG5\B\nothing, 2021-05-29 14:07:12,FALSE,PLOG5,B,TRUE,FALSE,FALSE,nothing,false,,
River Logs,05290224.AVI,Organized_data_Nov_2020\PLOG5\B\nothing, 2021-05-29 14:13:38,FALSE,PLOG5,B,TRUE,FALSE,FALSE,nothing,false,,
River Logs,05290225.AVI,Organized_data_Nov_2020\PLOG5\B\nothing, 2021-05-29 14:14:40,FALSE,PLOG5,B,TRUE,FALSE,FALSE,nothing,false,,
River Logs,05290226.AVI,Organized_data_Nov_2020\PLOG5\B\nothing, 2021-05-29 14:16:14,FALSE,PLOG5,B,TRUE,FALSE,FALSE,nothing,false,,
River Logs,05290227.AVI,Organized_data_Nov_2020\PLOG5\B\nothing, 2021-05-29 14:18:28,FALSE,PLOG5,B,TRUE,FALSE,FALSE,nothing,false,,
River Logs,05290228.AVI,Organized_data_Nov_2020\PLOG5\B\nothing, 2021-05-29 14:19:20,FALSE,PLOG5,B,TRUE,FALSE,FALSE,nothing,false,,
River Logs,05290229.AVI,Organized_data_Nov_2020\PLOG5\B\nothing, 2021-05-29 14:20:10,FALSE,PLOG5,B,TRUE,FALSE,FALSE,nothing,false,,
River Logs,05290230.AVI,Organized_data_Nov_2020\PLOG5\B\nothing, 2021-05-29 14:21:38,FALSE,PLOG5,B,TRUE,FALSE,FALSE,nothing,false,,
River Logs,05290231.AVI,Organized_data_Nov_2020\PLOG5\B\nothing, 2021-05-29 14:22:34,FALSE,PLOG5,B,TRUE,FALSE,FALSE,nothing,false,,
River Logs,05290232.AVI,Organized_data_Nov_2020\PLOG5\B\nothing, 2021-05-29 14:23:48,FALSE,PLOG5,B,TRUE,FALSE,FALSE,nothing,false,,
River Logs,05290233.AVI,Organized_data_Nov_2020\PLOG5\B\nothing, 2021-05-29 14:24:52,FALSE,PLOG5,B,TRUE,FALSE,FALSE,nothing,false,,
River Logs,05290234.AVI,Organized_data_Nov_2020\PLOG5\B\nothing, 2021-05-29 14:25:46,FALSE,PLOG5,B,TRUE,FALSE,FALSE,nothing,false,,
River Logs,05290235.AVI,Organized_data_Nov_2020\PLOG5\B\nothing, 2021-05-29 14:27:30,FALSE,PLOG5,B,TRUE,FALSE,FALSE,nothing,false,,
River Logs,05290236.AVI,Organized_data_Nov_2020\PLOG5\B\nothing, 2021-05-29 14:28:24,FALSE,PLOG5,B,TRUE,FALSE,FALSE,nothing,false,,
River Logs,05290237.AVI,Organized_data_Nov_2020\PLOG5\B\nothing, 2021-05-29 14:30:20,FALSE,PLOG5,B,TRUE,FALSE,FALSE,nothing,false,,
River Logs,05290238.AVI,Organized_data_Nov_2020\PLOG5\B\nothing, 2021-05-29 14:31:18,FALSE,PLOG5,B,TRUE,FALSE,FALSE,nothing,false,,
River Logs,05290239.AVI,Organized_data_Nov_2020\PLOG5\B\nothing, 2021-05-29 14:32:14,FALSE,PLOG5,B,TRUE,FALSE,FALSE,nothing,false,,
River Logs,05290240.AVI,Organized_data_Nov_2020\PLOG5\B\nothing, 2021-05-29 14:44:08,FALSE,PLOG5,B,TRUE,FALSE,FALSE,nothing,false,,
River Logs,05290241.AVI,Organized_data_Nov_2020\PLOG5\B\nothing, 2021-05-29 14:55:46,FALSE,PLOG5,B,TRUE,FALSE,FALSE,nothing,false,,
River Logs,05290242.AVI,Organized_data_Nov_2020\PLOG5\B\nothing, 2021-05-29 15:00:34,FALSE,PLOG5,B,TRUE,FALSE,FALSE,nothing,false,,
River Logs,05290243.AVI,Organized_data_Nov_2020\PLOG5\B\nothing, 2021-05-29 15:01:42,FALSE,PLOG5,B,TRUE,FALSE,FALSE,nothing,false,,
River Logs,05290244.AVI,Organized_data_Nov_2020\PLOG5\B\nothing, 2021-05-29 15:03:42,FALSE,PLOG5,B,TRUE,FALSE,FALSE,nothing,false,,
River Logs,05290245.AVI,Organized_data_Nov_2020\PLOG5\B\nothing, 2021-05-29 15:27:56,FALSE,PLOG5,B,TRUE,FALSE,FALSE,nothing,false,,
River Logs,05290246.AVI,Organized_data_Nov_2020\PLOG5\B\nothing, 2021-05-29 15:28:54,FALSE,PLOG5,B,TRUE,FALSE,FALSE,nothing,false,,
River Logs,05290247.AVI,Organized_data_Nov_2020\PLOG5\B\nothing, 2021-05-29 15:29:50,FALSE,PLOG5,B,TRUE,FALSE,FALSE,nothing,false,,
River Logs,05290248.AVI,Organized_data_Nov_2020\PLOG5\B\on_log\lizard_uid, 2021-05-29 15:34:50,FALSE,PLOG5,B,FALSE,FALSE,TRUE,lizard_uid,false,,
River Logs,05290249.AVI,Organized_data_Nov_2020\PLOG5\B\nothing, 2021-05-29 20:17:26,FALSE,PLOG5,B,TRUE,FALSE,FALSE,nothing,false,,
River Logs,05290250.AVI,Organized_data_Nov_2020\PLOG5\B\nothing, 2021-05-29 20:17:28,FALSE,PLOG5,B,TRUE,FALSE,FALSE,nothing,false,,
River Logs,05300251.AVI,Organized_data_Nov_2020\PLOG5\B\on_log\tamandua, 2021-05-30 10:23:32,FALSE,PLOG5,B,FALSE,FALSE,TRUE,tamandua,true,,
River Logs,05300252.AVI,Organized_data_Nov_2020\PLOG5\B\on_log\lizard_uid, 2021-05-30 11:08:46,FALSE,PLOG5,B,FALSE,FALSE,TRUE,lizard_uid,false,,
River Logs,05300253.AVI,Organized_data_Nov_2020\PLOG5\B\nothing, 2021-05-30 11:35:58,FALSE,PLOG5,B,TRUE,FALSE,FALSE,nothing,false,,
River Logs,05300254.AVI,Organized_data_Nov_2020\PLOG5\B\on_log\iguana_green, 2021-05-30 11:50:34,FALSE,PLOG5,B,FALSE,FALSE,TRUE,iguana_green,false,,
River Logs,05300255.AVI,Organized_data_Nov_2020\PLOG5\B\nothing, 2021-05-30 12:40:24,FALSE,PLOG5,B,TRUE,FALSE,FALSE,nothing,false,,
River Logs,05300256.AVI,Organized_data_Nov_2020\PLOG5\B\on_log\iguana_green, 2021-05-30 12:46:34,FALSE,PLOG5,B,FALSE,FALSE,TRUE,iguana_green,false,,
River Logs,05300257.AVI,Organized_data_Nov_2020\PLOG5\B\nothing, 2021-05-30 12:49:34,FALSE,PLOG5,B,TRUE,FALSE,FALSE,nothing,false,,
River Logs,05300258.AVI,Organized_data_Nov_2020\PLOG5\B\nothing, 2021-05-30 12:51:42,FALSE,PLOG5,B,TRUE,FALSE,FALSE,nothing,false,,
River Logs,05300259.AVI,Organized_data_Nov_2020\PLOG5\B\nothing, 2021-05-30 12:56:48,FALSE,PLOG5,B,TRUE,FALSE,FALSE,nothing,false,,
River Logs,05300260.AVI,Organized_data_Nov_2020\PLOG5\B\nothing, 2021-05-30 13:08:20,FALSE,PLOG5,B,TRUE,FALSE,FALSE,nothing,false,,
River Logs,05300261.AVI,Organized_data_Nov_2020\PLOG5\B\nothing, 2021-05-30 13:09:48,FALSE,PLOG5,B,TRUE,FALSE,FALSE,nothing,false,,
River Logs,05300262.AVI,Organized_data_Nov_2020\PLOG5\B\nothing, 2021-05-30 13:23:12,FALSE,PLOG5,B,TRUE,FALSE,FALSE,nothing,false,,
River Logs,05300263.AVI,Organized_data_Nov_2020\PLOG5\B\nothing, 2021-05-30 13:28:54,FALSE,PLOG5,B,TRUE,FALSE,FALSE,nothing,false,,
River Logs,05300264.AVI,Organized_data_Nov_2020\PLOG5\B\nothing, 2021-05-30 13:44:40,FALSE,PLOG5,B,TRUE,FALSE,FALSE,nothing,false,,
River Logs,05300265.AVI,Organized_data_Nov_2020\PLOG5\B\nothing, 2021-05-30 13:47:04,FALSE,PLOG5,B,TRUE,FALSE,FALSE,nothing,false,,
River Logs,05300266.AVI,Organized_data_Nov_2020\PLOG5\B\nothing, 2021-05-30 13:50:40,FALSE,PLOG5,B,TRUE,FALSE,FALSE,nothing,false,,
River Logs,05300267.AVI,Organized_data_Nov_2020\PLOG5\B\nothing, 2021-05-30 13:52:42,FALSE,PLOG5,B,TRUE,FALSE,FALSE,nothing,false,,
River Logs,05300268.AVI,Organized_data_Nov_2020\PLOG5\B\nothing, 2021-05-30 14:07:14,FALSE,PLOG5,B,TRUE,FALSE,FALSE,nothing,false,,
River Logs,05300269.AVI,Organized_data_Nov_2020\PLOG5\B\nothing, 2021-05-30 14:09:10,FALSE,PLOG5,B,TRUE,FALSE,FALSE,nothing,false,,
River Logs,05300270.AVI,Organized_data_Nov_2020\PLOG5\B\nothing, 2021-05-30 14:10:02,FALSE,PLOG5,B,TRUE,FALSE,FALSE,nothing,false,,
River Logs,05300271.AVI,Organized_data_Nov_2020\PLOG5\B\nothing, 2021-05-30 14:12:54,FALSE,PLOG5,B,TRUE,FALSE,FALSE,nothing,false,,
River Logs,05300272.AVI,Organized_data_Nov_2020\PLOG5\B\nothing, 2021-05-30 14:14:54,FALSE,PLOG5,B,TRUE,FALSE,FALSE,nothing,false,,
River Logs,05300273.AVI,Organized_data_Nov_2020\PLOG5\B\nothing, 2021-05-30 14:15:54,FALSE,PLOG5,B,TRUE,FALSE,FALSE,nothing,false,,
River Logs,05300274.AVI,Organized_data_Nov_2020\PLOG5\B\nothing, 2021-05-30 14:18:44,FALSE,PLOG5,B,TRUE,FALSE,FALSE,nothing,false,,
River Logs,05300275.AVI,Organized_data_Nov_2020\PLOG5\B\nothing, 2021-05-30 14:20:08,FALSE,PLOG5,B,TRUE,FALSE,FALSE,nothing,false,,
River Logs,05300276.AVI,Organized_data_Nov_2020\PLOG5\B\nothing, 2021-05-30 14:31:30,FALSE,PLOG5,B,TRUE,FALSE,FALSE,nothing,false,,
River Logs,05300277.AVI,Organized_data_Nov_2020\PLOG5\B\nothing, 2021-05-30 14:38:14,FALSE,PLOG5,B,TRUE,FALSE,FALSE,nothing,false,,
River Logs,05300278.AVI,Organized_data_Nov_2020\PLOG5\B\nothing, 2021-05-30 14:39:08,FALSE,PLOG5,B,TRUE,FALSE,FALSE,nothing,false,,
River Logs,05300279.AVI,Organized_data_Nov_2020\PLOG5\B\nothing, 2021-05-30 14:47:08,FALSE,PLOG5,B,TRUE,FALSE,FALSE,nothing,false,,
River Logs,05300280.AVI,Organized_data_Nov_2020\PLOG5\B\nothing, 2021-05-30 15:25:02,FALSE,PLOG5,B,TRUE,FALSE,FALSE,nothing,false,,
River Logs,05300281.AVI,Organized_data_Nov_2020\PLOG5\B\nothing, 2021-05-30 15:26:08,FALSE,PLOG5,B,TRUE,FALSE,FALSE,nothing,false,,
River Logs,05310282.AVI,Organized_data_Nov_2020\PLOG5\B\on_log\tayra, 2021-05-31 09:24:16,FALSE,PLOG5,B,FALSE,FALSE,TRUE,tayra,true,,
River Logs,05310283.AVI,Organized_data_Nov_2020\PLOG5\B\nothing, 2021-05-31 12:59:04,FALSE,PLOG5,B,TRUE,FALSE,FALSE,nothing,false,,
River Logs,05310284.AVI,Organized_data_Nov_2020\PLOG5\B\nothing, 2021-05-31 13:06:08,FALSE,PLOG5,B,TRUE,FALSE,FALSE,nothing,false,,
River Logs,05310285.AVI,Organized_data_Nov_2020\PLOG5\B\nothing, 2021-05-31 13:13:32,FALSE,PLOG5,B,TRUE,FALSE,FALSE,nothing,false,,
River Logs,05310286.AVI,Organized_data_Nov_2020\PLOG5\B\nothing, 2021-05-31 13:14:30,FALSE,PLOG5,B,TRUE,FALSE,FALSE,nothing,false,,
River Logs,05310287.AVI,Organized_data_Nov_2020\PLOG5\B\nothing, 2021-05-31 13:15:24,FALSE,PLOG5,B,TRUE,FALSE,FALSE,nothing,false,,
River Logs,05310288.AVI,Organized_data_Nov_2020\PLOG5\B\nothing, 2021-05-31 13:17:32,FALSE,PLOG5,B,TRUE,FALSE,FALSE,nothing,false,,
River Logs,05310289.AVI,Organized_data_Nov_2020\PLOG5\B\nothing, 2021-05-31 14:31:00,FALSE,PLOG5,B,TRUE,FALSE,FALSE,nothing,false,,
River Logs,05310290.AVI,Organized_data_Nov_2020\PLOG5\B\nothing, 2021-05-31 14:34:12,FALSE,PLOG5,B,TRUE,FALSE,FALSE,nothing,false,,
River Logs,05310291.AVI,Organized_data_Nov_2020\PLOG5\B\nothing, 2021-05-31 14:46:12,FALSE,PLOG5,B,TRUE,FALSE,FALSE,nothing,false,,
River Logs,05310292.AVI,Organized_data_Nov_2020\PLOG5\B\nothing, 2021-05-31 14:49:42,FALSE,PLOG5,B,TRUE,FALSE,FALSE,nothing,false,,
River Logs,05310293.AVI,Organized_data_Nov_2020\PLOG5\B\nothing, 2021-05-31 14:52:16,FALSE,PLOG5,B,TRUE,FALSE,FALSE,nothing,false,,
River Logs,05310294.AVI,Organized_data_Nov_2020\PLOG5\B\nothing, 2021-05-31 15:18:02,FALSE,PLOG5,B,TRUE,FALSE,FALSE,nothing,false,,
River Logs,05310295.AVI,Organized_data_Nov_2020\PLOG5\B\nothing, 2021-05-31 15:24:24,FALSE,PLOG5,B,TRUE,FALSE,FALSE,nothing,false,,
River Logs,05310296.AVI,Organized_data_Nov_2020\PLOG5\B\nothing, 2021-05-31 15:25:44,FALSE,PLOG5,B,TRUE,FALSE,FALSE,nothing,false,,
River Logs,05310297.AVI,Organized_data_Nov_2020\PLOG5\B\nothing, 2021-05-31 15:29:50,FALSE,PLOG5,B,TRUE,FALSE,FALSE,nothing,false,,
River Logs,05310298.AVI,Organized_data_Nov_2020\PLOG5\B\nothing, 2021-05-31 15:32:46,FALSE,PLOG5,B,TRUE,FALSE,FALSE,nothing,false,,
River Logs,05310299.AVI,Organized_data_Nov_2020\PLOG5\B\nothing, 2021-05-31 20:33:26,FALSE,PLOG5,B,TRUE,FALSE,FALSE,nothing,false,,
River Logs,06010300.AVI,Organized_data_Nov_2020\PLOG5\B\nothing, 2021-06-01 12:07:20,FALSE,PLOG5,B,TRUE,FALSE,FALSE,nothing,false,,
River Logs,06010301.AVI,Organized_data_Nov_2020\PLOG5\B\nothing, 2021-06-01 12:14:02,FALSE,PLOG5,B,TRUE,FALSE,FALSE,nothing,false,,
River Logs,06010302.AVI,Organized_data_Nov_2020\PLOG5\B\nothing, 2021-06-01 12:26:24,FALSE,PLOG5,B,TRUE,FALSE,FALSE,nothing,false,,
River Logs,06010303.AVI,Organized_data_Nov_2020\PLOG5\B\nothing, 2021-06-01 12:35:12,FALSE,PLOG5,B,TRUE,FALSE,FALSE,nothing,false,,
River Logs,06010304.AVI,Organized_data_Nov_2020\PLOG5\B\nothing, 2021-06-01 12:42:24,FALSE,PLOG5,B,TRUE,FALSE,FALSE,nothing,false,,
River Logs,06010305.AVI,Organized_data_Nov_2020\PLOG5\B\nothing, 2021-06-01 12:47:44,FALSE,PLOG5,B,TRUE,FALSE,FALSE,nothing,false,,
River Logs,06010306.AVI,Organized_data_Nov_2020\PLOG5\B\nothing, 2021-06-01 12:52:48,FALSE,PLOG5,B,TRUE,FALSE,FALSE,nothing,false,,
River Logs,06010307.AVI,Organized_data_Nov_2020\PLOG5\B\nothing, 2021-06-01 12:55:42,FALSE,PLOG5,B,TRUE,FALSE,FALSE,nothing,false,,
River Logs,06010308.AVI,Organized_data_Nov_2020\PLOG5\B\nothing, 2021-06-01 13:00:22,FALSE,PLOG5,B,TRUE,FALSE,FALSE,nothing,false,,
River Logs,06010309.AVI,Organized_data_Nov_2020\PLOG5\B\nothing, 2021-06-01 13:01:36,FALSE,PLOG5,B,TRUE,FALSE,FALSE,nothing,false,,
River Logs,06010310.AVI,Organized_data_Nov_2020\PLOG5\B\nothing, 2021-06-01 13:07:48,FALSE,PLOG5,B,TRUE,FALSE,FALSE,nothing,false,,
River Logs,06010311.AVI,Organized_data_Nov_2020\PLOG5\B\nothing, 2021-06-01 13:08:38,FALSE,PLOG5,B,TRUE,FALSE,FALSE,nothing,false,,
River Logs,06010312.AVI,Organized_data_Nov_2020\PLOG5\B\nothing, 2021-06-01 13:09:32,FALSE,PLOG5,B,TRUE,FALSE,FALSE,nothing,false,,
River Logs,06010313.AVI,Organized_data_Nov_2020\PLOG5\B\nothing, 2021-06-01 13:11:54,FALSE,PLOG5,B,TRUE,FALSE,FALSE,nothing,false,,
River Logs,06010314.AVI,Organized_data_Nov_2020\PLOG5\B\nothing, 2021-06-01 13:13:46,FALSE,PLOG5,B,TRUE,FALSE,FALSE,nothing,false,,
River Logs,06010315.AVI,Organized_data_Nov_2020\PLOG5\B\nothing, 2021-06-01 13:15:06,FALSE,PLOG5,B,TRUE,FALSE,FALSE,nothing,false,,
River Logs,06010316.AVI,Organized_data_Nov_2020\PLOG5\B\nothing, 2021-06-01 13:23:56,FALSE,PLOG5,B,TRUE,FALSE,FALSE,nothing,false,,
River Logs,06010317.AVI,Organized_data_Nov_2020\PLOG5\B\nothing, 2021-06-01 13:24:46,FALSE,PLOG5,B,TRUE,FALSE,FALSE,nothing,false,,
River Logs,06010318.AVI,Organized_data_Nov_2020\PLOG5\B\nothing, 2021-06-01 13:25:42,FALSE,PLOG5,B,TRUE,FALSE,FALSE,nothing,false,,
River Logs,06010319.AVI,Organized_data_Nov_2020\PLOG5\B\nothing, 2021-06-01 13:27:04,FALSE,PLOG5,B,TRUE,FALSE,FALSE,nothing,false,,
River Logs,06010320.AVI,Organized_data_Nov_2020\PLOG5\B\nothing, 2021-06-01 13:28:04,FALSE,PLOG5,B,TRUE,FALSE,FALSE,nothing,false,,
River Logs,06010321.AVI,Organized_data_Nov_2020\PLOG5\B\nothing, 2021-06-01 13:28:56,FALSE,PLOG5,B,TRUE,FALSE,FALSE,nothing,false,,
River Logs,06010322.AVI,Organized_data_Nov_2020\PLOG5\B\nothing, 2021-06-01 13:29:50,FALSE,PLOG5,B,TRUE,FALSE,FALSE,nothing,false,,
River Logs,06010323.AVI,Organized_data_Nov_2020\PLOG5\B\nothing, 2021-06-01 13:35:58,FALSE,PLOG5,B,TRUE,FALSE,FALSE,nothing,false,,
River Logs,06010324.AVI,Organized_data_Nov_2020\PLOG5\B\nothing, 2021-06-01 13:38:50,FALSE,PLOG5,B,TRUE,FALSE,FALSE,nothing,false,,
River Logs,06010325.AVI,Organized_data_Nov_2020\PLOG5\B\nothing, 2021-06-01 13:40:00,FALSE,PLOG5,B,TRUE,FALSE,FALSE,nothing,false,,
River Logs,06010326.AVI,Organized_data_Nov_2020\PLOG5\B\nothing, 2021-06-01 13:45:26,FALSE,PLOG5,B,TRUE,FALSE,FALSE,nothing,false,,
River Logs,06010327.AVI,Organized_data_Nov_2020\PLOG5\B\nothing, 2021-06-01 13:46:38,FALSE,PLOG5,B,TRUE,FALSE,FALSE,nothing,false,,
River Logs,06010328.AVI,Organized_data_Nov_2020\PLOG5\B\nothing, 2021-06-01 13:54:24,FALSE,PLOG5,B,TRUE,FALSE,FALSE,nothing,false,,
River Logs,06010329.AVI,Organized_data_Nov_2020\PLOG5\B\nothing, 2021-06-01 13:55:14,FALSE,PLOG5,B,TRUE,FALSE,FALSE,nothing,false,,
River Logs,06010330.AVI,Organized_data_Nov_2020\PLOG5\B\nothing, 2021-06-01 13:56:10,FALSE,PLOG5,B,TRUE,FALSE,FALSE,nothing,false,,
River Logs,06010331.AVI,Organized_data_Nov_2020\PLOG5\B\nothing, 2021-06-01 13:57:12,FALSE,PLOG5,B,TRUE,FALSE,FALSE,nothing,false,,
River Logs,06010332.AVI,Organized_data_Nov_2020\PLOG5\B\nothing, 2021-06-01 13:58:50,FALSE,PLOG5,B,TRUE,FALSE,FALSE,nothing,false,,
River Logs,06010333.AVI,Organized_data_Nov_2020\PLOG5\B\nothing, 2021-06-01 13:59:40,FALSE,PLOG5,B,TRUE,FALSE,FALSE,nothing,false,,
River Logs,06010334.AVI,Organized_data_Nov_2020\PLOG5\B\nothing, 2021-06-01 14:01:52,FALSE,PLOG5,B,TRUE,FALSE,FALSE,nothing,false,,
River Logs,06010335.AVI,Organized_data_Nov_2020\PLOG5\B\nothing, 2021-06-01 14:02:44,FALSE,PLOG5,B,TRUE,FALSE,FALSE,nothing,false,,
River Logs,06010336.AVI,Organized_data_Nov_2020\PLOG5\B\nothing, 2021-06-01 14:21:10,FALSE,PLOG5,B,TRUE,FALSE,FALSE,nothing,false,,
River Logs,06010337.AVI,Organized_data_Nov_2020\PLOG5\B\nothing, 2021-06-01 14:22:46,FALSE,PLOG5,B,TRUE,FALSE,FALSE,nothing,false,,
River Logs,06010338.AVI,Organized_data_Nov_2020\PLOG5\B\nothing, 2021-06-01 14:23:44,FALSE,PLOG5,B,TRUE,FALSE,FALSE,nothing,false,,
River Logs,06010339.AVI,Organized_data_Nov_2020\PLOG5\B\nothing, 2021-06-01 14:28:58,FALSE,PLOG5,B,TRUE,FALSE,FALSE,nothing,false,,
River Logs,06010340.AVI,Organized_data_Nov_2020\PLOG5\B\nothing, 2021-06-01 14:33:18,FALSE,PLOG5,B,TRUE,FALSE,FALSE,nothing,false,,
River Logs,06010341.AVI,Organized_data_Nov_2020\PLOG5\B\nothing, 2021-06-01 14:34:16,FALSE,PLOG5,B,TRUE,FALSE,FALSE,nothing,false,,
River Logs,06010342.AVI,Organized_data_Nov_2020\PLOG5\B\nothing, 2021-06-01 14:35:16,FALSE,PLOG5,B,TRUE,FALSE,FALSE,nothing,false,,
River Logs,06010343.AVI,Organized_data_Nov_2020\PLOG5\B\nothing, 2021-06-01 14:36:24,FALSE,PLOG5,B,TRUE,FALSE,FALSE,nothing,false,,
River Logs,06010344.AVI,Organized_data_Nov_2020\PLOG5\B\nothing, 2021-06-01 14:38:40,FALSE,PLOG5,B,TRUE,FALSE,FALSE,nothing,false,,
River Logs,06010345.AVI,Organized_data_Nov_2020\PLOG5\B\nothing, 2021-06-01 14:41:26,FALSE,PLOG5,B,TRUE,FALSE,FALSE,nothing,false,,
River Logs,06010346.AVI,Organized_data_Nov_2020\PLOG5\B\nothing, 2021-06-01 14:42:18,FALSE,PLOG5,B,TRUE,FALSE,FALSE,nothing,false,,
River Logs,06010347.AVI,Organized_data_Nov_2020\PLOG5\B\nothing, 2021-06-01 14:43:38,FALSE,PLOG5,B,TRUE,FALSE,FALSE,nothing,false,,
River Logs,06010348.AVI,Organized_data_Nov_2020\PLOG5\B\nothing, 2021-06-01 14:44:32,FALSE,PLOG5,B,TRUE,FALSE,FALSE,nothing,false,,
River Logs,06010349.AVI,Organized_data_Nov_2020\PLOG5\B\nothing, 2021-06-01 14:46:54,FALSE,PLOG5,B,TRUE,FALSE,FALSE,nothing,false,,
River Logs,06010350.AVI,Organized_data_Nov_2020\PLOG5\B\nothing, 2021-06-01 14:48:10,FALSE,PLOG5,B,TRUE,FALSE,FALSE,nothing,false,,
River Logs,06010351.AVI,Organized_data_Nov_2020\PLOG5\B\nothing, 2021-06-01 14:57:26,FALSE,PLOG5,B,TRUE,FALSE,FALSE,nothing,false,,
River Logs,06010352.AVI,Organized_data_Nov_2020\PLOG5\B\nothing, 2021-06-01 14:58:42,FALSE,PLOG5,B,TRUE,FALSE,FALSE,nothing,false,,
River Logs,06010353.AVI,Organized_data_Nov_2020\PLOG5\B\nothing, 2021-06-01 15:00:10,FALSE,PLOG5,B,TRUE,FALSE,FALSE,nothing,false,,
River Logs,06010354.AVI,Organized_data_Nov_2020\PLOG5\B\nothing, 2021-06-01 15:01:06,FALSE,PLOG5,B,TRUE,FALSE,FALSE,nothing,false,,
River Logs,06010355.AVI,Organized_data_Nov_2020\PLOG5\B\nothing, 2021-06-01 15:02:14,FALSE,PLOG5,B,TRUE,FALSE,FALSE,nothing,false,,
River Logs,06010356.AVI,Organized_data_Nov_2020\PLOG5\B\nothing, 2021-06-01 15:03:08,FALSE,PLOG5,B,TRUE,FALSE,FALSE,nothing,false,,
River Logs,06010357.AVI,Organized_data_Nov_2020\PLOG5\B\nothing, 2021-06-01 15:06:06,FALSE,PLOG5,B,TRUE,FALSE,FALSE,nothing,false,,
River Logs,06010358.AVI,Organized_data_Nov_2020\PLOG5\B\nothing, 2021-06-01 15:12:00,FALSE,PLOG5,B,TRUE,FALSE,FALSE,nothing,false,,
River Logs,06010359.AVI,Organized_data_Nov_2020\PLOG5\B\nothing, 2021-06-01 15:22:46,FALSE,PLOG5,B,TRUE,FALSE,FALSE,nothing,false,,
River Logs,06010360.AVI,Organized_data_Nov_2020\PLOG5\B\nothing, 2021-06-01 15:24:00,FALSE,PLOG5,B,TRUE,FALSE,FALSE,nothing,false,,
River Logs,06010361.AVI,Organized_data_Nov_2020\PLOG5\B\nothing, 2021-06-01 15:25:22,FALSE,PLOG5,B,TRUE,FALSE,FALSE,nothing,false,,
River Logs,06010364.AVI,Organized_data_Nov_2020\PLOG5\B\nothing, 2021-06-01 15:43:02,FALSE,PLOG5,B,TRUE,FALSE,FALSE,nothing,false,,
River Logs,06010365.AVI,Organized_data_Nov_2020\PLOG5\B\nothing, 2021-06-01 16:22:34,FALSE,PLOG5,B,TRUE,FALSE,FALSE,nothing,false,,
River Logs,06010362.AVI,Organized_data_Nov_2020\PLOG5\A\on_log\lizard_uid, 2021-06-01 16:32:36,FALSE,PLOG5,A,FALSE,FALSE,TRUE,lizard_uid,false,,
River Logs,06010363.AVI,Organized_data_Nov_2020\PLOG5\A\on_log\lizard_uid, 2021-06-01 16:33:48,FALSE,PLOG5,A,FALSE,FALSE,TRUE,lizard_uid,false,,
River Logs,06010366.AVI,Organized_data_Nov_2020\PLOG5\B\nothing, 2021-06-01 16:40:24,FALSE,PLOG5,B,TRUE,FALSE,FALSE,nothing,false,,
River Logs,06020367.AVI,Organized_data_Nov_2020\PLOG5\B\nothing, 2021-06-02 11:54:46,FALSE,PLOG5,B,TRUE,FALSE,FALSE,nothing,false,,
River Logs,06020368.AVI,Organized_data_Nov_2020\PLOG5\B\nothing, 2021-06-02 11:58:26,FALSE,PLOG5,B,TRUE,FALSE,FALSE,nothing,false,,
River Logs,06020369.AVI,Organized_data_Nov_2020\PLOG5\B\nothing, 2021-06-02 12:28:56,FALSE,PLOG5,B,TRUE,FALSE,FALSE,nothing,false,,
River Logs,06020370.AVI,Organized_data_Nov_2020\PLOG5\B\nothing, 2021-06-02 13:21:44,FALSE,PLOG5,B,TRUE,FALSE,FALSE,nothing,false,,
River Logs,06020371.AVI,Organized_data_Nov_2020\PLOG5\B\nothing, 2021-06-02 13:40:18,FALSE,PLOG5,B,TRUE,FALSE,FALSE,nothing,false,,
River Logs,06020372.AVI,Organized_data_Nov_2020\PLOG5\B\nothing, 2021-06-02 13:51:12,FALSE,PLOG5,B,TRUE,FALSE,FALSE,nothing,false,,
River Logs,06020373.AVI,Organized_data_Nov_2020\PLOG5\B\nothing, 2021-06-02 13:53:50,FALSE,PLOG5,B,TRUE,FALSE,FALSE,nothing,false,,
River Logs,06020374.AVI,Organized_data_Nov_2020\PLOG5\B\nothing, 2021-06-02 14:16:40,FALSE,PLOG5,B,TRUE,FALSE,FALSE,nothing,false,,
River Logs,06020375.AVI,Organized_data_Nov_2020\PLOG5\B\nothing, 2021-06-02 14:29:08,FALSE,PLOG5,B,TRUE,FALSE,FALSE,nothing,false,,
River Logs,06020376.AVI,Organized_data_Nov_2020\PLOG5\B\nothing, 2021-06-02 14:30:04,FALSE,PLOG5,B,TRUE,FALSE,FALSE,nothing,false,,
River Logs,06020377.AVI,Organized_data_Nov_2020\PLOG5\B\nothing, 2021-06-02 14:34:40,FALSE,PLOG5,B,TRUE,FALSE,FALSE,nothing,false,,
River Logs,06020378.AVI,Organized_data_Nov_2020\PLOG5\B\nothing, 2021-06-02 14:37:16,FALSE,PLOG5,B,TRUE,FALSE,FALSE,nothing,false,,
River Logs,06020379.AVI,Organized_data_Nov_2020\PLOG5\B\nothing, 2021-06-02 14:38:42,FALSE,PLOG5,B,TRUE,FALSE,FALSE,nothing,false,,
River Logs,06020380.AVI,Organized_data_Nov_2020\PLOG5\B\nothing, 2021-06-02 14:48:20,FALSE,PLOG5,B,TRUE,FALSE,FALSE,nothing,false,,
River Logs,06020381.AVI,Organized_data_Nov_2020\PLOG5\B\nothing, 2021-06-02 14:51:14,FALSE,PLOG5,B,TRUE,FALSE,FALSE,nothing,false,,
River Logs,06020382.AVI,Organized_data_Nov_2020\PLOG5\B\nothing, 2021-06-02 14:54:48,FALSE,PLOG5,B,TRUE,FALSE,FALSE,nothing,false,,
River Logs,06020383.AVI,Organized_data_Nov_2020\PLOG5\B\nothing, 2021-06-02 15:16:56,FALSE,PLOG5,B,TRUE,FALSE,FALSE,nothing,false,,
River Logs,06020384.AVI,Organized_data_Nov_2020\PLOG5\B\nothing, 2021-06-02 16:06:24,FALSE,PLOG5,B,TRUE,FALSE,FALSE,nothing,false,,
River Logs,06020385.AVI,Organized_data_Nov_2020\PLOG5\B\nothing, 2021-06-02 16:46:46,FALSE,PLOG5,B,TRUE,FALSE,FALSE,nothing,false,,
River Logs,06030386.AVI,Organized_data_Nov_2020\PLOG5\B\nothing, 2021-06-03 13:28:18,FALSE,PLOG5,B,TRUE,FALSE,FALSE,nothing,false,,
River Logs,06030387.AVI,Organized_data_Nov_2020\PLOG5\B\nothing, 2021-06-03 13:29:10,FALSE,PLOG5,B,TRUE,FALSE,FALSE,nothing,false,,
River Logs,06030388.AVI,Organized_data_Nov_2020\PLOG5\B\nothing, 2021-06-03 13:38:48,FALSE,PLOG5,B,TRUE,FALSE,FALSE,nothing,false,,
River Logs,06030389.AVI,Organized_data_Nov_2020\PLOG5\B\nothing, 2021-06-03 13:49:12,FALSE,PLOG5,B,TRUE,FALSE,FALSE,nothing,false,,
River Logs,06030390.AVI,Organized_data_Nov_2020\PLOG5\B\nothing, 2021-06-03 13:51:58,FALSE,PLOG5,B,TRUE,FALSE,FALSE,nothing,false,,
River Logs,06060042.AVI,Organized_data_Nov_2020\CLOG6\A\on_log\tyra, 2021-06-06 09:10:26,FALSE,CLOG6,A,FALSE,FALSE,TRUE,tayra,true,,
River Logs,06080085.AVI,Organized_data_Nov_2020\PLOG7\B\on_log\coati, 2021-06-08 15:56:40,FALSE,PLOG7,B,FALSE,FALSE,TRUE,coati,true,,
River Logs,06120043.AVI,Organized_data_Nov_2020\CLOG6\A\on_log\great curacao, 2021-06-12 07:33:16,FALSE,CLOG6,A,FALSE,FALSE,false,curassow_great,false,,
River Logs,06160044.AVI,Organized_data_Nov_2020\CLOG6\A\on_log\tyra, 2021-06-16 13:10:28,FALSE,CLOG6,A,FALSE,FALSE,TRUE,tayra,true,,
River Logs,06200045.AVI,Organized_data_Nov_2020\CLOG6\A\on_log\tamandua, 2021-06-20 08:55:50,FALSE,CLOG6,A,FALSE,FALSE,TRUE,tamandua,true,,
River Logs,06200086.AVI,Organized_data_Nov_2020\PLOG7\B\on_log\curassow_great, 2021-06-20 12:19:48,FALSE,PLOG7,B,FALSE,FALSE,TRUE,curassow_great,true,,
River Logs,06220046.AVI,Organized_data_Nov_2020\CLOG6\A\on_log\coati, 2021-06-22 11:35:40,FALSE,CLOG6,A,FALSE,FALSE,TRUE,coati,true,,
River Logs,IMG_0777.AVI,Organized_data_Nov_2020\PLOG5\A\nothing, 2021-06-22 13:34:22,FALSE,PLOG5,A,TRUE,FALSE,FALSE,nothing,false,,
River Logs,IMG_0778.AVI,Organized_data_Nov_2020\PLOG5\A\nothing, 2021-06-22 13:37:02,FALSE,PLOG5,A,TRUE,FALSE,FALSE,nothing,false,,
River Logs,IMG_0779.AVI,Organized_data_Nov_2020\PLOG5\A\nothing, 2021-06-22 13:40:06,FALSE,PLOG5,A,TRUE,FALSE,FALSE,nothing,false,,
River Logs,IMG_0780.AVI,Organized_data_Nov_2020\PLOG5\A\nothing, 2021-06-22 13:42:52,FALSE,PLOG5,A,TRUE,FALSE,FALSE,nothing,false,,
River Logs,IMG_0781.AVI,Organized_data_Nov_2020\PLOG5\A\nothing, 2021-06-22 13:43:54,FALSE,PLOG5,A,TRUE,FALSE,FALSE,nothing,false,,
River Logs,IMG_0782.AVI,Organized_data_Nov_2020\PLOG5\A\nothing, 2021-06-22 13:54:56,FALSE,PLOG5,A,TRUE,FALSE,FALSE,nothing,false,,
River Logs,IMG_0783.AVI,Organized_data_Nov_2020\PLOG5\A\nothing, 2021-06-22 13:57:54,FALSE,PLOG5,A,TRUE,FALSE,FALSE,nothing,false,,
River Logs,IMG_0784.AVI,Organized_data_Nov_2020\PLOG5\A\nothing, 2021-06-22 14:06:34,FALSE,PLOG5,A,TRUE,FALSE,FALSE,nothing,false,,
River Logs,IMG_0785.AVI,Organized_data_Nov_2020\PLOG5\A\nothing, 2021-06-22 14:12:16,FALSE,PLOG5,A,TRUE,FALSE,FALSE,nothing,false,,
River Logs,IMG_0786.AVI,Organized_data_Nov_2020\PLOG5\A\nothing, 2021-06-22 14:18:16,FALSE,PLOG5,A,TRUE,FALSE,FALSE,nothing,false,,
River Logs,IMG_0787.AVI,Organized_data_Nov_2020\PLOG5\A\nothing, 2021-06-22 14:18:48,FALSE,PLOG5,A,TRUE,FALSE,FALSE,nothing,false,,
River Logs,IMG_0788.AVI,Organized_data_Nov_2020\PLOG5\A\nothing, 2021-06-22 14:19:28,FALSE,PLOG5,A,TRUE,FALSE,FALSE,nothing,false,,
River Logs,IMG_0789.AVI,Organized_data_Nov_2020\PLOG5\A\nothing, 2021-06-22 14:27:10,FALSE,PLOG5,A,TRUE,FALSE,FALSE,nothing,false,,
River Logs,IMG_0790.AVI,Organized_data_Nov_2020\PLOG5\A\nothing, 2021-06-22 14:43:06,FALSE,PLOG5,A,TRUE,FALSE,FALSE,nothing,false,,
River Logs,IMG_0791.AVI,Organized_data_Nov_2020\PLOG5\A\on_log\tayra, 2021-06-22 16:45:54,FALSE,PLOG5,A,FALSE,FALSE,TRUE,tayra,true,,
River Logs,IMG_0792.AVI,Organized_data_Nov_2020\PLOG5\A\nothing, 2021-06-23 12:18:34,FALSE,PLOG5,A,TRUE,FALSE,FALSE,nothing,false,,
River Logs,IMG_0793.AVI,Organized_data_Nov_2020\PLOG5\A\nothing, 2021-06-23 13:33:14,FALSE,PLOG5,A,TRUE,FALSE,FALSE,nothing,false,,
River Logs,IMG_0794.AVI,Organized_data_Nov_2020\PLOG5\A\nothing, 2021-06-23 13:38:30,FALSE,PLOG5,A,TRUE,FALSE,FALSE,nothing,false,,
River Logs,IMG_0795.AVI,Organized_data_Nov_2020\PLOG5\A\nothing, 2021-06-23 13:56:48,FALSE,PLOG5,A,TRUE,FALSE,FALSE,nothing,false,,
River Logs,IMG_0796.AVI,Organized_data_Nov_2020\PLOG5\A\nothing, 2021-06-23 14:02:02,FALSE,PLOG5,A,TRUE,FALSE,FALSE,nothing,false,,
River Logs,IMG_0797.AVI,Organized_data_Nov_2020\PLOG5\A\nothing, 2021-06-23 14:16:16,FALSE,PLOG5,A,TRUE,FALSE,FALSE,nothing,false,,
River Logs,IMG_0798.AVI,Organized_data_Nov_2020\PLOG5\A\nothing, 2021-06-23 14:22:12,FALSE,PLOG5,A,TRUE,FALSE,FALSE,nothing,false,,
River Logs,IMG_0799.AVI,Organized_data_Nov_2020\PLOG5\A\nothing, 2021-06-23 14:22:50,FALSE,PLOG5,A,TRUE,FALSE,FALSE,nothing,false,,
River Logs,IMG_0800.AVI,Organized_data_Nov_2020\PLOG5\A\nothing, 2021-06-23 14:33:56,FALSE,PLOG5,A,TRUE,FALSE,FALSE,nothing,false,,
River Logs,IMG_0801.AVI,Organized_data_Nov_2020\PLOG5\A\nothing, 2021-06-23 14:35:54,FALSE,PLOG5,A,TRUE,FALSE,FALSE,nothing,false,,
River Logs,IMG_0802.AVI,Organized_data_Nov_2020\PLOG5\A\nothing, 2021-06-23 14:41:46,FALSE,PLOG5,A,TRUE,FALSE,FALSE,nothing,false,,
River Logs,IMG_0803.AVI,Organized_data_Nov_2020\PLOG5\A\nothing, 2021-06-23 14:42:28,FALSE,PLOG5,A,TRUE,FALSE,FALSE,nothing,false,,
River Logs,IMG_0804.AVI,Organized_data_Nov_2020\PLOG5\A\nothing, 2021-06-23 14:51:04,FALSE,PLOG5,A,TRUE,FALSE,FALSE,nothing,false,,
River Logs,IMG_0805.AVI,Organized_data_Nov_2020\PLOG5\A\nothing, 2021-06-23 14:51:40,FALSE,PLOG5,A,TRUE,FALSE,FALSE,nothing,false,,
River Logs,IMG_0806.AVI,Organized_data_Nov_2020\PLOG5\A\nothing, 2021-06-23 15:12:12,FALSE,PLOG5,A,TRUE,FALSE,FALSE,nothing,false,,
River Logs,IMG_0807.AVI,Organized_data_Nov_2020\PLOG5\A\nothing, 2021-06-23 15:17:32,FALSE,PLOG5,A,TRUE,FALSE,FALSE,nothing,false,,
River Logs,IMG_0808.AVI,Organized_data_Nov_2020\PLOG5\A\nothing, 2021-06-23 15:19:44,FALSE,PLOG5,A,TRUE,FALSE,FALSE,nothing,false,,
River Logs,IMG_0809.AVI,Organized_data_Nov_2020\PLOG5\A\nothing, 2021-06-23 15:23:28,FALSE,PLOG5,A,TRUE,FALSE,FALSE,nothing,false,,
River Logs,IMG_0810.AVI,Organized_data_Nov_2020\PLOG5\A\nothing, 2021-06-23 15:23:58,FALSE,PLOG5,A,TRUE,FALSE,FALSE,nothing,false,,
River Logs,IMG_0811.AVI,Organized_data_Nov_2020\PLOG5\A\nothing, 2021-06-23 16:01:40,FALSE,PLOG5,A,TRUE,FALSE,FALSE,nothing,false,,
River Logs,IMG_0812.AVI,Organized_data_Nov_2020\PLOG5\A\nothing, 2021-06-23 16:03:52,FALSE,PLOG5,A,TRUE,FALSE,FALSE,nothing,false,,
River Logs,IMG_0813.AVI,Organized_data_Nov_2020\PLOG5\A\nothing, 2021-06-23 16:31:36,FALSE,PLOG5,A,TRUE,FALSE,FALSE,nothing,false,,
River Logs,IMG_0814.AVI,Organized_data_Nov_2020\PLOG5\A\nothing, 2021-06-23 16:50:12,FALSE,PLOG5,A,TRUE,FALSE,FALSE,nothing,false,,
River Logs,IMG_0815.AVI,Organized_data_Nov_2020\PLOG5\A\nothing, 2021-06-23 16:58:36,FALSE,PLOG5,A,TRUE,FALSE,FALSE,nothing,false,,
River Logs,IMG_0816.AVI,Organized_data_Nov_2020\PLOG5\A\nothing, 2021-06-24 13:15:42,FALSE,PLOG5,A,TRUE,FALSE,FALSE,nothing,false,,
River Logs,IMG_0817.AVI,Organized_data_Nov_2020\PLOG5\A\on_log\coati, 2021-06-24 14:53:50,FALSE,PLOG5,A,FALSE,FALSE,TRUE,coati,true,,
River Logs,IMG_0818.AVI,Organized_data_Nov_2020\PLOG5\A\on_log\tayra, 2021-06-24 17:15:52,FALSE,PLOG5,A,FALSE,FALSE,TRUE,tayra,true,,
River Logs,IMG_0819.AVI,Organized_data_Nov_2020\PLOG5\A\nothing, 2021-06-25 12:23:54,FALSE,PLOG5,A,TRUE,FALSE,FALSE,nothing,false,,
River Logs,IMG_0820.AVI,Organized_data_Nov_2020\PLOG5\A\nothing, 2021-06-25 12:45:12,FALSE,PLOG5,A,TRUE,FALSE,FALSE,nothing,false,,
River Logs,IMG_0821.AVI,Organized_data_Nov_2020\PLOG5\A\nothing, 2021-06-25 13:24:26,FALSE,PLOG5,A,TRUE,FALSE,FALSE,nothing,false,,
River Logs,IMG_0822.AVI,Organized_data_Nov_2020\PLOG5\A\nothing, 2021-06-25 13:39:34,FALSE,PLOG5,A,TRUE,FALSE,FALSE,nothing,false,,
River Logs,IMG_0823.AVI,Organized_data_Nov_2020\PLOG5\A\nothing, 2021-06-25 13:46:20,FALSE,PLOG5,A,TRUE,FALSE,FALSE,nothing,false,,
River Logs,IMG_0824.AVI,Organized_data_Nov_2020\PLOG5\A\nothing, 2021-06-25 14:04:00,FALSE,PLOG5,A,TRUE,FALSE,FALSE,nothing,false,,
River Logs,IMG_0825.AVI,Organized_data_Nov_2020\PLOG5\A\nothing, 2021-06-25 14:12:44,FALSE,PLOG5,A,TRUE,FALSE,FALSE,nothing,false,,
River Logs,IMG_0826.AVI,Organized_data_Nov_2020\PLOG5\A\nothing, 2021-06-25 15:03:24,FALSE,PLOG5,A,TRUE,FALSE,FALSE,nothing,false,,
River Logs,IMG_0827.AVI,Organized_data_Nov_2020\PLOG5\A\nothing, 2021-06-26 12:53:26,FALSE,PLOG5,A,TRUE,FALSE,FALSE,nothing,false,,
River Logs,IMG_0828.AVI,Organized_data_Nov_2020\PLOG5\A\nothing, 2021-06-26 13:20:34,FALSE,PLOG5,A,TRUE,FALSE,FALSE,nothing,false,,
River Logs,IMG_0829.AVI,Organized_data_Nov_2020\PLOG5\A\nothing, 2021-06-26 13:23:44,FALSE,PLOG5,A,TRUE,FALSE,FALSE,nothing,false,,
River Logs,IMG_0830.AVI,Organized_data_Nov_2020\PLOG5\A\nothing, 2021-06-26 13:29:12,FALSE,PLOG5,A,TRUE,FALSE,FALSE,nothing,false,,
River Logs,IMG_0831.AVI,Organized_data_Nov_2020\PLOG5\A\nothing, 2021-06-26 13:32:56,FALSE,PLOG5,A,TRUE,FALSE,FALSE,nothing,false,,
River Logs,IMG_0832.AVI,Organized_data_Nov_2020\PLOG5\A\nothing, 2021-06-26 13:35:12,FALSE,PLOG5,A,TRUE,FALSE,FALSE,nothing,false,,
River Logs,IMG_0833.AVI,Organized_data_Nov_2020\PLOG5\A\nothing, 2021-06-26 13:38:20,FALSE,PLOG5,A,TRUE,FALSE,FALSE,nothing,false,,
River Logs,IMG_0834.AVI,Organized_data_Nov_2020\PLOG5\A\nothing, 2021-06-26 13:42:58,FALSE,PLOG5,A,TRUE,FALSE,FALSE,nothing,false,,
River Logs,IMG_0835.AVI,Organized_data_Nov_2020\PLOG5\A\nothing, 2021-06-26 13:44:46,FALSE,PLOG5,A,TRUE,FALSE,FALSE,nothing,false,,
River Logs,IMG_0836.AVI,Organized_data_Nov_2020\PLOG5\A\nothing, 2021-06-26 13:45:34,FALSE,PLOG5,A,TRUE,FALSE,FALSE,nothing,false,,
River Logs,IMG_0837.AVI,Organized_data_Nov_2020\PLOG5\A\nothing, 2021-06-26 13:54:32,FALSE,PLOG5,A,TRUE,FALSE,FALSE,nothing,false,,
River Logs,IMG_0838.AVI,Organized_data_Nov_2020\PLOG5\A\nothing, 2021-06-26 14:38:42,FALSE,PLOG5,A,TRUE,FALSE,FALSE,nothing,false,,
River Logs,IMG_0839.AVI,Organized_data_Nov_2020\PLOG5\A\nothing, 2021-06-26 15:08:48,FALSE,PLOG5,A,TRUE,FALSE,FALSE,nothing,false,,
River Logs,IMG_0840.AVI,Organized_data_Nov_2020\PLOG5\A\nothing, 2021-06-26 15:09:18,FALSE,PLOG5,A,TRUE,FALSE,FALSE,nothing,false,,
River Logs,IMG_0841.AVI,Organized_data_Nov_2020\PLOG5\A\nothing, 2021-06-26 15:09:56,FALSE,PLOG5,A,TRUE,FALSE,FALSE,nothing,false,,
River Logs,IMG_0842.AVI,Organized_data_Nov_2020\PLOG5\A\nothing, 2021-06-26 15:17:46,FALSE,PLOG5,A,TRUE,FALSE,FALSE,nothing,false,,
River Logs,IMG_0843.AVI,Organized_data_Nov_2020\PLOG5\A\nothing, 2021-06-26 15:27:20,FALSE,PLOG5,A,TRUE,FALSE,FALSE,nothing,false,,
River Logs,IMG_0844.AVI,Organized_data_Nov_2020\PLOG5\A\nothing, 2021-06-26 15:39:42,FALSE,PLOG5,A,TRUE,FALSE,FALSE,nothing,false,,
River Logs,IMG_0845.AVI,Organized_data_Nov_2020\PLOG5\A\nothing, 2021-06-26 16:00:26,FALSE,PLOG5,A,TRUE,FALSE,FALSE,nothing,false,,
River Logs,IMG_0846.AVI,Organized_data_Nov_2020\PLOG5\A\nothing, 2021-06-26 16:02:56,FALSE,PLOG5,A,TRUE,FALSE,FALSE,nothing,false,,
River Logs,IMG_0847.AVI,Organized_data_Nov_2020\PLOG5\A\nothing, 2021-06-26 16:07:24,FALSE,PLOG5,A,TRUE,FALSE,FALSE,nothing,false,,
River Logs,IMG_0848.AVI,Organized_data_Nov_2020\PLOG5\A\nothing, 2021-06-26 16:09:24,FALSE,PLOG5,A,TRUE,FALSE,FALSE,nothing,false,,
River Logs,IMG_0849.AVI,Organized_data_Nov_2020\PLOG5\A\nothing, 2021-06-26 16:19:52,FALSE,PLOG5,A,TRUE,FALSE,FALSE,nothing,false,,
River Logs,IMG_0850.AVI,Organized_data_Nov_2020\PLOG5\A\nothing, 2021-06-26 16:21:56,FALSE,PLOG5,A,TRUE,FALSE,FALSE,nothing,false,,
River Logs,IMG_0851.AVI,Organized_data_Nov_2020\PLOG5\A\nothing, 2021-06-26 16:30:28,FALSE,PLOG5,A,TRUE,FALSE,FALSE,nothing,false,,
River Logs,IMG_0852.AVI,Organized_data_Nov_2020\PLOG5\A\nothing, 2021-06-26 16:30:56,FALSE,PLOG5,A,TRUE,FALSE,FALSE,nothing,false,,
River Logs,IMG_0853.AVI,Organized_data_Nov_2020\PLOG5\A\nothing, 2021-06-27 08:44:44,FALSE,PLOG5,A,TRUE,FALSE,FALSE,nothing,false,,
River Logs,06270047.AVI,Organized_data_Nov_2020\CLOG6\A\on_log\coati, 2021-06-27 10:19:10,FALSE,CLOG6,A,FALSE,FALSE,TRUE,coati,true,,
River Logs,06270048.AVI,Organized_data_Nov_2020\CLOG6\A\on_log\coati, 2021-06-27 10:20:28,FALSE,CLOG6,A,FALSE,FALSE,TRUE,coati,true,,
River Logs,IMG_0854.AVI,Organized_data_Nov_2020\PLOG5\A\nothing, 2021-06-27 11:59:24,FALSE,PLOG5,A,TRUE,FALSE,FALSE,nothing,false,,
River Logs,IMG_0855.AVI,Organized_data_Nov_2020\PLOG5\A\nothing, 2021-06-27 12:02:14,FALSE,PLOG5,A,TRUE,FALSE,FALSE,nothing,false,,
River Logs,IMG_0856.AVI,Organized_data_Nov_2020\PLOG5\A\nothing, 2021-06-27 12:03:54,FALSE,PLOG5,A,TRUE,FALSE,FALSE,nothing,false,,
River Logs,IMG_0857.AVI,Organized_data_Nov_2020\PLOG5\A\nothing, 2021-06-27 12:08:54,FALSE,PLOG5,A,TRUE,FALSE,FALSE,nothing,false,,
River Logs,IMG_0858.AVI,Organized_data_Nov_2020\PLOG5\A\nothing, 2021-06-27 12:18:22,FALSE,PLOG5,A,TRUE,FALSE,FALSE,nothing,false,,
River Logs,IMG_0859.AVI,Organized_data_Nov_2020\PLOG5\A\nothing, 2021-06-27 13:23:32,FALSE,PLOG5,A,TRUE,FALSE,FALSE,nothing,false,,
River Logs,IMG_0860.AVI,Organized_data_Nov_2020\PLOG5\A\nothing, 2021-06-27 13:25:46,FALSE,PLOG5,A,TRUE,FALSE,FALSE,nothing,false,,
River Logs,IMG_0861.AVI,Organized_data_Nov_2020\PLOG5\A\nothing, 2021-06-27 13:26:50,FALSE,PLOG5,A,TRUE,FALSE,FALSE,nothing,false,,
River Logs,IMG_0862.AVI,Organized_data_Nov_2020\PLOG5\A\nothing, 2021-06-27 13:28:06,FALSE,PLOG5,A,TRUE,FALSE,FALSE,nothing,false,,
River Logs,IMG_0863.AVI,Organized_data_Nov_2020\PLOG5\A\nothing, 2021-06-27 13:31:00,FALSE,PLOG5,A,TRUE,FALSE,FALSE,nothing,false,,
River Logs,IMG_0864.AVI,Organized_data_Nov_2020\PLOG5\A\nothing, 2021-06-27 14:21:58,FALSE,PLOG5,A,TRUE,FALSE,FALSE,nothing,false,,
River Logs,IMG_0865.AVI,Organized_data_Nov_2020\PLOG5\A\nothing, 2021-06-27 14:46:12,FALSE,PLOG5,A,TRUE,FALSE,FALSE,nothing,false,,
River Logs,IMG_0866.AVI,Organized_data_Nov_2020\PLOG5\A\nothing, 2021-06-27 15:01:24,FALSE,PLOG5,A,TRUE,FALSE,FALSE,nothing,false,,
River Logs,IMG_0867.AVI,Organized_data_Nov_2020\PLOG5\A\nothing, 2021-06-27 15:04:48,FALSE,PLOG5,A,TRUE,FALSE,FALSE,nothing,false,,
River Logs,IMG_0868.AVI,Organized_data_Nov_2020\PLOG5\A\nothing, 2021-06-27 15:07:06,FALSE,PLOG5,A,TRUE,FALSE,FALSE,nothing,false,,
River Logs,IMG_0869.AVI,Organized_data_Nov_2020\PLOG5\A\nothing, 2021-06-27 15:09:58,FALSE,PLOG5,A,TRUE,FALSE,FALSE,nothing,false,,
River Logs,IMG_0870.AVI,Organized_data_Nov_2020\PLOG5\A\nothing, 2021-06-27 15:28:22,FALSE,PLOG5,A,TRUE,FALSE,FALSE,nothing,false,,
River Logs,IMG_0871.AVI,Organized_data_Nov_2020\PLOG5\A\nothing, 2021-06-27 15:34:50,FALSE,PLOG5,A,TRUE,FALSE,FALSE,nothing,false,,
River Logs,IMG_0872.AVI,Organized_data_Nov_2020\PLOG5\A\nothing, 2021-06-27 15:35:46,FALSE,PLOG5,A,TRUE,FALSE,FALSE,nothing,false,,
River Logs,IMG_0873.AVI,Organized_data_Nov_2020\PLOG5\A\nothing, 2021-06-27 15:53:34,FALSE,PLOG5,A,TRUE,FALSE,FALSE,nothing,false,,
River Logs,IMG_0874.AVI,Organized_data_Nov_2020\PLOG5\A\nothing, 2021-06-27 15:56:52,FALSE,PLOG5,A,TRUE,FALSE,FALSE,nothing,false,,
River Logs,IMG_0875.AVI,Organized_data_Nov_2020\PLOG5\A\nothing, 2021-06-27 15:57:40,FALSE,PLOG5,A,TRUE,FALSE,FALSE,nothing,false,,
River Logs,IMG_0876.AVI,Organized_data_Nov_2020\PLOG5\A\nothing, 2021-06-27 16:04:52,FALSE,PLOG5,A,TRUE,FALSE,FALSE,nothing,false,,
River Logs,IMG_0877.AVI,Organized_data_Nov_2020\PLOG5\A\nothing, 2021-06-27 16:07:42,FALSE,PLOG5,A,TRUE,FALSE,FALSE,nothing,false,,
River Logs,IMG_0878.AVI,Organized_data_Nov_2020\PLOG5\A\nothing, 2021-06-27 16:13:04,FALSE,PLOG5,A,TRUE,FALSE,FALSE,nothing,false,,
River Logs,IMG_0879.AVI,Organized_data_Nov_2020\PLOG5\A\nothing, 2021-06-27 16:17:52,FALSE,PLOG5,A,TRUE,FALSE,FALSE,nothing,false,,
River Logs,IMG_0880.AVI,Organized_data_Nov_2020\PLOG5\A\nothing, 2021-06-27 16:20:12,FALSE,PLOG5,A,TRUE,FALSE,FALSE,nothing,false,,
River Logs,IMG_0881.AVI,Organized_data_Nov_2020\PLOG5\A\on_log\coati, 2021-06-28 07:33:24,FALSE,PLOG5,A,FALSE,FALSE,TRUE,coati,true,,
River Logs,IMG_0882.AVI,Organized_data_Nov_2020\PLOG5\A\nothing, 2021-06-28 07:34:52,FALSE,PLOG5,A,TRUE,FALSE,FALSE,nothing,false,,
River Logs,IMG_0883.AVI,Organized_data_Nov_2020\PLOG5\A\nothing, 2021-06-28 11:07:14,FALSE,PLOG5,A,TRUE,FALSE,FALSE,nothing,false,,
River Logs,IMG_0884.AVI,Organized_data_Nov_2020\PLOG5\A\nothing, 2021-06-28 11:13:56,FALSE,PLOG5,A,TRUE,FALSE,FALSE,nothing,false,,
River Logs,IMG_0885.AVI,Organized_data_Nov_2020\PLOG5\A\nothing, 2021-06-28 11:14:54,FALSE,PLOG5,A,TRUE,FALSE,FALSE,nothing,false,,
River Logs,IMG_0886.AVI,Organized_data_Nov_2020\PLOG5\A\nothing, 2021-06-28 11:19:46,FALSE,PLOG5,A,TRUE,FALSE,FALSE,nothing,false,,
River Logs,IMG_0887.AVI,Organized_data_Nov_2020\PLOG5\A\nothing, 2021-06-28 11:20:18,FALSE,PLOG5,A,TRUE,FALSE,FALSE,nothing,false,,
River Logs,IMG_0888.AVI,Organized_data_Nov_2020\PLOG5\A\nothing, 2021-06-28 11:20:56,FALSE,PLOG5,A,TRUE,FALSE,FALSE,nothing,false,,
River Logs,IMG_0889.AVI,Organized_data_Nov_2020\PLOG5\A\nothing, 2021-06-28 11:21:50,FALSE,PLOG5,A,TRUE,FALSE,FALSE,nothing,false,,
River Logs,IMG_0890.AVI,Organized_data_Nov_2020\PLOG5\A\nothing, 2021-06-28 11:23:28,FALSE,PLOG5,A,TRUE,FALSE,FALSE,nothing,false,,
River Logs,IMG_0891.AVI,Organized_data_Nov_2020\PLOG5\A\nothing, 2021-06-28 11:30:40,FALSE,PLOG5,A,TRUE,FALSE,FALSE,nothing,false,,
River Logs,IMG_0892.AVI,Organized_data_Nov_2020\PLOG5\A\nothing, 2021-06-28 11:31:38,FALSE,PLOG5,A,TRUE,FALSE,FALSE,nothing,false,,
River Logs,IMG_0893.AVI,Organized_data_Nov_2020\PLOG5\A\nothing, 2021-06-28 11:34:58,FALSE,PLOG5,A,TRUE,FALSE,FALSE,nothing,false,,
River Logs,IMG_0894.AVI,Organized_data_Nov_2020\PLOG5\A\nothing, 2021-06-28 11:36:04,FALSE,PLOG5,A,TRUE,FALSE,FALSE,nothing,false,,
River Logs,IMG_0895.AVI,Organized_data_Nov_2020\PLOG5\A\nothing, 2021-06-28 11:38:38,FALSE,PLOG5,A,TRUE,FALSE,FALSE,nothing,false,,
River Logs,IMG_0896.AVI,Organized_data_Nov_2020\PLOG5\A\nothing, 2021-06-28 11:39:30,FALSE,PLOG5,A,TRUE,FALSE,FALSE,nothing,false,,
River Logs,IMG_0897.AVI,Organized_data_Nov_2020\PLOG5\A\nothing, 2021-06-28 11:41:50,FALSE,PLOG5,A,TRUE,FALSE,FALSE,nothing,false,,
River Logs,IMG_0898.AVI,Organized_data_Nov_2020\PLOG5\A\nothing, 2021-06-28 11:42:30,FALSE,PLOG5,A,TRUE,FALSE,FALSE,nothing,false,,
River Logs,IMG_0899.AVI,Organized_data_Nov_2020\PLOG5\A\nothing, 2021-06-28 13:05:04,FALSE,PLOG5,A,TRUE,FALSE,FALSE,nothing,false,,
River Logs,IMG_0900.AVI,Organized_data_Nov_2020\PLOG5\A\nothing, 2021-06-28 13:12:20,FALSE,PLOG5,A,TRUE,FALSE,FALSE,nothing,false,,
River Logs,IMG_0901.AVI,Organized_data_Nov_2020\PLOG5\A\nothing, 2021-06-28 13:15:14,FALSE,PLOG5,A,TRUE,FALSE,FALSE,nothing,false,,
River Logs,IMG_0902.AVI,Organized_data_Nov_2020\PLOG5\A\nothing, 2021-06-28 13:18:38,FALSE,PLOG5,A,TRUE,FALSE,FALSE,nothing,false,,
River Logs,IMG_0903.AVI,Organized_data_Nov_2020\PLOG5\A\nothing, 2021-06-28 13:20:04,FALSE,PLOG5,A,TRUE,FALSE,FALSE,nothing,false,,
River Logs,IMG_0904.AVI,Organized_data_Nov_2020\PLOG5\A\nothing, 2021-06-28 13:28:26,FALSE,PLOG5,A,TRUE,FALSE,FALSE,nothing,false,,
River Logs,IMG_0905.AVI,Organized_data_Nov_2020\PLOG5\A\nothing, 2021-06-28 13:29:18,FALSE,PLOG5,A,TRUE,FALSE,FALSE,nothing,false,,
River Logs,IMG_0906.AVI,Organized_data_Nov_2020\PLOG5\A\nothing, 2021-06-28 13:39:52,FALSE,PLOG5,A,TRUE,FALSE,FALSE,nothing,false,,
River Logs,IMG_0907.AVI,Organized_data_Nov_2020\PLOG5\A\nothing, 2021-06-28 13:41:02,FALSE,PLOG5,A,TRUE,FALSE,FALSE,nothing,false,,
River Logs,IMG_0908.AVI,Organized_data_Nov_2020\PLOG5\A\nothing, 2021-06-28 13:41:34,FALSE,PLOG5,A,TRUE,FALSE,FALSE,nothing,false,,
River Logs,IMG_0909.AVI,Organized_data_Nov_2020\PLOG5\A\nothing, 2021-06-28 13:43:00,FALSE,PLOG5,A,TRUE,FALSE,FALSE,nothing,false,,
River Logs,IMG_0910.AVI,Organized_data_Nov_2020\PLOG5\A\nothing, 2021-06-28 14:01:04,FALSE,PLOG5,A,TRUE,FALSE,FALSE,nothing,false,,
River Logs,IMG_0911.AVI,Organized_data_Nov_2020\PLOG5\A\nothing, 2021-06-28 14:43:56,FALSE,PLOG5,A,TRUE,FALSE,FALSE,nothing,false,,
River Logs,IMG_0912.AVI,Organized_data_Nov_2020\PLOG5\A\nothing, 2021-06-28 15:11:40,FALSE,PLOG5,A,TRUE,FALSE,FALSE,nothing,false,,
River Logs,IMG_0913.AVI,Organized_data_Nov_2020\PLOG5\A\nothing, 2021-06-28 15:51:26,FALSE,PLOG5,A,TRUE,FALSE,FALSE,nothing,false,,
River Logs,IMG_0914.AVI,Organized_data_Nov_2020\PLOG5\A\nothing, 2021-06-28 20:21:46,FALSE,PLOG5,A,TRUE,FALSE,FALSE,nothing,false,,
River Logs,IMG_0915.AVI,Organized_data_Nov_2020\PLOG5\A\nothing, 2021-06-29 12:33:28,FALSE,PLOG5,A,TRUE,FALSE,FALSE,nothing,false,,
River Logs,IMG_0916.AVI,Organized_data_Nov_2020\PLOG5\A\nothing, 2021-06-29 12:40:22,FALSE,PLOG5,A,TRUE,FALSE,FALSE,nothing,false,,
River Logs,IMG_0917.AVI,Organized_data_Nov_2020\PLOG5\A\nothing, 2021-06-29 12:45:24,FALSE,PLOG5,A,TRUE,FALSE,FALSE,nothing,false,,
River Logs,IMG_0918.AVI,Organized_data_Nov_2020\PLOG5\A\nothing, 2021-06-29 12:49:10,FALSE,PLOG5,A,TRUE,FALSE,FALSE,nothing,false,,
River Logs,IMG_0919.AVI,Organized_data_Nov_2020\PLOG5\A\nothing, 2021-06-29 16:10:26,FALSE,PLOG5,A,TRUE,FALSE,FALSE,nothing,false,,
River Logs,IMG_0920.AVI,Organized_data_Nov_2020\PLOG5\A\nothing, 2021-06-29 16:49:12,FALSE,PLOG5,A,TRUE,FALSE,FALSE,nothing,false,,
River Logs,IMG_0921.AVI,Organized_data_Nov_2020\PLOG5\A\nothing, 2021-06-29 17:17:22,FALSE,PLOG5,A,TRUE,FALSE,FALSE,nothing,false,,
River Logs,IMG_0922.AVI,Organized_data_Nov_2020\PLOG5\A\nothing, 2021-06-30 12:28:38,FALSE,PLOG5,A,TRUE,FALSE,FALSE,nothing,false,,
River Logs,IMG_0923.AVI,Organized_data_Nov_2020\PLOG5\A\nothing, 2021-06-30 12:30:52,FALSE,PLOG5,A,TRUE,FALSE,FALSE,nothing,false,,
River Logs,IMG_0924.AVI,Organized_data_Nov_2020\PLOG5\A\nothing, 2021-06-30 14:03:46,FALSE,PLOG5,A,TRUE,FALSE,FALSE,nothing,false,,
River Logs,IMG_0925.AVI,Organized_data_Nov_2020\PLOG5\A\nothing, 2021-06-30 15:00:22,FALSE,PLOG5,A,TRUE,FALSE,FALSE,nothing,false,,
River Logs,IMG_0926.AVI,Organized_data_Nov_2020\PLOG5\A\nothing, 2021-06-30 15:08:20,FALSE,PLOG5,A,TRUE,FALSE,FALSE,nothing,false,,
River Logs,IMG_0927.AVI,Organized_data_Nov_2020\PLOG5\A\nothing, 2021-06-30 15:42:40,FALSE,PLOG5,A,TRUE,FALSE,FALSE,nothing,false,,
River Logs,IMG_0928.AVI,Organized_data_Nov_2020\PLOG5\A\nothing, 2021-06-30 15:46:24,FALSE,PLOG5,A,TRUE,FALSE,FALSE,nothing,false,,
River Logs,IMG_0929.AVI,Organized_data_Nov_2020\PLOG5\A\nothing, 2021-06-30 15:57:36,FALSE,PLOG5,A,TRUE,FALSE,FALSE,nothing,false,,
River Logs,IMG_0930.AVI,Organized_data_Nov_2020\PLOG5\A\nothing, 2021-06-30 15:58:24,FALSE,PLOG5,A,TRUE,FALSE,FALSE,nothing,false,,
River Logs,IMG_0931.AVI,Organized_data_Nov_2020\PLOG5\A\nothing, 2021-06-30 15:58:58,FALSE,PLOG5,A,TRUE,FALSE,FALSE,nothing,false,,
River Logs,IMG_0932.AVI,Organized_data_Nov_2020\PLOG5\A\nothing, 2021-06-30 15:59:26,FALSE,PLOG5,A,TRUE,FALSE,FALSE,nothing,false,,
River Logs,IMG_0933.AVI,Organized_data_Nov_2020\PLOG5\A\nothing, 2021-06-30 16:02:56,FALSE,PLOG5,A,TRUE,FALSE,FALSE,nothing,false,,
River Logs,IMG_0934.AVI,Organized_data_Nov_2020\PLOG5\A\nothing, 2021-06-30 16:03:30,FALSE,PLOG5,A,TRUE,FALSE,FALSE,nothing,false,,
River Logs,IMG_0935.AVI,Organized_data_Nov_2020\PLOG5\A\nothing, 2021-06-30 16:07:08,FALSE,PLOG5,A,TRUE,FALSE,FALSE,nothing,false,,
River Logs,IMG_0936.AVI,Organized_data_Nov_2020\PLOG5\A\nothing, 2021-06-30 16:14:36,FALSE,PLOG5,A,TRUE,FALSE,FALSE,nothing,false,,
River Logs,IMG_0937.AVI,Organized_data_Nov_2020\PLOG5\A\nothing, 2021-06-30 16:15:56,FALSE,PLOG5,A,TRUE,FALSE,FALSE,nothing,false,,
River Logs,IMG_0938.AVI,Organized_data_Nov_2020\PLOG5\A\nothing, 2021-06-30 16:16:58,FALSE,PLOG5,A,TRUE,FALSE,FALSE,nothing,false,,
River Logs,IMG_0939.AVI,Organized_data_Nov_2020\PLOG5\A\nothing, 2021-07-01 13:14:56,FALSE,PLOG5,A,TRUE,FALSE,FALSE,nothing,false,,
River Logs,IMG_0940.AVI,Organized_data_Nov_2020\PLOG5\A\nothing, 2021-07-01 13:23:56,FALSE,PLOG5,A,TRUE,FALSE,FALSE,nothing,false,,
River Logs,IMG_0941.AVI,Organized_data_Nov_2020\PLOG5\A\nothing, 2021-07-01 13:28:22,FALSE,PLOG5,A,TRUE,FALSE,FALSE,nothing,false,,
River Logs,IMG_0942.AVI,Organized_data_Nov_2020\PLOG5\A\nothing, 2021-07-01 13:54:38,FALSE,PLOG5,A,TRUE,FALSE,FALSE,nothing,false,,
River Logs,IMG_0943.AVI,Organized_data_Nov_2020\PLOG5\A\on_log\iguana_green, 2021-07-01 15:00:46,FALSE,PLOG5,A,FALSE,FALSE,TRUE,iguana_green,false,,
River Logs,IMG_0944.AVI,Organized_data_Nov_2020\PLOG5\A\on_log\iguana_green, 2021-07-01 15:24:06,FALSE,PLOG5,A,FALSE,FALSE,TRUE,iguana_green,false,,
River Logs,IMG_0945.AVI,Organized_data_Nov_2020\PLOG5\A\on_log\iguana_green, 2021-07-01 15:24:56,FALSE,PLOG5,A,FALSE,FALSE,TRUE,iguana_green,false,,
River Logs,IMG_0946.AVI,Organized_data_Nov_2020\PLOG5\A\nothing, 2021-07-02 11:17:56,FALSE,PLOG5,A,TRUE,FALSE,FALSE,nothing,false,,
River Logs,IMG_0947.AVI,Organized_data_Nov_2020\PLOG5\A\nothing, 2021-07-02 12:07:24,FALSE,PLOG5,A,TRUE,FALSE,FALSE,nothing,false,,
River Logs,IMG_0948.AVI,Organized_data_Nov_2020\PLOG5\A\nothing, 2021-07-02 12:14:50,FALSE,PLOG5,A,TRUE,FALSE,FALSE,nothing,false,,
River Logs,IMG_0949.AVI,Organized_data_Nov_2020\PLOG5\A\nothing, 2021-07-02 12:15:26,FALSE,PLOG5,A,TRUE,FALSE,FALSE,nothing,false,,
River Logs,IMG_0950.AVI,Organized_data_Nov_2020\PLOG5\A\nothing, 2021-07-02 12:15:58,FALSE,PLOG5,A,TRUE,FALSE,FALSE,nothing,false,,
River Logs,IMG_0951.AVI,Organized_data_Nov_2020\PLOG5\A\nothing, 2021-07-02 12:40:02,FALSE,PLOG5,A,TRUE,FALSE,FALSE,nothing,false,,
River Logs,IMG_0952.AVI,Organized_data_Nov_2020\PLOG5\A\nothing, 2021-07-02 12:45:26,FALSE,PLOG5,A,TRUE,FALSE,FALSE,nothing,false,,
River Logs,IMG_0953.AVI,Organized_data_Nov_2020\PLOG5\A\nothing, 2021-07-02 12:46:28,FALSE,PLOG5,A,TRUE,FALSE,FALSE,nothing,false,,
River Logs,IMG_0954.AVI,Organized_data_Nov_2020\PLOG5\A\nothing, 2021-07-02 12:50:36,FALSE,PLOG5,A,TRUE,FALSE,FALSE,nothing,false,,
River Logs,IMG_0955.AVI,Organized_data_Nov_2020\PLOG5\A\nothing, 2021-07-02 12:51:22,FALSE,PLOG5,A,TRUE,FALSE,FALSE,nothing,false,,
River Logs,IMG_0956.AVI,Organized_data_Nov_2020\PLOG5\A\nothing, 2021-07-02 13:25:16,FALSE,PLOG5,A,TRUE,FALSE,FALSE,nothing,false,,
River Logs,IMG_0957.AVI,Organized_data_Nov_2020\PLOG5\A\nothing, 2021-07-02 13:31:56,FALSE,PLOG5,A,TRUE,FALSE,FALSE,nothing,false,,
River Logs,IMG_0958.AVI,Organized_data_Nov_2020\PLOG5\A\nothing, 2021-07-02 13:39:26,FALSE,PLOG5,A,TRUE,FALSE,FALSE,nothing,false,,
River Logs,IMG_0959.AVI,Organized_data_Nov_2020\PLOG5\A\nothing, 2021-07-02 13:40:02,FALSE,PLOG5,A,TRUE,FALSE,FALSE,nothing,false,,
River Logs,IMG_0960.AVI,Organized_data_Nov_2020\PLOG5\A\nothing, 2021-07-02 13:44:12,FALSE,PLOG5,A,TRUE,FALSE,FALSE,nothing,false,,
River Logs,IMG_0961.AVI,Organized_data_Nov_2020\PLOG5\A\nothing, 2021-07-02 13:44:38,FALSE,PLOG5,A,TRUE,FALSE,FALSE,nothing,false,,
River Logs,IMG_0962.AVI,Organized_data_Nov_2020\PLOG5\A\nothing, 2021-07-02 13:45:40,FALSE,PLOG5,A,TRUE,FALSE,FALSE,nothing,false,,
River Logs,IMG_0963.AVI,Organized_data_Nov_2020\PLOG5\A\nothing, 2021-07-02 13:47:18,FALSE,PLOG5,A,TRUE,FALSE,FALSE,nothing,false,,
River Logs,IMG_0964.AVI,Organized_data_Nov_2020\PLOG5\A\nothing, 2021-07-02 13:53:50,FALSE,PLOG5,A,TRUE,FALSE,FALSE,nothing,false,,
River Logs,IMG_0965.AVI,Organized_data_Nov_2020\PLOG5\A\nothing, 2021-07-02 14:06:54,FALSE,PLOG5,A,TRUE,FALSE,FALSE,nothing,false,,
River Logs,IMG_0966.AVI,Organized_data_Nov_2020\PLOG5\A\nothing, 2021-07-02 14:08:54,FALSE,PLOG5,A,TRUE,FALSE,FALSE,nothing,false,,
River Logs,IMG_0967.AVI,Organized_data_Nov_2020\PLOG5\A\nothing, 2021-07-02 14:09:46,FALSE,PLOG5,A,TRUE,FALSE,FALSE,nothing,false,,
River Logs,IMG_0968.AVI,Organized_data_Nov_2020\PLOG5\A\nothing, 2021-07-02 14:16:42,FALSE,PLOG5,A,TRUE,FALSE,FALSE,nothing,false,,
River Logs,IMG_0969.AVI,Organized_data_Nov_2020\PLOG5\A\nothing, 2021-07-02 14:17:48,FALSE,PLOG5,A,TRUE,FALSE,FALSE,nothing,false,,
River Logs,IMG_0970.AVI,Organized_data_Nov_2020\PLOG5\A\nothing, 2021-07-02 14:24:16,FALSE,PLOG5,A,TRUE,FALSE,FALSE,nothing,false,,
River Logs,IMG_0971.AVI,Organized_data_Nov_2020\PLOG5\A\nothing, 2021-07-02 14:26:26,FALSE,PLOG5,A,TRUE,FALSE,FALSE,nothing,false,,
River Logs,IMG_0972.AVI,Organized_data_Nov_2020\PLOG5\A\nothing, 2021-07-02 14:26:58,FALSE,PLOG5,A,TRUE,FALSE,FALSE,nothing,false,,
River Logs,IMG_0973.AVI,Organized_data_Nov_2020\PLOG5\A\nothing, 2021-07-02 14:27:38,FALSE,PLOG5,A,TRUE,FALSE,FALSE,nothing,false,,
River Logs,IMG_0974.AVI,Organized_data_Nov_2020\PLOG5\A\nothing, 2021-07-02 14:28:56,FALSE,PLOG5,A,TRUE,FALSE,FALSE,nothing,false,,
River Logs,IMG_0975.AVI,Organized_data_Nov_2020\PLOG5\A\nothing, 2021-07-02 14:29:52,FALSE,PLOG5,A,TRUE,FALSE,FALSE,nothing,false,,
River Logs,IMG_0976.AVI,Organized_data_Nov_2020\PLOG5\A\nothing, 2021-07-02 14:30:42,FALSE,PLOG5,A,TRUE,FALSE,FALSE,nothing,false,,
River Logs,IMG_0977.AVI,Organized_data_Nov_2020\PLOG5\A\nothing, 2021-07-02 14:35:02,FALSE,PLOG5,A,TRUE,FALSE,FALSE,nothing,false,,
River Logs,IMG_0978.AVI,Organized_data_Nov_2020\PLOG5\A\nothing, 2021-07-02 14:37:14,FALSE,PLOG5,A,TRUE,FALSE,FALSE,nothing,false,,
River Logs,IMG_0979.AVI,Organized_data_Nov_2020\PLOG5\A\nothing, 2021-07-02 14:37:42,FALSE,PLOG5,A,TRUE,FALSE,FALSE,nothing,false,,
River Logs,IMG_0980.AVI,Organized_data_Nov_2020\PLOG5\A\nothing, 2021-07-02 14:39:02,FALSE,PLOG5,A,TRUE,FALSE,FALSE,nothing,false,,
River Logs,IMG_0981.AVI,Organized_data_Nov_2020\PLOG5\A\nothing, 2021-07-02 14:39:46,FALSE,PLOG5,A,TRUE,FALSE,FALSE,nothing,false,,
River Logs,IMG_0982.AVI,Organized_data_Nov_2020\PLOG5\A\nothing, 2021-07-02 14:40:16,FALSE,PLOG5,A,TRUE,FALSE,FALSE,nothing,false,,
River Logs,IMG_0983.AVI,Organized_data_Nov_2020\PLOG5\A\nothing, 2021-07-02 14:44:04,FALSE,PLOG5,A,TRUE,FALSE,FALSE,nothing,false,,
River Logs,IMG_0984.AVI,Organized_data_Nov_2020\PLOG5\A\nothing, 2021-07-02 14:46:04,FALSE,PLOG5,A,TRUE,FALSE,FALSE,nothing,false,,
River Logs,IMG_0985.AVI,Organized_data_Nov_2020\PLOG5\A\nothing, 2021-07-02 14:46:38,FALSE,PLOG5,A,TRUE,FALSE,FALSE,nothing,false,,
River Logs,IMG_0986.AVI,Organized_data_Nov_2020\PLOG5\A\nothing, 2021-07-02 14:47:06,FALSE,PLOG5,A,TRUE,FALSE,FALSE,nothing,false,,
River Logs,IMG_0987.AVI,Organized_data_Nov_2020\PLOG5\A\nothing, 2021-07-02 14:47:54,FALSE,PLOG5,A,TRUE,FALSE,FALSE,nothing,false,,
River Logs,IMG_0988.AVI,Organized_data_Nov_2020\PLOG5\A\nothing, 2021-07-02 14:50:06,FALSE,PLOG5,A,TRUE,FALSE,FALSE,nothing,false,,
River Logs,IMG_0989.AVI,Organized_data_Nov_2020\PLOG5\A\nothing, 2021-07-02 14:51:20,FALSE,PLOG5,A,TRUE,FALSE,FALSE,nothing,false,,
River Logs,IMG_0990.AVI,Organized_data_Nov_2020\PLOG5\A\nothing, 2021-07-02 14:52:08,FALSE,PLOG5,A,TRUE,FALSE,FALSE,nothing,false,,
River Logs,IMG_0991.AVI,Organized_data_Nov_2020\PLOG5\A\nothing, 2021-07-02 14:52:46,FALSE,PLOG5,A,TRUE,FALSE,FALSE,nothing,false,,
River Logs,IMG_0992.AVI,Organized_data_Nov_2020\PLOG5\A\nothing, 2021-07-02 14:55:40,FALSE,PLOG5,A,TRUE,FALSE,FALSE,nothing,false,,
River Logs,IMG_0993.AVI,Organized_data_Nov_2020\PLOG5\A\nothing, 2021-07-02 14:56:14,FALSE,PLOG5,A,TRUE,FALSE,FALSE,nothing,false,,
River Logs,IMG_0994.AVI,Organized_data_Nov_2020\PLOG5\A\nothing, 2021-07-02 14:56:40,FALSE,PLOG5,A,TRUE,FALSE,FALSE,nothing,false,,
River Logs,IMG_0995.AVI,Organized_data_Nov_2020\PLOG5\A\nothing, 2021-07-02 14:57:10,FALSE,PLOG5,A,TRUE,FALSE,FALSE,nothing,false,,
River Logs,IMG_0996.AVI,Organized_data_Nov_2020\PLOG5\A\nothing, 2021-07-02 14:58:00,FALSE,PLOG5,A,TRUE,FALSE,FALSE,nothing,false,,
River Logs,IMG_0997.AVI,Organized_data_Nov_2020\PLOG5\A\nothing, 2021-07-02 14:58:44,FALSE,PLOG5,A,TRUE,FALSE,FALSE,nothing,false,,
River Logs,IMG_0998.AVI,Organized_data_Nov_2020\PLOG5\A\nothing, 2021-07-02 15:23:24,FALSE,PLOG5,A,TRUE,FALSE,FALSE,nothing,false,,
River Logs,IMG_0999.AVI,Organized_data_Nov_2020\PLOG5\A\nothing, 2021-07-02 15:24:12,FALSE,PLOG5,A,TRUE,FALSE,FALSE,nothing,false,,
River Logs,IMG_1000.AVI,Organized_data_Nov_2020\PLOG5\A\nothing, 2021-07-02 15:26:40,FALSE,PLOG5,A,TRUE,FALSE,FALSE,nothing,false,,
River Logs,IMG_1001.AVI,Organized_data_Nov_2020\PLOG5\A\on_log\lizard_uid, 2021-07-02 15:34:02,FALSE,PLOG5,A,FALSE,FALSE,TRUE,lizard_uid,false,,
River Logs,IMG_1002.AVI,Organized_data_Nov_2020\PLOG5\A\nothing, 2021-07-02 15:35:58,FALSE,PLOG5,A,TRUE,FALSE,FALSE,nothing,false,,
River Logs,IMG_1003.AVI,Organized_data_Nov_2020\PLOG5\A\nothing, 2021-07-02 15:45:12,FALSE,PLOG5,A,TRUE,FALSE,FALSE,nothing,false,,
River Logs,IMG_1004.AVI,Organized_data_Nov_2020\PLOG5\A\nothing, 2021-07-02 16:00:02,FALSE,PLOG5,A,TRUE,FALSE,FALSE,nothing,false,,
River Logs,IMG_1005.AVI,Organized_data_Nov_2020\PLOG5\A\nothing, 2021-07-02 16:03:08,FALSE,PLOG5,A,TRUE,FALSE,FALSE,nothing,false,,
River Logs,IMG_1006.AVI,Organized_data_Nov_2020\PLOG5\A\nothing, 2021-07-02 16:03:46,FALSE,PLOG5,A,TRUE,FALSE,FALSE,nothing,false,,
River Logs,IMG_1007.AVI,Organized_data_Nov_2020\PLOG5\A\nothing, 2021-07-02 16:04:38,FALSE,PLOG5,A,TRUE,FALSE,FALSE,nothing,false,,
River Logs,IMG_1008.AVI,Organized_data_Nov_2020\PLOG5\A\nothing, 2021-07-02 16:05:12,FALSE,PLOG5,A,TRUE,FALSE,FALSE,nothing,false,,
River Logs,IMG_1009.AVI,Organized_data_Nov_2020\PLOG5\A\nothing, 2021-07-02 16:05:38,FALSE,PLOG5,A,TRUE,FALSE,FALSE,nothing,false,,
River Logs,IMG_1010.AVI,Organized_data_Nov_2020\PLOG5\A\nothing, 2021-07-02 16:06:14,FALSE,PLOG5,A,TRUE,FALSE,FALSE,nothing,false,,
River Logs,IMG_1011.AVI,Organized_data_Nov_2020\PLOG5\A\nothing, 2021-07-02 16:07:16,FALSE,PLOG5,A,TRUE,FALSE,FALSE,nothing,false,,
River Logs,IMG_1012.AVI,Organized_data_Nov_2020\PLOG5\A\nothing, 2021-07-02 16:08:08,FALSE,PLOG5,A,TRUE,FALSE,FALSE,nothing,false,,
River Logs,IMG_1013.AVI,Organized_data_Nov_2020\PLOG5\A\nothing, 2021-07-02 16:08:58,FALSE,PLOG5,A,TRUE,FALSE,FALSE,nothing,false,,
River Logs,IMG_1014.AVI,Organized_data_Nov_2020\PLOG5\A\nothing, 2021-07-03 15:11:56,FALSE,PLOG5,A,TRUE,FALSE,FALSE,nothing,false,,
River Logs,IMG_1015.AVI,Organized_data_Nov_2020\PLOG5\A\nothing, 2021-07-03 15:25:20,FALSE,PLOG5,A,TRUE,FALSE,FALSE,nothing,false,,
River Logs,IMG_1016.AVI,Organized_data_Nov_2020\PLOG5\A\nothing, 2021-07-03 15:45:18,FALSE,PLOG5,A,TRUE,FALSE,FALSE,nothing,false,,
River Logs,IMG_1017.AVI,Organized_data_Nov_2020\PLOG5\A\nothing, 2021-07-03 15:47:58,FALSE,PLOG5,A,TRUE,FALSE,FALSE,nothing,false,,
River Logs,IMG_1018.AVI,Organized_data_Nov_2020\PLOG5\A\nothing, 2021-07-04 12:53:42,FALSE,PLOG5,A,TRUE,FALSE,FALSE,nothing,false,,
River Logs,IMG_1019.AVI,Organized_data_Nov_2020\PLOG5\A\nothing, 2021-07-04 12:54:30,FALSE,PLOG5,A,TRUE,FALSE,FALSE,nothing,false,,
River Logs,IMG_1020.AVI,Organized_data_Nov_2020\PLOG5\A\nothing, 2021-07-04 12:56:24,FALSE,PLOG5,A,TRUE,FALSE,FALSE,nothing,false,,
River Logs,IMG_1021.AVI,Organized_data_Nov_2020\PLOG5\A\nothing, 2021-07-04 12:57:34,FALSE,PLOG5,A,TRUE,FALSE,FALSE,nothing,false,,
River Logs,IMG_1022.AVI,Organized_data_Nov_2020\PLOG5\A\nothing, 2021-07-04 12:59:48,FALSE,PLOG5,A,TRUE,FALSE,FALSE,nothing,false,,
River Logs,IMG_1023.AVI,Organized_data_Nov_2020\PLOG5\A\nothing, 2021-07-04 13:00:32,FALSE,PLOG5,A,TRUE,FALSE,FALSE,nothing,false,,
River Logs,IMG_1024.AVI,Organized_data_Nov_2020\PLOG5\A\nothing, 2021-07-04 13:55:52,FALSE,PLOG5,A,TRUE,FALSE,FALSE,nothing,false,,
River Logs,IMG_1025.AVI,Organized_data_Nov_2020\PLOG5\A\nothing, 2021-07-04 13:59:24,FALSE,PLOG5,A,TRUE,FALSE,FALSE,nothing,false,,
River Logs,IMG_1026.AVI,Organized_data_Nov_2020\PLOG5\A\nothing, 2021-07-04 14:03:14,FALSE,PLOG5,A,TRUE,FALSE,FALSE,nothing,false,,
River Logs,IMG_1027.AVI,Organized_data_Nov_2020\PLOG5\A\nothing, 2021-07-04 14:03:48,FALSE,PLOG5,A,TRUE,FALSE,FALSE,nothing,false,,
River Logs,IMG_1028.AVI,Organized_data_Nov_2020\PLOG5\A\nothing, 2021-07-04 14:07:10,FALSE,PLOG5,A,TRUE,FALSE,FALSE,nothing,false,,
River Logs,IMG_1029.AVI,Organized_data_Nov_2020\PLOG5\A\nothing, 2021-07-04 14:07:56,FALSE,PLOG5,A,TRUE,FALSE,FALSE,nothing,false,,
River Logs,IMG_1030.AVI,Organized_data_Nov_2020\PLOG5\A\nothing, 2021-07-04 14:13:10,FALSE,PLOG5,A,TRUE,FALSE,FALSE,nothing,false,,
River Logs,IMG_1031.AVI,Organized_data_Nov_2020\PLOG5\A\nothing, 2021-07-04 14:15:20,FALSE,PLOG5,A,TRUE,FALSE,FALSE,nothing,false,,
River Logs,IMG_1032.AVI,Organized_data_Nov_2020\PLOG5\A\nothing, 2021-07-04 14:16:26,FALSE,PLOG5,A,TRUE,FALSE,FALSE,nothing,false,,
River Logs,07050049.AVI,Organized_data_Nov_2020\CLOG6\A\setup, 2021-07-05 09:43:40,FALSE,CLOG6,A,FALSE,TRUE,FALSE,setup,false,,
River Logs,07050050.AVI,Organized_data_Nov_2020\CLOG6\A\setup, 2021-07-05 09:44:28,FALSE,CLOG6,A,FALSE,TRUE,FALSE,setup,false,,
River Logs,07050051.AVI,Organized_data_Nov_2020\CLOG6\A\setup, 2021-07-05 09:45:22,FALSE,CLOG6,A,FALSE,TRUE,FALSE,setup,false,,
River Logs,07050052.AVI,Organized_data_Nov_2020\CLOG6\A\setup, 2021-07-05 09:46:32,FALSE,CLOG6,A,FALSE,TRUE,FALSE,setup,false,,
River Logs,07050053.AVI,Organized_data_Nov_2020\CLOG6\A\setup, 2021-07-05 09:48:12,FALSE,CLOG6,A,FALSE,TRUE,FALSE,setup,false,,
River Logs,07050054.AVI,Organized_data_Nov_2020\CLOG6\A\setup, 2021-07-05 09:50:56,FALSE,CLOG6,A,FALSE,TRUE,FALSE,setup,false,,
River Logs,07050055.AVI,Organized_data_Nov_2020\CLOG6\A\setup, 2021-07-05 10:03:16,FALSE,CLOG6,A,FALSE,TRUE,FALSE,setup,false,,
River Logs,07050056.AVI,Organized_data_Nov_2020\CLOG6\A\setup, 2021-07-05 10:04:26,FALSE,CLOG6,A,FALSE,TRUE,FALSE,setup,false,,
River Logs,IMG_1033.AVI,Organized_data_Nov_2020\PLOG5\A\nothing, 2021-07-05 12:52:34,FALSE,PLOG5,A,TRUE,FALSE,FALSE,nothing,false,,
River Logs,IMG_1034.AVI,Organized_data_Nov_2020\PLOG5\A\nothing, 2021-07-05 13:16:04,FALSE,PLOG5,A,TRUE,FALSE,FALSE,nothing,false,,
River Logs,IMG_1035.AVI,Organized_data_Nov_2020\PLOG5\A\nothing, 2021-07-05 13:17:00,FALSE,PLOG5,A,TRUE,FALSE,FALSE,nothing,false,,
River Logs,IMG_1036.AVI,Organized_data_Nov_2020\PLOG5\A\nothing, 2021-07-05 13:17:28,FALSE,PLOG5,A,TRUE,FALSE,FALSE,nothing,false,,
River Logs,IMG_1037.AVI,Organized_data_Nov_2020\PLOG5\A\nothing, 2021-07-05 13:44:44,FALSE,PLOG5,A,TRUE,FALSE,FALSE,nothing,false,,
River Logs,IMG_1038.AVI,Organized_data_Nov_2020\PLOG5\A\nothing, 2021-07-05 13:46:36,FALSE,PLOG5,A,TRUE,FALSE,FALSE,nothing,false,,
River Logs,IMG_1039.AVI,Organized_data_Nov_2020\PLOG5\A\nothing, 2021-07-05 13:47:02,FALSE,PLOG5,A,TRUE,FALSE,FALSE,nothing,false,,
River Logs,IMG_1040.AVI,Organized_data_Nov_2020\PLOG5\A\nothing, 2021-07-05 13:58:06,FALSE,PLOG5,A,TRUE,FALSE,FALSE,nothing,false,,
River Logs,IMG_1041.AVI,Organized_data_Nov_2020\PLOG5\A\nothing, 2021-07-05 14:01:02,FALSE,PLOG5,A,TRUE,FALSE,FALSE,nothing,false,,
River Logs,IMG_1042.AVI,Organized_data_Nov_2020\PLOG5\A\nothing, 2021-07-05 14:02:52,FALSE,PLOG5,A,TRUE,FALSE,FALSE,nothing,false,,
River Logs,IMG_1043.AVI,Organized_data_Nov_2020\PLOG5\A\nothing, 2021-07-05 14:03:22,FALSE,PLOG5,A,TRUE,FALSE,FALSE,nothing,false,,
River Logs,IMG_1044.AVI,Organized_data_Nov_2020\PLOG5\A\nothing, 2021-07-05 14:06:38,FALSE,PLOG5,A,TRUE,FALSE,FALSE,nothing,false,,
River Logs,IMG_1045.AVI,Organized_data_Nov_2020\PLOG5\A\nothing, 2021-07-05 14:08:54,FALSE,PLOG5,A,TRUE,FALSE,FALSE,nothing,false,,
River Logs,IMG_1046.AVI,Organized_data_Nov_2020\PLOG5\A\nothing, 2021-07-05 14:09:28,FALSE,PLOG5,A,TRUE,FALSE,FALSE,nothing,false,,
River Logs,IMG_1047.AVI,Organized_data_Nov_2020\PLOG5\A\nothing, 2021-07-05 14:10:10,FALSE,PLOG5,A,TRUE,FALSE,FALSE,nothing,false,,
River Logs,IMG_1048.AVI,Organized_data_Nov_2020\PLOG5\A\nothing, 2021-07-05 14:11:00,FALSE,PLOG5,A,TRUE,FALSE,FALSE,nothing,false,,
River Logs,IMG_1049.AVI,Organized_data_Nov_2020\PLOG5\A\nothing, 2021-07-05 14:13:32,FALSE,PLOG5,A,TRUE,FALSE,FALSE,nothing,false,,
River Logs,IMG_1050.AVI,Organized_data_Nov_2020\PLOG5\A\nothing, 2021-07-05 14:14:00,FALSE,PLOG5,A,TRUE,FALSE,FALSE,nothing,false,,
River Logs,IMG_1051.AVI,Organized_data_Nov_2020\PLOG5\A\nothing, 2021-07-05 14:15:16,FALSE,PLOG5,A,TRUE,FALSE,FALSE,nothing,false,,
River Logs,IMG_1052.AVI,Organized_data_Nov_2020\PLOG5\A\nothing, 2021-07-05 14:16:08,FALSE,PLOG5,A,TRUE,FALSE,FALSE,nothing,false,,
River Logs,IMG_1053.AVI,Organized_data_Nov_2020\PLOG5\A\nothing, 2021-07-05 14:16:46,FALSE,PLOG5,A,TRUE,FALSE,FALSE,nothing,false,,
River Logs,IMG_1054.AVI,Organized_data_Nov_2020\PLOG5\A\nothing, 2021-07-05 14:17:16,FALSE,PLOG5,A,TRUE,FALSE,FALSE,nothing,false,,
River Logs,IMG_1055.AVI,Organized_data_Nov_2020\PLOG5\A\nothing, 2021-07-05 14:18:18,FALSE,PLOG5,A,TRUE,FALSE,FALSE,nothing,false,,
River Logs,IMG_1056.AVI,Organized_data_Nov_2020\PLOG5\A\nothing, 2021-07-05 14:19:10,FALSE,PLOG5,A,TRUE,FALSE,FALSE,nothing,false,,
River Logs,IMG_1057.AVI,Organized_data_Nov_2020\PLOG5\A\nothing, 2021-07-05 14:19:40,FALSE,PLOG5,A,TRUE,FALSE,FALSE,nothing,false,,
River Logs,IMG_1058.AVI,Organized_data_Nov_2020\PLOG5\A\nothing, 2021-07-05 14:21:24,FALSE,PLOG5,A,TRUE,FALSE,FALSE,nothing,false,,
River Logs,IMG_1059.AVI,Organized_data_Nov_2020\PLOG5\A\nothing, 2021-07-05 14:23:30,FALSE,PLOG5,A,TRUE,FALSE,FALSE,nothing,false,,
River Logs,IMG_1060.AVI,Organized_data_Nov_2020\PLOG5\A\nothing, 2021-07-05 14:24:06,FALSE,PLOG5,A,TRUE,FALSE,FALSE,nothing,false,,
River Logs,IMG_1061.AVI,Organized_data_Nov_2020\PLOG5\A\nothing, 2021-07-05 14:25:02,FALSE,PLOG5,A,TRUE,FALSE,FALSE,nothing,false,,
River Logs,IMG_1062.AVI,Organized_data_Nov_2020\PLOG5\A\nothing, 2021-07-05 14:26:06,FALSE,PLOG5,A,TRUE,FALSE,FALSE,nothing,false,,
River Logs,IMG_1063.AVI,Organized_data_Nov_2020\PLOG5\A\nothing, 2021-07-05 14:27:24,FALSE,PLOG5,A,TRUE,FALSE,FALSE,nothing,false,,
River Logs,IMG_1064.AVI,Organized_data_Nov_2020\PLOG5\A\nothing, 2021-07-05 14:28:26,FALSE,PLOG5,A,TRUE,FALSE,FALSE,nothing,false,,
River Logs,IMG_1065.AVI,Organized_data_Nov_2020\PLOG5\A\nothing, 2021-07-05 14:28:52,FALSE,PLOG5,A,TRUE,FALSE,FALSE,nothing,false,,
River Logs,IMG_1066.AVI,Organized_data_Nov_2020\PLOG5\A\nothing, 2021-07-05 14:30:52,FALSE,PLOG5,A,TRUE,FALSE,FALSE,nothing,false,,
River Logs,IMG_1067.AVI,Organized_data_Nov_2020\PLOG5\A\nothing, 2021-07-05 14:31:34,FALSE,PLOG5,A,TRUE,FALSE,FALSE,nothing,false,,
River Logs,IMG_1068.AVI,Organized_data_Nov_2020\PLOG5\A\nothing, 2021-07-05 14:32:46,FALSE,PLOG5,A,TRUE,FALSE,FALSE,nothing,false,,
River Logs,IMG_1069.AVI,Organized_data_Nov_2020\PLOG5\A\nothing, 2021-07-05 14:34:18,FALSE,PLOG5,A,TRUE,FALSE,FALSE,nothing,false,,
River Logs,IMG_1070.AVI,Organized_data_Nov_2020\PLOG5\A\nothing, 2021-07-05 14:36:16,FALSE,PLOG5,A,TRUE,FALSE,FALSE,nothing,false,,
River Logs,IMG_1071.AVI,Organized_data_Nov_2020\PLOG5\A\nothing, 2021-07-05 14:37:04,FALSE,PLOG5,A,TRUE,FALSE,FALSE,nothing,false,,
River Logs,IMG_1072.AVI,Organized_data_Nov_2020\PLOG5\A\nothing, 2021-07-05 14:37:36,FALSE,PLOG5,A,TRUE,FALSE,FALSE,nothing,false,,
River Logs,IMG_1073.AVI,Organized_data_Nov_2020\PLOG5\A\nothing, 2021-07-05 14:38:14,FALSE,PLOG5,A,TRUE,FALSE,FALSE,nothing,false,,
River Logs,IMG_1074.AVI,Organized_data_Nov_2020\PLOG5\A\nothing, 2021-07-05 14:39:00,FALSE,PLOG5,A,TRUE,FALSE,FALSE,nothing,false,,
River Logs,IMG_1075.AVI,Organized_data_Nov_2020\PLOG5\A\nothing, 2021-07-05 14:43:12,FALSE,PLOG5,A,TRUE,FALSE,FALSE,nothing,false,,
River Logs,IMG_1076.AVI,Organized_data_Nov_2020\PLOG5\A\nothing, 2021-07-05 14:46:50,FALSE,PLOG5,A,TRUE,FALSE,FALSE,nothing,false,,
River Logs,IMG_1077.AVI,Organized_data_Nov_2020\PLOG5\A\nothing, 2021-07-05 14:56:42,FALSE,PLOG5,A,TRUE,FALSE,FALSE,nothing,false,,
River Logs,IMG_1078.AVI,Organized_data_Nov_2020\PLOG5\A\nothing, 2021-07-05 15:03:44,FALSE,PLOG5,A,TRUE,FALSE,FALSE,nothing,false,,
River Logs,IMG_1079.AVI,Organized_data_Nov_2020\PLOG5\A\nothing, 2021-07-05 15:04:34,FALSE,PLOG5,A,TRUE,FALSE,FALSE,nothing,false,,
River Logs,IMG_1080.AVI,Organized_data_Nov_2020\PLOG5\A\nothing, 2021-07-05 15:10:14,FALSE,PLOG5,A,TRUE,FALSE,FALSE,nothing,false,,
River Logs,IMG_1081.AVI,Organized_data_Nov_2020\PLOG5\A\nothing, 2021-07-05 15:13:38,FALSE,PLOG5,A,TRUE,FALSE,FALSE,nothing,false,,
River Logs,IMG_1082.AVI,Organized_data_Nov_2020\PLOG5\A\nothing, 2021-07-05 15:26:16,FALSE,PLOG5,A,TRUE,FALSE,FALSE,nothing,false,,
River Logs,IMG_1083.AVI,Organized_data_Nov_2020\PLOG5\A\nothing, 2021-07-05 16:06:20,FALSE,PLOG5,A,TRUE,FALSE,FALSE,nothing,false,,
River Logs,IMG_1084.AVI,Organized_data_Nov_2020\PLOG5\A\on_log\puma, 2021-07-05 16:08:20,FALSE,PLOG5,A,FALSE,FALSE,TRUE,puma,true,,
River Logs,IMG_1085.AVI,Organized_data_Nov_2020\PLOG5\A\nothing, 2021-07-06 12:15:56,FALSE,PLOG5,A,TRUE,FALSE,FALSE,nothing,false,,
River Logs,IMG_1086.AVI,Organized_data_Nov_2020\PLOG5\A\nothing, 2021-07-06 12:16:26,FALSE,PLOG5,A,TRUE,FALSE,FALSE,nothing,false,,
River Logs,IMG_1087.AVI,Organized_data_Nov_2020\PLOG5\A\nothing, 2021-07-06 12:23:08,FALSE,PLOG5,A,TRUE,FALSE,FALSE,nothing,false,,
River Logs,IMG_1088.AVI,Organized_data_Nov_2020\PLOG5\A\nothing, 2021-07-06 12:26:10,FALSE,PLOG5,A,TRUE,FALSE,FALSE,nothing,false,,
River Logs,IMG_1089.AVI,Organized_data_Nov_2020\PLOG5\A\nothing, 2021-07-06 12:26:44,FALSE,PLOG5,A,TRUE,FALSE,FALSE,nothing,false,,
River Logs,IMG_1090.AVI,Organized_data_Nov_2020\PLOG5\A\nothing, 2021-07-06 12:27:14,FALSE,PLOG5,A,TRUE,FALSE,FALSE,nothing,false,,
River Logs,IMG_1091.AVI,Organized_data_Nov_2020\PLOG5\A\nothing, 2021-07-06 13:21:46,FALSE,PLOG5,A,TRUE,FALSE,FALSE,nothing,false,,
River Logs,IMG_1092.AVI,Organized_data_Nov_2020\PLOG5\A\nothing, 2021-07-06 13:22:18,FALSE,PLOG5,A,TRUE,FALSE,FALSE,nothing,false,,
River Logs,IMG_1093.AVI,Organized_data_Nov_2020\PLOG5\A\nothing, 2021-07-06 13:44:04,FALSE,PLOG5,A,TRUE,FALSE,FALSE,nothing,false,,
River Logs,IMG_1094.AVI,Organized_data_Nov_2020\PLOG5\A\nothing, 2021-07-06 13:44:48,FALSE,PLOG5,A,TRUE,FALSE,FALSE,nothing,false,,
River Logs,IMG_1095.AVI,Organized_data_Nov_2020\PLOG5\A\nothing, 2021-07-06 13:45:32,FALSE,PLOG5,A,TRUE,FALSE,FALSE,nothing,false,,
River Logs,IMG_1096.AVI,Organized_data_Nov_2020\PLOG5\A\nothing, 2021-07-06 13:47:48,FALSE,PLOG5,A,TRUE,FALSE,FALSE,nothing,false,,
River Logs,IMG_1097.AVI,Organized_data_Nov_2020\PLOG5\A\nothing, 2021-07-06 13:49:30,FALSE,PLOG5,A,TRUE,FALSE,FALSE,nothing,false,,
River Logs,IMG_1098.AVI,Organized_data_Nov_2020\PLOG5\A\nothing, 2021-07-06 13:51:02,FALSE,PLOG5,A,TRUE,FALSE,FALSE,nothing,false,,
River Logs,IMG_1099.AVI,Organized_data_Nov_2020\PLOG5\A\nothing, 2021-07-06 13:51:58,FALSE,PLOG5,A,TRUE,FALSE,FALSE,nothing,false,,
River Logs,IMG_1100.AVI,Organized_data_Nov_2020\PLOG5\A\nothing, 2021-07-06 13:52:38,FALSE,PLOG5,A,TRUE,FALSE,FALSE,nothing,false,,
River Logs,IMG_1101.AVI,Organized_data_Nov_2020\PLOG5\A\nothing, 2021-07-06 13:54:48,FALSE,PLOG5,A,TRUE,FALSE,FALSE,nothing,false,,
River Logs,IMG_1102.AVI,Organized_data_Nov_2020\PLOG5\A\nothing, 2021-07-06 13:55:18,FALSE,PLOG5,A,TRUE,FALSE,FALSE,nothing,false,,
River Logs,IMG_1103.AVI,Organized_data_Nov_2020\PLOG5\A\nothing, 2021-07-06 16:27:26,FALSE,PLOG5,A,TRUE,FALSE,FALSE,nothing,false,,
River Logs,IMG_1104.AVI,Organized_data_Nov_2020\PLOG5\A\nothing, 2021-07-07 11:10:10,FALSE,PLOG5,A,TRUE,FALSE,FALSE,nothing,false,,
River Logs,IMG_1105.AVI,Organized_data_Nov_2020\PLOG5\A\nothing, 2021-07-07 11:11:20,FALSE,PLOG5,A,TRUE,FALSE,FALSE,nothing,false,,
River Logs,IMG_1106.AVI,Organized_data_Nov_2020\PLOG5\A\nothing, 2021-07-07 11:12:04,FALSE,PLOG5,A,TRUE,FALSE,FALSE,nothing,false,,
River Logs,IMG_1107.AVI,Organized_data_Nov_2020\PLOG5\A\on_log\tayra, 2021-07-07 11:56:04,FALSE,PLOG5,A,FALSE,FALSE,TRUE,tayra,true,,
River Logs,IMG_1108.AVI,Organized_data_Nov_2020\PLOG5\A\nothing, 2021-07-08 11:32:30,FALSE,PLOG5,A,TRUE,FALSE,FALSE,nothing,false,,
River Logs,IMG_1109.AVI,Organized_data_Nov_2020\PLOG5\A\nothing, 2021-07-08 16:31:18,FALSE,PLOG5,A,TRUE,FALSE,FALSE,nothing,false,,
River Logs,IMG_1110.AVI,Organized_data_Nov_2020\PLOG5\A\nothing, 2021-07-08 16:39:16,FALSE,PLOG5,A,TRUE,FALSE,FALSE,nothing,false,,
River Logs,IMG_1111.AVI,Organized_data_Nov_2020\PLOG5\A\on_log\coati, 2021-07-09 10:06:58,FALSE,PLOG5,A,FALSE,FALSE,TRUE,coati,true,,
River Logs,IMG_1112.AVI,Organized_data_Nov_2020\PLOG5\A\nothing, 2021-07-09 11:49:04,FALSE,PLOG5,A,TRUE,FALSE,FALSE,nothing,false,,
River Logs,IMG_1113.AVI,Organized_data_Nov_2020\PLOG5\A\nothing, 2021-07-09 11:57:52,FALSE,PLOG5,A,TRUE,FALSE,FALSE,nothing,false,,
River Logs,IMG_1114.AVI,Organized_data_Nov_2020\PLOG5\A\nothing, 2021-07-09 12:17:12,FALSE,PLOG5,A,TRUE,FALSE,FALSE,nothing,false,,
River Logs,IMG_1115.AVI,Organized_data_Nov_2020\PLOG5\A\nothing, 2021-07-09 12:18:22,FALSE,PLOG5,A,TRUE,FALSE,FALSE,nothing,false,,
River Logs,IMG_1116.AVI,Organized_data_Nov_2020\PLOG5\A\nothing, 2021-07-09 12:20:20,FALSE,PLOG5,A,TRUE,FALSE,FALSE,nothing,false,,
River Logs,IMG_1117.AVI,Organized_data_Nov_2020\PLOG5\A\nothing, 2021-07-09 12:22:42,FALSE,PLOG5,A,TRUE,FALSE,FALSE,nothing,false,,
River Logs,IMG_1118.AVI,Organized_data_Nov_2020\PLOG5\A\nothing, 2021-07-09 13:07:08,FALSE,PLOG5,A,TRUE,FALSE,FALSE,nothing,false,,
River Logs,IMG_1119.AVI,Organized_data_Nov_2020\PLOG5\A\on_log\puma, 2021-07-09 14:59:44,FALSE,PLOG5,A,FALSE,FALSE,TRUE,puma,true,,
River Logs,IMG_1120.AVI,Organized_data_Nov_2020\PLOG5\A\nothing, 2021-07-11 09:06:48,FALSE,PLOG5,A,TRUE,FALSE,FALSE,nothing,false,,
River Logs,IMG_1121.AVI,Organized_data_Nov_2020\PLOG5\A\nothing, 2021-07-11 14:48:44,FALSE,PLOG5,A,TRUE,FALSE,FALSE,nothing,false,,
River Logs,IMG_1122.AVI,Organized_data_Nov_2020\PLOG5\A\nothing, 2021-07-12 13:04:50,FALSE,PLOG5,A,TRUE,FALSE,FALSE,nothing,false,,
River Logs,IMG_1123.AVI,Organized_data_Nov_2020\PLOG5\A\nothing, 2021-07-12 13:07:48,FALSE,PLOG5,A,TRUE,FALSE,FALSE,nothing,false,,
River Logs,IMG_1124.AVI,Organized_data_Nov_2020\PLOG5\A\nothing, 2021-07-12 13:11:30,FALSE,PLOG5,A,TRUE,FALSE,FALSE,nothing,false,,
River Logs,IMG_1125.AVI,Organized_data_Nov_2020\PLOG5\A\nothing, 2021-07-12 13:11:58,FALSE,PLOG5,A,TRUE,FALSE,FALSE,nothing,false,,
River Logs,IMG_1126.AVI,Organized_data_Nov_2020\PLOG5\A\nothing, 2021-07-12 13:13:56,FALSE,PLOG5,A,TRUE,FALSE,FALSE,nothing,false,,
River Logs,IMG_1127.AVI,Organized_data_Nov_2020\PLOG5\A\nothing, 2021-07-12 13:19:06,FALSE,PLOG5,A,TRUE,FALSE,FALSE,nothing,false,,
River Logs,IMG_1128.AVI,Organized_data_Nov_2020\PLOG5\A\nothing, 2021-07-12 13:19:58,FALSE,PLOG5,A,TRUE,FALSE,FALSE,nothing,false,,
River Logs,IMG_1129.AVI,Organized_data_Nov_2020\PLOG5\A\nothing, 2021-07-12 13:21:38,FALSE,PLOG5,A,TRUE,FALSE,FALSE,nothing,false,,
River Logs,IMG_1130.AVI,Organized_data_Nov_2020\PLOG5\A\nothing, 2021-07-12 13:23:26,FALSE,PLOG5,A,TRUE,FALSE,FALSE,nothing,false,,
River Logs,IMG_1131.AVI,Organized_data_Nov_2020\PLOG5\A\nothing, 2021-07-12 13:24:06,FALSE,PLOG5,A,TRUE,FALSE,FALSE,nothing,false,,
River Logs,IMG_1132.AVI,Organized_data_Nov_2020\PLOG5\A\nothing, 2021-07-12 13:26:10,FALSE,PLOG5,A,TRUE,FALSE,FALSE,nothing,false,,
River Logs,IMG_1133.AVI,Organized_data_Nov_2020\PLOG5\A\nothing, 2021-07-12 13:26:38,FALSE,PLOG5,A,TRUE,FALSE,FALSE,nothing,false,,
River Logs,IMG_1134.AVI,Organized_data_Nov_2020\PLOG5\A\nothing, 2021-07-12 13:27:26,FALSE,PLOG5,A,TRUE,FALSE,FALSE,nothing,false,,
River Logs,IMG_1135.AVI,Organized_data_Nov_2020\PLOG5\A\nothing, 2021-07-12 13:27:58,FALSE,PLOG5,A,TRUE,FALSE,FALSE,nothing,false,,
River Logs,IMG_1136.AVI,Organized_data_Nov_2020\PLOG5\A\nothing, 2021-07-12 13:28:42,FALSE,PLOG5,A,TRUE,FALSE,FALSE,nothing,false,,
River Logs,IMG_1137.AVI,Organized_data_Nov_2020\PLOG5\A\nothing, 2021-07-12 13:29:10,FALSE,PLOG5,A,TRUE,FALSE,FALSE,nothing,false,,
River Logs,IMG_1138.AVI,Organized_data_Nov_2020\PLOG5\A\nothing, 2021-07-12 13:29:48,FALSE,PLOG5,A,TRUE,FALSE,FALSE,nothing,false,,
River Logs,IMG_1139.AVI,Organized_data_Nov_2020\PLOG5\A\nothing, 2021-07-12 13:31:52,FALSE,PLOG5,A,TRUE,FALSE,FALSE,nothing,false,,
River Logs,IMG_1140.AVI,Organized_data_Nov_2020\PLOG5\A\nothing, 2021-07-12 13:32:18,FALSE,PLOG5,A,TRUE,FALSE,FALSE,nothing,false,,
River Logs,IMG_1141.AVI,Organized_data_Nov_2020\PLOG5\A\nothing, 2021-07-12 13:35:12,FALSE,PLOG5,A,TRUE,FALSE,FALSE,nothing,false,,
River Logs,IMG_1142.AVI,Organized_data_Nov_2020\PLOG5\A\nothing, 2021-07-12 13:36:02,FALSE,PLOG5,A,TRUE,FALSE,FALSE,nothing,false,,
River Logs,IMG_1143.AVI,Organized_data_Nov_2020\PLOG5\A\nothing, 2021-07-12 13:37:06,FALSE,PLOG5,A,TRUE,FALSE,FALSE,nothing,false,,
River Logs,IMG_1144.AVI,Organized_data_Nov_2020\PLOG5\A\nothing, 2021-07-12 13:37:40,FALSE,PLOG5,A,TRUE,FALSE,FALSE,nothing,false,,
River Logs,IMG_1145.AVI,Organized_data_Nov_2020\PLOG5\A\nothing, 2021-07-12 13:38:14,FALSE,PLOG5,A,TRUE,FALSE,FALSE,nothing,false,,
River Logs,IMG_1146.AVI,Organized_data_Nov_2020\PLOG5\A\nothing, 2021-07-12 13:39:16,FALSE,PLOG5,A,TRUE,FALSE,FALSE,nothing,false,,
River Logs,IMG_1147.AVI,Organized_data_Nov_2020\PLOG5\A\nothing, 2021-07-12 13:39:54,FALSE,PLOG5,A,TRUE,FALSE,FALSE,nothing,false,,
River Logs,IMG_1148.AVI,Organized_data_Nov_2020\PLOG5\A\nothing, 2021-07-12 13:40:44,FALSE,PLOG5,A,TRUE,FALSE,FALSE,nothing,false,,
River Logs,IMG_1149.AVI,Organized_data_Nov_2020\PLOG5\A\nothing, 2021-07-12 13:41:32,FALSE,PLOG5,A,TRUE,FALSE,FALSE,nothing,false,,
River Logs,IMG_1150.AVI,Organized_data_Nov_2020\PLOG5\A\nothing, 2021-07-12 13:45:56,FALSE,PLOG5,A,TRUE,FALSE,FALSE,nothing,false,,
River Logs,IMG_1151.AVI,Organized_data_Nov_2020\PLOG5\A\nothing, 2021-07-12 13:46:30,FALSE,PLOG5,A,TRUE,FALSE,FALSE,nothing,false,,
River Logs,IMG_1152.AVI,Organized_data_Nov_2020\PLOG5\A\nothing, 2021-07-12 13:48:58,FALSE,PLOG5,A,TRUE,FALSE,FALSE,nothing,false,,
River Logs,IMG_1153.AVI,Organized_data_Nov_2020\PLOG5\A\nothing, 2021-07-12 13:49:36,FALSE,PLOG5,A,TRUE,FALSE,FALSE,nothing,false,,
River Logs,IMG_1154.AVI,Organized_data_Nov_2020\PLOG5\A\nothing, 2021-07-12 13:54:08,FALSE,PLOG5,A,TRUE,FALSE,FALSE,nothing,false,,
River Logs,IMG_1155.AVI,Organized_data_Nov_2020\PLOG5\A\nothing, 2021-07-12 13:55:00,FALSE,PLOG5,A,TRUE,FALSE,FALSE,nothing,false,,
River Logs,IMG_1156.AVI,Organized_data_Nov_2020\PLOG5\A\nothing, 2021-07-12 13:58:26,FALSE,PLOG5,A,TRUE,FALSE,FALSE,nothing,false,,
River Logs,IMG_1157.AVI,Organized_data_Nov_2020\PLOG5\A\nothing, 2021-07-12 14:02:52,FALSE,PLOG5,A,TRUE,FALSE,FALSE,nothing,false,,
River Logs,IMG_1158.AVI,Organized_data_Nov_2020\PLOG5\A\nothing, 2021-07-12 14:04:06,FALSE,PLOG5,A,TRUE,FALSE,FALSE,nothing,false,,
River Logs,IMG_1159.AVI,Organized_data_Nov_2020\PLOG5\A\nothing, 2021-07-12 14:04:54,FALSE,PLOG5,A,TRUE,FALSE,FALSE,nothing,false,,
River Logs,IMG_1160.AVI,Organized_data_Nov_2020\PLOG5\A\nothing, 2021-07-12 14:07:14,FALSE,PLOG5,A,TRUE,FALSE,FALSE,nothing,false,,
River Logs,IMG_1161.AVI,Organized_data_Nov_2020\PLOG5\A\nothing, 2021-07-12 14:09:06,FALSE,PLOG5,A,TRUE,FALSE,FALSE,nothing,false,,
River Logs,IMG_1162.AVI,Organized_data_Nov_2020\PLOG5\A\nothing, 2021-07-12 14:10:02,FALSE,PLOG5,A,TRUE,FALSE,FALSE,nothing,false,,
River Logs,IMG_1163.AVI,Organized_data_Nov_2020\PLOG5\A\nothing, 2021-07-12 14:10:30,FALSE,PLOG5,A,TRUE,FALSE,FALSE,nothing,false,,
River Logs,IMG_1164.AVI,Organized_data_Nov_2020\PLOG5\A\nothing, 2021-07-12 14:11:46,FALSE,PLOG5,A,TRUE,FALSE,FALSE,nothing,false,,
River Logs,IMG_1165.AVI,Organized_data_Nov_2020\PLOG5\A\nothing, 2021-07-12 14:12:30,FALSE,PLOG5,A,TRUE,FALSE,FALSE,nothing,false,,
River Logs,IMG_1166.AVI,Organized_data_Nov_2020\PLOG5\A\nothing, 2021-07-12 14:13:02,FALSE,PLOG5,A,TRUE,FALSE,FALSE,nothing,false,,
River Logs,IMG_1167.AVI,Organized_data_Nov_2020\PLOG5\A\nothing, 2021-07-12 14:15:48,FALSE,PLOG5,A,TRUE,FALSE,FALSE,nothing,false,,
River Logs,IMG_1168.AVI,Organized_data_Nov_2020\PLOG5\A\on_log\coati, 2021-07-12 17:35:42,FALSE,PLOG5,A,FALSE,FALSE,TRUE,coati,true,,
River Logs,IMG_1169.AVI,Organized_data_Nov_2020\PLOG5\A\nothing, 2021-07-12 17:36:12,FALSE,PLOG5,A,TRUE,FALSE,FALSE,nothing,false,,
River Logs,IMG_1170.AVI,Organized_data_Nov_2020\PLOG5\A\nothing, 2021-07-13 09:18:42,FALSE,PLOG5,A,TRUE,FALSE,FALSE,nothing,false,,
River Logs,IMG_1171.AVI,Organized_data_Nov_2020\PLOG5\A\nothing, 2021-07-14 07:40:54,FALSE,PLOG5,A,TRUE,FALSE,FALSE,nothing,false,,
River Logs,IMG_1172.AVI,Organized_data_Nov_2020\PLOG5\A\nothing, 2021-07-14 15:14:04,FALSE,PLOG5,A,TRUE,FALSE,FALSE,nothing,false,,
River Logs,IMG_1173.AVI,Organized_data_Nov_2020\PLOG5\A\nothing, 2021-07-15 12:45:48,FALSE,PLOG5,A,TRUE,FALSE,FALSE,nothing,false,,
River Logs,IMG_1174.AVI,Organized_data_Nov_2020\PLOG5\A\nothing, 2021-07-15 12:46:28,FALSE,PLOG5,A,TRUE,FALSE,FALSE,nothing,false,,
River Logs,IMG_1175.AVI,Organized_data_Nov_2020\PLOG5\A\nothing, 2021-07-15 12:52:36,FALSE,PLOG5,A,TRUE,FALSE,FALSE,nothing,false,,
River Logs,IMG_1176.AVI,Organized_data_Nov_2020\PLOG5\A\nothing, 2021-07-15 13:01:18,FALSE,PLOG5,A,TRUE,FALSE,FALSE,nothing,false,,
River Logs,IMG_1177.AVI,Organized_data_Nov_2020\PLOG5\A\nothing, 2021-07-15 13:09:14,FALSE,PLOG5,A,TRUE,FALSE,FALSE,nothing,false,,
River Logs,IMG_1178.AVI,Organized_data_Nov_2020\PLOG5\A\nothing, 2021-07-15 13:10:40,FALSE,PLOG5,A,TRUE,FALSE,FALSE,nothing,false,,
River Logs,IMG_1179.AVI,Organized_data_Nov_2020\PLOG5\A\nothing, 2021-07-15 13:11:18,FALSE,PLOG5,A,TRUE,FALSE,FALSE,nothing,false,,
River Logs,IMG_1180.AVI,Organized_data_Nov_2020\PLOG5\A\nothing, 2021-07-15 13:16:16,FALSE,PLOG5,A,TRUE,FALSE,FALSE,nothing,false,,
River Logs,IMG_1181.AVI,Organized_data_Nov_2020\PLOG5\A\nothing, 2021-07-15 13:24:48,FALSE,PLOG5,A,TRUE,FALSE,FALSE,nothing,false,,
River Logs,IMG_1182.AVI,Organized_data_Nov_2020\PLOG5\A\nothing, 2021-07-15 13:28:06,FALSE,PLOG5,A,TRUE,FALSE,FALSE,nothing,false,,
River Logs,IMG_1183.AVI,Organized_data_Nov_2020\PLOG5\A\on_log\tayra, 2021-07-15 14:18:24,FALSE,PLOG5,A,FALSE,FALSE,TRUE,tayra,true,,
River Logs,IMG_1184.AVI,Organized_data_Nov_2020\PLOG5\A\nothing, 2021-07-15 14:18:52,FALSE,PLOG5,A,TRUE,FALSE,FALSE,nothing,false,,
River Logs,IMG_1185.AVI,Organized_data_Nov_2020\PLOG5\A\nothing, 2021-07-15 14:21:04,FALSE,PLOG5,A,TRUE,FALSE,FALSE,nothing,false,,
River Logs,IMG_1186.AVI,Organized_data_Nov_2020\PLOG5\A\nothing, 2021-07-15 14:55:38,FALSE,PLOG5,A,TRUE,FALSE,FALSE,nothing,false,,
River Logs,IMG_1187.AVI,Organized_data_Nov_2020\PLOG5\A\nothing, 2021-07-15 15:13:28,FALSE,PLOG5,A,TRUE,FALSE,FALSE,nothing,false,,
River Logs,IMG_1188.AVI,Organized_data_Nov_2020\PLOG5\A\nothing, 2021-07-15 15:15:06,FALSE,PLOG5,A,TRUE,FALSE,FALSE,nothing,false,,
River Logs,IMG_1189.AVI,Organized_data_Nov_2020\PLOG5\A\nothing, 2021-07-15 15:16:40,FALSE,PLOG5,A,TRUE,FALSE,FALSE,nothing,false,,
River Logs,IMG_1190.AVI,Organized_data_Nov_2020\PLOG5\A\nothing, 2021-07-15 15:24:04,FALSE,PLOG5,A,TRUE,FALSE,FALSE,nothing,false,,
River Logs,IMG_1191.AVI,Organized_data_Nov_2020\PLOG5\A\nothing, 2021-07-15 15:25:10,FALSE,PLOG5,A,TRUE,FALSE,FALSE,nothing,false,,
River Logs,IMG_1192.AVI,Organized_data_Nov_2020\PLOG5\A\nothing, 2021-07-15 15:29:26,FALSE,PLOG5,A,TRUE,FALSE,FALSE,nothing,false,,
River Logs,IMG_1193.AVI,Organized_data_Nov_2020\PLOG5\A\nothing, 2021-07-15 15:36:48,FALSE,PLOG5,A,TRUE,FALSE,FALSE,nothing,false,,
River Logs,IMG_1194.AVI,Organized_data_Nov_2020\PLOG5\A\nothing, 2021-07-15 15:37:44,FALSE,PLOG5,A,TRUE,FALSE,FALSE,nothing,false,,
River Logs,IMG_1195.AVI,Organized_data_Nov_2020\PLOG5\A\nothing, 2021-07-15 15:40:56,FALSE,PLOG5,A,TRUE,FALSE,FALSE,nothing,false,,
River Logs,IMG_1196.AVI,Organized_data_Nov_2020\PLOG5\A\nothing, 2021-07-15 15:42:04,FALSE,PLOG5,A,TRUE,FALSE,FALSE,nothing,false,,
River Logs,IMG_1197.AVI,Organized_data_Nov_2020\PLOG5\A\nothing, 2021-07-15 15:48:56,FALSE,PLOG5,A,TRUE,FALSE,FALSE,nothing,false,,
River Logs,IMG_1198.AVI,Organized_data_Nov_2020\PLOG5\A\nothing, 2021-07-15 15:49:56,FALSE,PLOG5,A,TRUE,FALSE,FALSE,nothing,false,,
River Logs,IMG_1199.AVI,Organized_data_Nov_2020\PLOG5\A\nothing, 2021-07-15 15:55:26,FALSE,PLOG5,A,TRUE,FALSE,FALSE,nothing,false,,
River Logs,IMG_1200.AVI,Organized_data_Nov_2020\PLOG5\A\nothing, 2021-07-15 15:57:04,FALSE,PLOG5,A,TRUE,FALSE,FALSE,nothing,false,,
River Logs,IMG_1201.AVI,Organized_data_Nov_2020\PLOG5\A\nothing, 2021-07-15 16:00:20,FALSE,PLOG5,A,TRUE,FALSE,FALSE,nothing,false,,
River Logs,IMG_1202.AVI,Organized_data_Nov_2020\PLOG5\A\nothing, 2021-07-15 16:03:34,FALSE,PLOG5,A,TRUE,FALSE,FALSE,nothing,false,,
River Logs,IMG_1203.AVI,Organized_data_Nov_2020\PLOG5\A\nothing, 2021-07-15 16:20:52,FALSE,PLOG5,A,TRUE,FALSE,FALSE,nothing,false,,
River Logs,IMG_1204.AVI,Organized_data_Nov_2020\PLOG5\A\nothing, 2021-07-15 16:36:18,FALSE,PLOG5,A,TRUE,FALSE,FALSE,nothing,false,,
River Logs,IMG_1205.AVI,Organized_data_Nov_2020\PLOG5\A\nothing, 2021-07-15 17:04:04,FALSE,PLOG5,A,TRUE,FALSE,FALSE,nothing,false,,
River Logs,IMG_1206.AVI,Organized_data_Nov_2020\PLOG5\A\nothing, 2021-07-16 11:11:34,FALSE,PLOG5,A,TRUE,FALSE,FALSE,nothing,false,,
River Logs,IMG_1207.AVI,Organized_data_Nov_2020\PLOG5\A\setup, 2021-07-16 11:12:36,FALSE,PLOG5,A,FALSE,TRUE,FALSE,setup,false,,
River Logs,EK000002.AVI,Organized_data_Nov_2020\PLOG2\B\nothing, 2022-01-31 10:34:48,true,PLOG2,B,TRUE,FALSE,FALSE,nothing,false,,
River Logs,01010026.AVI,Organized_data_Nov_2020\CLOG3\A\setup, 2022-01-31 10:51:26,true,CLOG3,A,FALSE,false,FALSE,setup,false,,
River Logs,01010027.AVI,Organized_data_Nov_2020\CLOG3\A\setup, 2022-01-31 10:51:26,true,CLOG3,A,FALSE,false,FALSE,setup,false,,
